Student_ID,Age,Gender,Region,City_Tier,Stream_12th,Current_Degree,Academic_Percentage,Current_CGPA,Influencing_Factor,Programming_Skill_1_10,Communication_Skill_1_10,Analytical_Skill_1_10,Creative_Design_Skill_1_10,Programming_Languages,Primary_Interest,Job_Preference,Location_Preference,Preferred_Career
INDYCC00001,23,Male,West,Tier 1,Commerce,BCA,78.3,7.86,Parents,2.9,6.0,9.3,7.5,Python,Healthcare,Private sector,Remote/Hybrid,Healthcare Professional
INDYCC00002,22,Male,East,Tier 2,Arts/Humanities,LLB,74.0,7.18,Parents,1.0,8.3,5.1,5.8,SQL,Healthcare,Self-employed/Freelance,Metro city,Healthcare Professional
INDYCC00003,22,Male,South,Tier 1,Commerce,BCA,83.0,7.9,Parents,5.5,2.5,6.8,3.1,"Python, SQL",Government/Public Service,Government sector,Metro city,Government Officer
INDYCC00004,18,Female,West,Tier 1,Science,B.Pharm,,8.85,Passion/Interest,7.0,6.4,8.2,4.6,,Marketing,Private sector,Hometown,Software Engineer
INDYCC00005,22,Female,Northeast,Tier 3,Commerce,B.Com,83.7,8.39,Social Media,4.6,4.1,6.3,9.8,Python,Technology,Private sector,Remote/Hybrid,Financial Analyst
INDYCC00006,19,Female,South,Tier 1,Arts/Humanities,BJMC/Media,82.4,7.99,Passion/Interest,6.6,5.0,5.3,6.2,SQL,Healthcare,Private sector,Any city in India,Digital Marketer
INDYCC00007,18,Male,South,Tier 2,Science,B.Pharm,88.6,9.01,Parents,9.0,8.4,6.0,4.2,JavaScript,Technology,Private sector,Hometown,Data Scientist
INDYCC00008,18,Female,West,Tier 1,Science,B.Sc.,,5.65,Friends/Peers,6.2,8.0,8.7,5.3,JavaScript,Design & Media,Private sector,Metro city,UI/UX Designer
INDYCC00009,17,Female,East,Tier 1,Arts/Humanities,LLB,65.6,6.31,Friends/Peers,1.9,6.8,6.3,6.6,,Marketing,Self-employed/Freelance,Any city in India,Digital Marketer
INDYCC00010,20,Female,West,Tier 2,Science,BCA,67.3,6.38,Parents,6.6,6.4,7.7,6.9,Java,Healthcare,Private sector,Metro city,Healthcare Professional
INDYCC00011,20,Female,North,Tier 2,Science,B.Sc.,88.7,9.09,Friends/Peers,4.2,4.8,7.0,3.8,SQL,Healthcare,Government sector,Any city in India,Healthcare Professional
INDYCC00012,23,Female,South,Tier 1,Science,BCA,76.0,7.42,Passion/Interest,5.4,6.0,9.9,7.7,Python,Technology,Government sector,Any city in India,Software Engineer
INDYCC00013,20,Male,North,Tier 1,Commerce,BMS,74.2,7.76,Salary/Package,4.7,6.4,4.1,3.7,SQL,Marketing,Startup,Remote/Hybrid,Product Manager
INDYCC00014,21,Female,Northeast,Tier 2,Science,B.Pharm,75.3,7.58,Salary/Package,7.6,5.0,5.5,4.8,,Business & Finance,Private sector,Metro city,Financial Analyst
INDYCC00015,24,Male,Central,Tier 2,Science,B.Pharm,79.1,7.99,Social Media,6.3,7.7,7.2,5.4,"Python, SQL",Design & Media,Government sector,Hometown,Data Scientist
INDYCC00016,23,Female,North,Tier 2,Arts/Humanities,LLB,73.4,6.31,Passion/Interest,3.8,6.1,5.0,6.3,,Technology,Government sector,Hometown,Researcher/Academician
INDYCC00017,23,Male,South,Tier 3,Commerce,BCA,69.1,6.55,Salary/Package,1.8,5.7,6.3,5.5,,Government/Public Service,Private sector,Any city in India,Government Officer
INDYCC00018,21,Female,Central,Tier 3,Commerce,BBA,68.3,7.05,Social Media,6.7,5.4,7.7,4.2,,Business & Finance,Government sector,Remote/Hybrid,Financial Analyst
INDYCC00019,21,Male,Northeast,Tier 2,Science,B.Sc.,72.1,8.0,Parents,5.5,7.8,8.2,6.3,,Business & Finance,Startup,Remote/Hybrid,Financial Analyst
INDYCC00020,20,Male,North,Tier 3,Science,MBBS/Health Sciences,81.3,7.93,Passion/Interest,7.2,6.9,3.8,6.4,SQL,Research/Education,Higher studies,Any city in India,Researcher/Academician
INDYCC00021,20,Male,West,Tier 2,Science,B.Pharm,81.1,7.96,Parents,1.8,8.7,7.3,2.7,Python,Business & Finance,Self-employed/Freelance,Hometown,Software Engineer
INDYCC00022,21,Male,Northeast,Tier 3,Arts/Humanities,B.A.,79.6,8.37,Parents,3.3,7.1,3.7,7.7,Python,Marketing,Self-employed/Freelance,Metro city,UI/UX Designer
INDYCC00023,21,Female,North,Tier 1,Commerce,BCA,77.8,7.74,Parents,4.9,5.0,6.3,5.4,Python,Marketing,Startup,Any city in India,Financial Analyst
INDYCC00024,23,Female,East,Tier 2,Science,MBBS/Health Sciences,71.5,7.44,Friends/Peers,7.8,4.5,8.0,3.6,C++,Government/Public Service,Private sector,Any city in India,Software Engineer
INDYCC00025,17,Male,Central,Tier 2,Commerce,BCA,76.9,7.55,Social Media,4.2,6.6,5.6,5.0,SQL,Design & Media,Government sector,Any city in India,Financial Analyst
INDYCC00026,22,Female,East,Tier 1,Commerce,BBA,61.5,5.63,Social Media,5.4,7.8,3.8,4.7,C++,Business & Finance,Higher studies,Metro city,Product Manager
INDYCC00027,24,Male,North,Tier 1,Science,BCA,76.6,7.55,Passion/Interest,9.1,7.7,9.7,6.4,C++,Technology,Startup,Metro city,Software Engineer
INDYCC00028,19,Male,North,Tier 1,Arts/Humanities,BBA,98.0,9.8,Parents,2.4,8.2,8.1,7.2,SQL,Marketing,Higher studies,Remote/Hybrid,UI/UX Designer
INDYCC00029,18,Male,North,Tier 1,Commerce,CA/Professional Course,69.9,6.49,Friends/Peers,2.9,5.5,8.7,3.3,Python,Healthcare,Private sector,Hometown,Healthcare Professional
INDYCC00030,21,Male,West,Tier 2,Arts/Humanities,BJMC/Media,75.0,7.47,Passion/Interest,4.2,6.4,6.4,5.3,,Government/Public Service,Startup,Hometown,Government Officer
INDYCC00031,20,Female,South,Tier 2,Science,B.Pharm,65.6,7.14,Social Media,6.2,9.5,7.8,10.0,"Python, SQL",Business & Finance,Higher studies,Hometown,Researcher/Academician
INDYCC00032,19,Female,West,Tier 2,Arts/Humanities,B.Des,62.4,6.52,Social Media,5.9,6.4,6.6,4.5,,Technology,Private sector,Any city in India,Data Scientist
INDYCC00033,23,Female,Northeast,Tier 2,Arts/Humanities,B.Des,59.1,5.81,Parents,7.7,7.2,5.5,5.4,JavaScript,Research/Education,Government sector,Any city in India,Researcher/Academician
INDYCC00034,19,Male,North,Tier 3,Science,B.Tech/B.E.,72.3,7.49,Social Media,8.1,6.8,7.2,5.1,,Technology,Private sector,Metro city,Data Scientist
INDYCC00035,20,Female,North,Tier 1,Science,MBBS/Health Sciences,59.6,5.76,Friends/Peers,7.1,4.1,7.3,3.1,Java,Technology,Startup,Hometown,Software Engineer
INDYCC00036,24,Female,North,Tier 2,Science,B.Pharm,56.0,5.86,Parents,6.4,6.9,7.2,5.9,Python,Marketing,Private sector,Hometown,Data Scientist
INDYCC00037,18,Male,North,Tier 1,Commerce,CA/Professional Course,79.3,7.85,Social Media,3.7,6.4,4.8,5.1,SQL,Technology,Government sector,Any city in India,Product Manager
INDYCC00038,24,Male,Northeast,Tier 2,Science,MBBS/Health Sciences,72.9,7.82,Salary/Package,6.2,7.6,7.7,4.8,Java,Research/Education,Government sector,Any city in India,Software Engineer
INDYCC00039,24,Male,East,Tier 1,Arts/Humanities,LLB,72.1,7.03,Passion/Interest,1.0,5.6,5.8,10.0,SQL,Design & Media,Self-employed/Freelance,Metro city,Researcher/Academician
INDYCC00040,19,Female,North,Tier 2,Commerce,B.Com,71.5,7.31,Passion/Interest,5.0,8.0,6.3,6.1,JavaScript,Technology,Higher studies,Any city in India,Government Officer
INDYCC00041,22,Male,West,Tier 3,Arts/Humanities,LLB,80.9,8.08,Passion/Interest,5.9,6.5,5.5,4.4,,Technology,Government sector,Remote/Hybrid,Data Scientist
INDYCC00042,23,Male,North,Tier 1,Arts/Humanities,B.Des,84.9,8.69,Parents,4.2,8.0,5.4,8.6,Python,Marketing,Self-employed/Freelance,Any city in India,UI/UX Designer
INDYCC00043,17,Female,West,Tier 1,Science,B.Pharm,89.1,9.03,Parents,6.7,7.0,6.5,4.2,"Python, SQL",Research/Education,Private sector,Any city in India,Researcher/Academician
INDYCC00044,19,Male,West,Tier 3,Science,B.Pharm,63.8,6.33,Friends/Peers,6.3,6.1,4.4,6.7,C++,Design & Media,Private sector,Any city in India,Software Engineer
INDYCC00045,18,Male,West,Tier 3,Science,B.Pharm,79.4,7.38,Parents,5.5,6.7,10.0,6.3,,Business & Finance,Higher studies,Metro city,Researcher/Academician
INDYCC00046,19,Male,South,Tier 2,Science,B.Tech/B.E.,80.0,7.98,Friends/Peers,4.5,5.3,7.0,4.2,,Business & Finance,Private sector,Hometown,Data Scientist
INDYCC00047,20,Female,Central,Tier 2,Science,B.Pharm,68.0,6.82,Parents,5.4,6.1,8.8,3.8,SQL,Technology,Startup,Metro city,Data Scientist
INDYCC00048,23,Male,North,Tier 2,Science,MBBS/Health Sciences,73.0,7.15,Parents,3.5,4.5,6.1,6.4,,Healthcare,Government sector,Remote/Hybrid,Healthcare Professional
INDYCC00049,21,Male,South,Tier 3,Arts/Humanities,B.Des,75.6,7.39,Parents,2.9,6.1,4.0,6.2,,Research/Education,Self-employed/Freelance,Any city in India,Researcher/Academician
INDYCC00050,18,Male,South,Tier 3,Science,B.Sc.,65.5,6.78,Parents,4.3,5.0,5.8,5.5,Python,Healthcare,Startup,Hometown,Healthcare Professional
INDYCC00051,20,Female,West,Tier 2,Science,B.Sc.,73.0,6.92,Passion/Interest,3.9,5.6,6.8,3.5,,Government/Public Service,Government sector,Remote/Hybrid,Data Scientist
INDYCC00052,23,Male,North,Tier 2,Commerce,BBA,61.9,6.22,Passion/Interest,7.3,7.8,6.3,6.3,Python,Government/Public Service,Higher studies,Remote/Hybrid,Government Officer
INDYCC00053,22,Male,South,Tier 1,Science,B.Pharm,76.1,7.3,Friends/Peers,7.3,6.5,4.8,4.7,C++,Research/Education,Startup,Metro city,Researcher/Academician
INDYCC00054,24,Female,South,Tier 2,Arts/Humanities,BJMC/Media,58.7,5.88,Parents,5.1,5.1,7.2,4.6,"Python, SQL",Technology,Self-employed/Freelance,Any city in India,Data Scientist
INDYCC00055,18,Male,West,Tier 1,Science,B.Tech/B.E.,56.4,5.52,Parents,6.8,7.7,7.2,6.4,"Python, SQL",Technology,Self-employed/Freelance,Any city in India,Data Scientist
INDYCC00056,20,Female,Central,Tier 1,Commerce,BBA,62.3,6.44,Parents,2.9,7.6,6.7,4.1,Python,Government/Public Service,Private sector,Metro city,Government Officer
INDYCC00057,20,Female,North,Tier 1,Science,MBBS/Health Sciences,68.1,7.03,Social Media,3.9,4.3,4.0,3.4,Python,Healthcare,Government sector,Metro city,Healthcare Professional
INDYCC00058,22,Male,South,Tier 1,Science,B.Sc.,70.0,6.89,Salary/Package,5.1,5.1,8.1,6.1,"Python, SQL",Healthcare,Startup,Metro city,Data Scientist
INDYCC00059,21,Female,West,Tier 1,Commerce,BCA,78.6,7.42,Salary/Package,3.0,6.7,5.2,3.9,SQL,Design & Media,Government sector,Any city in India,UI/UX Designer
INDYCC00060,18,Female,South,Tier 2,Arts/Humanities,LLB,77.3,7.71,Parents,1.0,8.0,7.9,6.4,SQL,Marketing,Government sector,Remote/Hybrid,Digital Marketer
INDYCC00061,24,Male,West,Tier 2,Arts/Humanities,B.A.,77.4,7.69,Passion/Interest,2.8,7.4,6.9,8.6,Python,Research/Education,Government sector,Any city in India,Researcher/Academician
INDYCC00062,20,Male,North,Tier 2,Science,B.Tech/B.E.,60.7,6.03,Friends/Peers,7.0,5.3,7.7,8.9,,Design & Media,Private sector,Hometown,Software Engineer
INDYCC00063,23,Female,North,Tier 1,Arts/Humanities,BBA,63.0,6.2,Parents,2.9,6.6,3.7,6.1,Python,Technology,Government sector,Any city in India,Researcher/Academician
INDYCC00064,23,Male,North,Tier 2,Arts/Humanities,B.Des,61.2,6.51,Friends/Peers,5.6,6.3,3.9,8.4,,Design & Media,Government sector,Metro city,UI/UX Designer
INDYCC00065,20,Female,West,Tier 3,Science,MBBS/Health Sciences,69.3,7.27,Friends/Peers,7.0,6.6,5.8,6.0,C++,Research/Education,Private sector,Remote/Hybrid,Researcher/Academician
INDYCC00066,17,Male,North,Tier 1,Commerce,BMS,65.9,6.74,Passion/Interest,6.0,8.2,8.3,5.3,"Python, SQL",Technology,Private sector,Remote/Hybrid,Software Engineer
INDYCC00067,23,Male,Central,Tier 2,Science,B.Sc.,66.5,6.46,Parents,9.3,5.8,5.8,4.5,Python,Design & Media,Startup,Remote/Hybrid,Data Scientist
INDYCC00068,23,Male,East,Tier 3,Commerce,CA/Professional Course,70.8,7.19,Social Media,2.7,6.1,4.6,3.5,,Government/Public Service,Private sector,Hometown,Government Officer
INDYCC00069,23,Female,Northeast,Tier 1,Science,BCA,92.0,8.79,Parents,6.2,5.3,6.8,4.8,SQL,Marketing,Self-employed/Freelance,Hometown,Researcher/Academician
INDYCC00070,17,Female,East,Tier 2,Science,B.Sc.,49.0,5.0,Friends/Peers,3.7,5.4,3.4,4.8,SQL,Business & Finance,Private sector,Any city in India,Digital Marketer
INDYCC00071,19,Female,South,Tier 2,Science,B.Sc.,88.7,8.67,Salary/Package,9.5,5.4,10.0,6.5,,Technology,Startup,Hometown,Data Scientist
INDYCC00072,24,Male,East,Tier 2,Commerce,BMS,82.9,8.28,Social Media,3.0,5.2,7.8,4.6,,Business & Finance,Private sector,Remote/Hybrid,Financial Analyst
INDYCC00073,22,Male,North,Tier 3,Commerce,BMS,72.3,7.87,Passion/Interest,1.8,5.5,6.3,7.3,SQL,Healthcare,Higher studies,Any city in India,Product Manager
INDYCC00074,18,Male,South,Tier 1,Science,B.Sc.,60.4,6.43,Parents,4.1,5.3,8.4,5.3,,Marketing,Startup,Hometown,Software Engineer
INDYCC00075,19,Male,West,Tier 2,Arts/Humanities,B.A.,64.8,7.03,Friends/Peers,3.0,4.8,2.7,7.8,,Marketing,Government sector,Metro city,UI/UX Designer
INDYCC00076,23,Female,North,Tier 3,Science,B.Tech/B.E.,59.2,6.34,Salary/Package,4.7,5.4,8.4,1.7,,Healthcare,Government sector,Metro city,Software Engineer
INDYCC00077,20,Female,West,Tier 1,Science,BCA,45.8,5.0,Parents,5.5,8.5,4.0,5.6,C++,Technology,Government sector,Remote/Hybrid,Software Engineer
INDYCC00078,24,Male,West,Tier 2,Commerce,BBA,64.2,6.25,Social Media,6.5,7.3,5.8,5.2,JavaScript,Marketing,Private sector,Metro city,Product Manager
INDYCC00079,22,Male,North,Tier 2,Science,MBBS/Health Sciences,87.3,9.02,Salary/Package,9.5,5.6,7.5,4.9,Python,Technology,Private sector,Hometown,Software Engineer
INDYCC00080,18,Female,West,Tier 3,Commerce,BMS,49.9,5.0,Friends/Peers,2.1,4.8,8.8,3.5,,Marketing,Government sector,Metro city,Financial Analyst
INDYCC00081,22,Female,North,Tier 3,Arts/Humanities,LLB,76.2,7.67,Parents,1.0,4.1,2.6,8.0,Python,Research/Education,Private sector,Metro city,Researcher/Academician
INDYCC00082,17,Male,West,Tier 1,Science,BCA,61.0,6.16,Social Media,8.3,9.3,8.7,5.4,,Healthcare,Government sector,Remote/Hybrid,Healthcare Professional
INDYCC00083,21,Female,North,Tier 3,Arts/Humanities,LLB,79.0,7.91,Parents,2.2,7.4,2.8,8.7,Python,Healthcare,Private sector,Metro city,UI/UX Designer
INDYCC00084,23,Male,Northeast,Tier 1,Science,B.Tech/B.E.,65.4,6.56,Passion/Interest,5.5,6.3,6.5,5.3,Python,Marketing,Government sector,Hometown,Data Scientist
INDYCC00085,24,Male,Central,Tier 2,Science,B.Pharm,85.7,8.64,Parents,6.6,7.7,5.6,7.1,SQL,Technology,Self-employed/Freelance,Metro city,Data Scientist
INDYCC00086,20,Male,West,Tier 2,Science,MBBS/Health Sciences,47.3,5.0,Salary/Package,5.2,7.3,5.7,7.0,C++,Research/Education,Government sector,Hometown,Software Engineer
INDYCC00087,17,Male,East,Tier 1,Science,B.Sc.,68.0,6.95,Parents,6.5,5.3,5.6,5.2,SQL,Design & Media,Private sector,Any city in India,UI/UX Designer
INDYCC00088,20,Male,North,Tier 3,Arts/Humanities,BJMC/Media,74.6,7.81,Salary/Package,1.9,6.9,3.7,9.5,Python,Healthcare,Government sector,Metro city,Healthcare Professional
INDYCC00089,19,Male,Northeast,Tier 3,Science,B.Tech/B.E.,75.3,7.74,Passion/Interest,5.2,5.3,6.4,6.8,JavaScript,Technology,Self-employed/Freelance,Remote/Hybrid,Software Engineer
INDYCC00090,21,Male,West,Tier 2,Science,B.Pharm,68.0,6.89,Passion/Interest,5.1,5.0,6.2,6.6,C++,Technology,Private sector,Metro city,Data Scientist
INDYCC00091,18,Male,Northeast,Tier 2,Commerce,BMS,68.1,6.97,Parents,5.2,7.4,5.4,4.2,SQL,Business & Finance,Government sector,Any city in India,Financial Analyst
INDYCC00092,19,Female,East,Tier 2,Commerce,BCA,72.9,7.28,Salary/Package,5.7,5.5,4.1,3.8,C++,Marketing,Private sector,Metro city,Financial Analyst
INDYCC00093,21,Male,West,Tier 2,Commerce,B.Com,59.3,5.68,Parents,7.2,5.7,6.9,3.5,C++,Design & Media,Higher studies,Any city in India,Data Scientist
INDYCC00094,17,Female,West,Tier 3,Commerce,BCA,65.9,6.38,Parents,3.4,5.5,6.4,5.5,SQL,Business & Finance,Private sector,Metro city,Financial Analyst
INDYCC00095,20,Female,West,Tier 2,Commerce,CA/Professional Course,50.8,5.0,Friends/Peers,3.5,6.0,10.0,3.3,Python,Business & Finance,Higher studies,Hometown,Financial Analyst
INDYCC00096,19,Female,South,Tier 2,Science,B.Sc.,76.0,7.31,Parents,7.9,5.7,6.6,4.0,"Python, SQL",Business & Finance,Government sector,Any city in India,Data Scientist
INDYCC00097,22,Female,West,Tier 1,Commerce,B.Com,,7.64,Social Media,6.8,6.6,4.2,6.0,C++,Research/Education,Private sector,Metro city,Financial Analyst
INDYCC00098,19,Female,West,Tier 1,Science,B.Tech/B.E.,67.0,6.98,Passion/Interest,8.0,6.3,7.6,5.7,Java,Business & Finance,Private sector,Remote/Hybrid,Data Scientist
INDYCC00099,24,Male,North,Tier 1,Arts/Humanities,LLB,84.8,8.68,Parents,4.5,6.1,3.8,9.4,SQL,Marketing,Self-employed/Freelance,Hometown,UI/UX Designer
INDYCC00100,20,Male,North,Tier 1,Arts/Humanities,LLB,80.8,8.29,Parents,2.1,6.6,7.3,7.4,SQL,Marketing,Private sector,Hometown,Digital Marketer
INDYCC00101,18,Female,South,Tier 3,Science,B.Pharm,55.5,5.17,Social Media,6.6,4.4,5.8,3.8,Java,Government/Public Service,Private sector,Metro city,Government Officer
INDYCC00102,21,Male,Northeast,Tier 2,Science,B.Tech/B.E.,61.1,6.25,Parents,5.3,7.0,9.2,3.8,,Business & Finance,Private sector,Any city in India,Digital Marketer
INDYCC00103,24,Male,North,Tier 3,Commerce,BCA,72.3,7.32,Parents,4.4,7.1,5.2,9.2,Python,Marketing,Startup,Hometown,Government Officer
INDYCC00104,20,Male,North,Tier 1,Science,MBBS/Health Sciences,57.1,5.99,Salary/Package,9.1,4.5,3.7,8.1,Java,Government/Public Service,Government sector,Hometown,Data Scientist
INDYCC00105,24,Male,West,Tier 1,Commerce,BBA,85.5,8.6,Social Media,5.1,8.2,9.2,4.3,C++,Design & Media,Self-employed/Freelance,Any city in India,Government Officer
INDYCC00106,17,Male,Central,Tier 3,Science,BCA,87.2,8.94,Parents,6.9,4.8,6.2,5.8,JavaScript,Healthcare,Private sector,Hometown,Software Engineer
INDYCC00107,22,Female,East,Tier 2,Commerce,BCA,78.4,7.69,Passion/Interest,5.4,5.4,8.7,6.8,,Research/Education,Government sector,Remote/Hybrid,Financial Analyst
INDYCC00108,21,Female,North,Tier 2,Science,MBBS/Health Sciences,93.8,9.25,Salary/Package,8.3,10.0,4.3,7.2,JavaScript,Business & Finance,Government sector,Remote/Hybrid,Healthcare Professional
INDYCC00109,21,Female,East,Tier 1,Commerce,BBA,53.1,5.71,Friends/Peers,3.2,7.7,7.3,5.9,Python,Technology,Private sector,Any city in India,Data Scientist
INDYCC00110,17,Male,East,Tier 3,Science,B.Pharm,74.5,7.46,Parents,7.5,7.4,7.3,6.2,,Design & Media,Self-employed/Freelance,Any city in India,Software Engineer
INDYCC00111,20,Male,North,Tier 2,Science,B.Sc.,53.9,5.64,Salary/Package,7.4,4.7,10.0,4.7,Python,Design & Media,Startup,Any city in India,Data Scientist
INDYCC00112,22,Female,South,Tier 2,Arts/Humanities,BJMC/Media,83.7,7.75,Parents,2.7,4.4,5.5,6.1,SQL,Business & Finance,Private sector,Any city in India,Financial Analyst
INDYCC00113,22,Male,South,Tier 2,Science,B.Pharm,76.7,7.85,Friends/Peers,6.3,7.1,7.5,5.6,Python,Healthcare,Private sector,Any city in India,Healthcare Professional
INDYCC00114,23,Male,Northeast,Tier 1,Science,B.Tech/B.E.,92.1,9.03,Social Media,3.1,5.4,5.1,4.7,,Technology,Startup,Metro city,Software Engineer
INDYCC00115,21,Male,West,Tier 2,Science,MBBS/Health Sciences,74.5,6.92,Social Media,7.3,5.4,6.8,4.7,"Python, SQL",Business & Finance,Self-employed/Freelance,Remote/Hybrid,Data Scientist
INDYCC00116,23,Female,North,Tier 1,Arts/Humanities,B.Des,69.3,6.78,Friends/Peers,4.1,7.0,4.0,7.7,Python,Research/Education,Private sector,Metro city,Researcher/Academician
INDYCC00117,20,Male,Northeast,Tier 3,Commerce,B.Com,73.9,7.74,Passion/Interest,4.8,9.5,4.4,8.7,,Design & Media,Private sector,Hometown,Digital Marketer
INDYCC00118,24,Male,East,Tier 2,Science,MBBS/Health Sciences,81.7,8.3,Parents,9.3,4.8,7.2,6.6,JavaScript,Design & Media,Self-employed/Freelance,Any city in India,Data Scientist
INDYCC00119,22,Male,Central,Tier 3,Science,B.Tech/B.E.,77.4,7.87,Parents,7.4,5.6,8.5,5.7,,Technology,Private sector,Metro city,Software Engineer
INDYCC00120,20,Female,North,Tier 1,Arts/Humanities,B.Des,59.9,6.08,Parents,3.2,10.0,6.1,10.0,SQL,Marketing,Higher studies,Hometown,Digital Marketer
INDYCC00121,20,Male,West,Tier 2,Commerce,B.Com,86.4,8.65,Social Media,3.3,5.8,8.0,6.4,,Research/Education,Startup,Metro city,Researcher/Academician
INDYCC00122,18,Female,North,Tier 3,Commerce,CA/Professional Course,74.6,7.15,Social Media,5.3,5.7,4.7,6.9,JavaScript,Government/Public Service,Higher studies,Metro city,Government Officer
INDYCC00123,18,Male,South,Tier 1,Commerce,B.Com,68.5,7.23,Salary/Package,7.3,6.3,6.6,6.2,JavaScript,Healthcare,Startup,Metro city,Healthcare Professional
INDYCC00124,24,Male,North,Tier 2,Science,BCA,82.0,8.35,Friends/Peers,9.8,6.3,7.4,4.4,,Business & Finance,Government sector,Any city in India,Data Scientist
INDYCC00125,18,Male,North,Tier 2,Commerce,BMS,49.6,5.4,Passion/Interest,5.1,6.0,4.6,4.9,Python,Government/Public Service,Higher studies,Any city in India,Government Officer
INDYCC00126,22,Female,West,Tier 3,Commerce,BMS,77.5,7.97,Parents,4.3,5.6,6.5,4.5,,Design & Media,Private sector,Metro city,UI/UX Designer
INDYCC00127,20,Male,West,Tier 2,Science,B.Sc.,45.0,5.0,Social Media,7.6,6.1,6.1,5.2,JavaScript,Marketing,Private sector,Any city in India,Data Scientist
INDYCC00128,23,Male,Central,Tier 3,Science,BCA,76.1,7.47,Parents,4.1,9.6,7.7,2.3,Python,Design & Media,Private sector,Any city in India,Digital Marketer
INDYCC00129,20,Female,Northeast,Tier 1,Science,B.Sc.,88.3,8.39,Parents,3.7,3.2,10.0,2.3,,Government/Public Service,Private sector,Remote/Hybrid,Software Engineer
INDYCC00130,24,Male,West,Tier 2,Arts/Humanities,B.Des,76.4,7.32,Parents,2.5,7.6,6.2,9.1,Python,Marketing,Private sector,Metro city,Digital Marketer
INDYCC00131,19,Male,South,Tier 2,Science,BCA,74.4,7.28,Passion/Interest,5.5,5.6,5.4,4.0,SQL,Technology,Private sector,Remote/Hybrid,Software Engineer
INDYCC00132,23,Female,South,Tier 1,Science,BCA,73.8,6.77,Passion/Interest,3.9,4.9,6.6,5.0,Python,Technology,Self-employed/Freelance,Remote/Hybrid,Software Engineer
INDYCC00133,19,Male,West,Tier 1,Science,MBBS/Health Sciences,80.9,,Parents,8.7,7.0,7.0,8.9,SQL,Marketing,Government sector,Metro city,Data Scientist
INDYCC00134,22,Female,West,Tier 2,Commerce,BBA,67.8,6.77,Passion/Interest,5.8,4.1,5.3,7.5,JavaScript,Technology,Private sector,Any city in India,Product Manager
INDYCC00135,24,Male,South,Tier 2,Science,MBBS/Health Sciences,69.6,7.17,Parents,6.2,7.1,6.9,5.1,,Marketing,Startup,Remote/Hybrid,Financial Analyst
INDYCC00136,20,Male,North,Tier 2,Science,B.Pharm,80.5,7.8,Social Media,6.0,6.7,6.3,4.2,Python,Government/Public Service,Startup,Remote/Hybrid,Software Engineer
INDYCC00137,22,Male,North,Tier 2,Commerce,BBA,69.4,,Friends/Peers,4.1,3.4,6.7,8.7,SQL,Healthcare,Private sector,Any city in India,Healthcare Professional
INDYCC00138,17,Female,North,Tier 2,Science,B.Sc.,78.4,7.84,Friends/Peers,5.2,7.4,8.4,5.9,,Business & Finance,Private sector,Metro city,Product Manager
INDYCC00139,20,Female,North,Tier 3,Arts/Humanities,BBA,76.0,7.51,Friends/Peers,1.1,7.5,4.0,8.0,Python,Government/Public Service,Startup,Hometown,Government Officer
INDYCC00140,22,Female,Central,Tier 3,Arts/Humanities,LLB,96.5,9.75,Social Media,4.1,8.8,6.7,3.6,SQL,Marketing,Startup,Hometown,Digital Marketer
INDYCC00141,20,Female,North,Tier 2,Science,B.Tech/B.E.,74.8,7.48,Passion/Interest,6.1,4.8,9.6,3.8,SQL,Business & Finance,Private sector,Hometown,Financial Analyst
INDYCC00142,22,Female,East,Tier 1,Science,B.Tech/B.E.,67.6,6.96,Passion/Interest,2.3,9.1,7.8,3.5,SQL,Design & Media,Higher studies,Any city in India,Software Engineer
INDYCC00143,18,Male,South,Tier 2,Science,MBBS/Health Sciences,69.6,6.75,Parents,2.8,6.3,6.1,2.7,Python,Government/Public Service,Private sector,Hometown,Government Officer
INDYCC00144,20,Female,West,Tier 2,Science,MBBS/Health Sciences,66.6,6.62,Parents,7.1,7.1,6.7,5.6,SQL,Business & Finance,Higher studies,Hometown,Data Scientist
INDYCC00145,18,Male,East,Tier 1,Commerce,BCA,67.3,6.63,Parents,3.4,5.3,4.6,4.3,,Technology,Government sector,Metro city,Product Manager
INDYCC00146,24,Female,Central,Tier 3,Arts/Humanities,B.Des,97.1,9.78,Social Media,5.1,6.2,6.2,5.0,JavaScript,Technology,Self-employed/Freelance,Remote/Hybrid,Software Engineer
INDYCC00147,23,Male,West,Tier 2,Science,BCA,73.3,7.28,Salary/Package,8.9,6.5,5.2,5.6,,Healthcare,Startup,Metro city,Software Engineer
INDYCC00148,23,Female,Northeast,Tier 1,Science,MBBS/Health Sciences,75.0,7.34,Parents,5.0,6.0,6.1,4.6,Java,Government/Public Service,Startup,Hometown,Government Officer
INDYCC00149,22,Female,South,Tier 1,Science,B.Tech/B.E.,83.2,8.28,Parents,8.0,7.2,5.7,3.8,C++,Design & Media,Private sector,Any city in India,Software Engineer
INDYCC00150,18,Female,East,Tier 2,Science,BCA,45.8,5.0,Parents,6.5,7.1,6.0,9.4,"Python, SQL",Design & Media,Government sector,Remote/Hybrid,UI/UX Designer
INDYCC00151,18,Male,East,Tier 2,Science,B.Pharm,66.6,6.11,Passion/Interest,7.1,4.9,6.7,8.4,C++,Business & Finance,Private sector,Hometown,Financial Analyst
INDYCC00152,21,Female,East,Tier 2,Commerce,BCA,74.3,7.38,Salary/Package,2.2,5.2,4.6,6.1,SQL,Technology,Government sector,Metro city,Software Engineer
INDYCC00153,22,Female,West,Tier 2,Science,BCA,76.3,7.82,Friends/Peers,6.5,7.4,5.1,6.0,JavaScript,Technology,Higher studies,Remote/Hybrid,Software Engineer
INDYCC00154,18,Male,South,Tier 3,Arts/Humanities,BJMC/Media,68.0,6.44,Parents,2.1,9.7,5.1,8.4,SQL,Healthcare,Self-employed/Freelance,Metro city,UI/UX Designer
INDYCC00155,21,Female,North,Tier 2,Commerce,BMS,61.4,6.41,Friends/Peers,2.5,5.0,7.0,6.8,,Technology,Startup,Any city in India,Software Engineer
INDYCC00156,24,Female,North,Tier 2,Arts/Humanities,B.A.,67.7,6.74,Passion/Interest,1.9,6.3,5.8,4.2,,Technology,Higher studies,Remote/Hybrid,Digital Marketer
INDYCC00157,20,Male,West,Tier 1,Science,B.Tech/B.E.,75.3,7.75,Parents,6.3,6.4,6.4,6.3,JavaScript,Technology,Government sector,Remote/Hybrid,Software Engineer
INDYCC00158,19,Female,North,Tier 2,Commerce,BCA,70.4,6.79,Salary/Package,7.5,4.4,2.5,7.0,Python,Technology,Startup,Hometown,Product Manager
INDYCC00159,18,Female,East,Tier 1,Science,B.Pharm,72.0,7.23,Parents,9.5,6.2,6.5,4.2,SQL,Government/Public Service,Higher studies,Metro city,Software Engineer
INDYCC00160,23,Male,Central,Tier 3,Arts/Humanities,BBA,79.5,7.82,Passion/Interest,4.8,6.6,5.7,8.1,Python,Government/Public Service,Self-employed/Freelance,Remote/Hybrid,Digital Marketer
INDYCC00161,17,Female,West,Tier 1,Commerce,BBA,85.2,8.71,Parents,3.0,2.9,5.6,5.1,SQL,Business & Finance,Startup,Metro city,Financial Analyst
INDYCC00162,19,Female,South,Tier 2,Arts/Humanities,B.Des,95.1,9.53,Friends/Peers,3.5,7.1,4.1,8.0,SQL,Business & Finance,Private sector,Any city in India,Digital Marketer
INDYCC00163,21,Male,West,Tier 2,Arts/Humanities,B.A.,58.6,5.96,Social Media,4.7,9.2,7.0,6.1,SQL,Technology,Private sector,Metro city,Software Engineer
INDYCC00164,22,Male,West,Tier 1,Commerce,BCA,85.2,8.42,Parents,6.0,6.3,5.1,5.7,JavaScript,Healthcare,Private sector,Hometown,Healthcare Professional
INDYCC00165,21,Female,South,Tier 2,Science,B.Sc.,64.5,6.08,Friends/Peers,6.5,4.5,7.1,5.0,JavaScript,Business & Finance,Startup,Remote/Hybrid,Product Manager
INDYCC00166,24,Female,Central,Tier 1,Arts/Humanities,BJMC/Media,77.3,8.08,Passion/Interest,4.4,10.0,3.0,4.7,SQL,Business & Finance,Government sector,Hometown,Digital Marketer
INDYCC00167,24,Male,West,Tier 2,Science,BCA,73.4,6.93,Parents,7.2,3.2,6.1,5.7,Java,Government/Public Service,Government sector,Metro city,Data Scientist
INDYCC00168,19,Female,South,Tier 2,Science,B.Tech/B.E.,74.1,7.51,Friends/Peers,5.3,7.1,8.7,5.8,Python,Government/Public Service,Private sector,Metro city,Software Engineer
INDYCC00169,18,Male,Central,Tier 3,Science,B.Pharm,75.8,8.01,Friends/Peers,7.5,4.7,5.8,4.7,"Python, SQL",Technology,Private sector,Remote/Hybrid,Data Scientist
INDYCC00170,19,Male,South,Tier 1,Science,B.Tech/B.E.,54.6,5.34,Passion/Interest,6.4,7.0,9.9,5.3,JavaScript,Design & Media,Self-employed/Freelance,Hometown,UI/UX Designer
INDYCC00171,18,Female,South,Tier 2,Commerce,B.Com,67.4,6.77,Parents,5.6,7.6,4.5,7.2,JavaScript,Marketing,Government sector,Hometown,Product Manager
INDYCC00172,17,Male,Central,Tier 1,Science,MBBS/Health Sciences,64.9,6.45,Parents,5.7,5.6,5.0,7.2,C++,Marketing,Private sector,Any city in India,Software Engineer
INDYCC00173,17,Male,West,Tier 2,Science,MBBS/Health Sciences,56.5,5.81,Parents,4.7,7.4,6.3,5.2,Python,Technology,Startup,Remote/Hybrid,Software Engineer
INDYCC00174,20,Male,West,Tier 1,Commerce,BCA,78.6,7.31,Parents,4.5,5.9,4.7,8.8,,Government/Public Service,Higher studies,Remote/Hybrid,Government Officer
INDYCC00175,23,Male,Central,Tier 1,Arts/Humanities,BBA,69.4,6.64,Parents,2.3,5.8,3.8,3.6,,Technology,Startup,Metro city,Product Manager
INDYCC00176,22,Male,South,Tier 3,Science,B.Tech/B.E.,70.1,7.03,Parents,8.3,6.5,5.1,7.3,C++,Business & Finance,Government sector,Remote/Hybrid,Data Scientist
INDYCC00177,19,Female,North,Tier 2,Science,B.Tech/B.E.,73.0,7.06,Social Media,6.1,4.0,6.0,5.6,Java,Research/Education,Private sector,Remote/Hybrid,Researcher/Academician
INDYCC00178,24,Female,West,Tier 2,Arts/Humanities,LLB,74.2,7.06,Passion/Interest,3.7,7.6,3.6,3.6,,Government/Public Service,Self-employed/Freelance,Remote/Hybrid,Government Officer
INDYCC00179,17,Male,Central,Tier 2,Science,B.Sc.,81.9,8.23,Social Media,6.3,5.8,7.9,4.5,"Python, SQL",Business & Finance,Private sector,Metro city,Software Engineer
INDYCC00180,19,Male,Northeast,Tier 1,Science,BCA,89.9,9.11,Salary/Package,2.7,3.6,7.7,4.5,,Technology,Government sector,Metro city,Software Engineer
INDYCC00181,23,Male,West,Tier 3,Arts/Humanities,BJMC/Media,70.7,7.39,Salary/Package,2.1,3.7,5.8,7.6,Python,Technology,Government sector,Any city in India,UI/UX Designer
INDYCC00182,20,Female,West,Tier 1,Commerce,BBA,,7.09,Parents,4.5,6.5,8.0,6.8,Python,Healthcare,Private sector,Metro city,Healthcare Professional
INDYCC00183,21,Male,North,Tier 1,Commerce,B.Com,88.7,9.13,Friends/Peers,4.8,7.3,10.0,9.4,Python,Healthcare,Government sector,Any city in India,Healthcare Professional
INDYCC00184,23,Female,Northeast,Tier 1,Science,MBBS/Health Sciences,98.0,9.56,Social Media,5.6,3.9,7.6,4.6,"Python, SQL",Technology,Private sector,Metro city,Software Engineer
INDYCC00185,19,Female,South,Tier 2,Science,B.Tech/B.E.,79.7,8.05,Parents,6.8,5.1,7.5,4.7,C++,Technology,Private sector,Remote/Hybrid,Software Engineer
INDYCC00186,21,Male,South,Tier 2,Science,B.Tech/B.E.,56.5,5.69,,6.5,5.6,10.0,7.4,"Python, SQL",Design & Media,Startup,Any city in India,UI/UX Designer
INDYCC00187,17,Female,North,Tier 1,Science,B.Pharm,71.5,7.19,Social Media,6.3,2.1,7.1,5.2,Java,Technology,Government sector,Remote/Hybrid,Data Scientist
INDYCC00188,22,Male,North,Tier 2,Science,MBBS/Health Sciences,79.1,8.4,Salary/Package,3.8,6.3,7.1,9.5,Python,Technology,Private sector,Hometown,Software Engineer
INDYCC00189,24,Male,South,Tier 3,Commerce,CA/Professional Course,58.2,5.99,Parents,6.3,5.6,8.4,2.1,SQL,Government/Public Service,Private sector,Hometown,Government Officer
INDYCC00190,18,Female,West,Tier 3,Arts/Humanities,BJMC/Media,45.0,5.0,Friends/Peers,6.1,9.8,6.0,10.0,Java,Business & Finance,Higher studies,Remote/Hybrid,UI/UX Designer
INDYCC00191,20,Male,Northeast,Tier 2,Science,BCA,86.3,9.17,Parents,6.5,5.3,6.2,5.3,SQL,Business & Finance,Government sector,Remote/Hybrid,Financial Analyst
INDYCC00192,21,Female,South,Tier 1,Arts/Humanities,B.Des,72.6,7.37,Passion/Interest,2.9,7.4,4.4,7.9,Python,Business & Finance,Private sector,Hometown,Digital Marketer
INDYCC00193,23,Male,North,Tier 3,Science,B.Tech/B.E.,63.0,6.49,Friends/Peers,6.8,8.6,5.4,2.0,,Government/Public Service,Private sector,Remote/Hybrid,Software Engineer
INDYCC00194,17,Male,South,Tier 1,Science,B.Tech/B.E.,72.9,7.12,Social Media,5.6,5.2,5.3,5.2,SQL,Government/Public Service,Private sector,Hometown,Healthcare Professional
INDYCC00195,20,Female,North,Tier 2,Science,BCA,90.4,8.85,Social Media,3.3,6.0,8.0,7.4,SQL,Business & Finance,Government sector,Hometown,Software Engineer
INDYCC00196,20,Female,North,Tier 1,Science,B.Sc.,78.0,8.1,Friends/Peers,7.8,6.4,5.7,7.8,SQL,Business & Finance,Government sector,Remote/Hybrid,Data Scientist
INDYCC00197,20,Male,South,Tier 1,Science,B.Sc.,63.8,6.25,Passion/Interest,3.8,3.9,5.8,6.4,Python,Healthcare,Private sector,Remote/Hybrid,Healthcare Professional
INDYCC00198,20,Female,Northeast,Tier 2,Science,B.Sc.,73.0,7.06,Friends/Peers,3.7,5.6,6.7,6.0,SQL,Design & Media,Private sector,Metro city,UI/UX Designer
INDYCC00199,20,Female,South,Tier 2,Science,B.Pharm,70.3,6.96,Friends/Peers,8.7,5.4,7.5,3.9,Python,Research/Education,Private sector,Remote/Hybrid,Researcher/Academician
INDYCC00200,17,Female,South,Tier 1,Commerce,BBA,71.6,7.4,Salary/Package,1.9,6.9,5.5,5.6,SQL,Design & Media,Self-employed/Freelance,Any city in India,UI/UX Designer
INDYCC00201,24,Female,North,Tier 3,Commerce,BMS,79.3,7.98,Social Media,2.6,6.0,7.0,6.1,Python,Business & Finance,Higher studies,Hometown,Financial Analyst
INDYCC00202,20,Female,North,Tier 1,Science,B.Pharm,74.6,7.27,Social Media,4.5,5.6,7.3,4.8,Python,Research/Education,Startup,Hometown,Researcher/Academician
INDYCC00203,20,Female,Northeast,Tier 2,Science,B.Sc.,74.3,7.42,Parents,4.8,7.9,7.0,3.3,SQL,Technology,Private sector,Remote/Hybrid,Software Engineer
INDYCC00204,22,Male,Central,Tier 3,Commerce,BBA,45.0,5.0,Salary/Package,4.3,6.7,8.3,2.9,SQL,Healthcare,Private sector,Metro city,Financial Analyst
INDYCC00205,17,Female,South,Tier 3,Science,BCA,69.9,7.26,Social Media,8.8,6.1,6.6,5.7,JavaScript,Government/Public Service,Higher studies,Hometown,Software Engineer
INDYCC00206,22,Female,North,Tier 1,Commerce,CA/Professional Course,59.4,6.02,Passion/Interest,2.4,6.1,7.7,3.9,Python,Research/Education,Private sector,Any city in India,Product Manager
INDYCC00207,22,Male,North,Tier 2,Science,B.Pharm,91.6,9.46,Salary/Package,6.0,6.2,8.3,4.8,SQL,Healthcare,Government sector,Metro city,Healthcare Professional
INDYCC00208,18,Non-binary/Prefer not to say,South,Tier 2,Science,B.Tech/B.E.,74.5,7.33,,7.8,7.2,7.8,5.5,Python,Technology,Private sector,Remote/Hybrid,Software Engineer
INDYCC00209,19,Male,Central,Tier 1,Commerce,BMS,69.6,7.23,Parents,5.3,6.0,8.5,7.0,Java,Research/Education,Government sector,Metro city,Financial Analyst
INDYCC00210,19,Male,North,Tier 2,Science,B.Pharm,72.3,6.83,Friends/Peers,6.3,4.5,8.6,5.5,C++,Technology,Private sector,Metro city,Software Engineer
INDYCC00211,22,Female,West,Tier 1,Commerce,BBA,67.0,6.84,Parents,3.2,4.9,6.9,5.1,,Government/Public Service,Private sector,Metro city,Government Officer
INDYCC00212,19,Male,Central,Tier 1,Commerce,CA/Professional Course,60.7,5.86,Salary/Package,4.4,6.7,7.9,5.5,Python,Technology,Higher studies,Any city in India,Product Manager
INDYCC00213,19,Male,East,Tier 1,Science,MBBS/Health Sciences,69.3,6.6,Friends/Peers,9.9,7.6,7.5,4.4,SQL,Technology,Private sector,Any city in India,Data Scientist
INDYCC00214,17,Female,East,Tier 3,Science,B.Sc.,78.3,7.56,Parents,6.9,5.2,8.3,9.2,"Python, SQL",Business & Finance,Government sector,Hometown,Data Scientist
INDYCC00215,20,Female,East,Tier 1,Science,B.Tech/B.E.,70.8,6.8,Passion/Interest,7.9,6.3,6.6,5.9,"Python, SQL",Business & Finance,Self-employed/Freelance,Metro city,Data Scientist
INDYCC00216,19,Male,North,Tier 2,Arts/Humanities,B.Des,78.1,7.77,Friends/Peers,6.0,7.1,6.6,7.8,Python,Technology,Startup,Remote/Hybrid,UI/UX Designer
INDYCC00217,23,Male,West,Tier 1,Arts/Humanities,BJMC/Media,81.1,7.85,Parents,4.6,7.9,6.9,8.2,,Marketing,Startup,Metro city,UI/UX Designer
INDYCC00218,24,Female,North,Tier 3,Science,B.Pharm,90.3,9.17,Salary/Package,6.8,6.2,9.7,6.0,"Python, SQL",Technology,Self-employed/Freelance,Any city in India,Software Engineer
INDYCC00219,22,Female,Central,Tier 3,Arts/Humanities,LLB,77.9,7.3,Passion/Interest,4.1,6.7,5.0,6.8,Python,Business & Finance,Startup,Metro city,UI/UX Designer
INDYCC00220,19,Female,Central,Tier 1,Commerce,BBA,68.0,6.83,Parents,4.5,4.6,5.3,3.5,,Marketing,Private sector,Remote/Hybrid,Government Officer
INDYCC00221,18,Male,South,Tier 2,Arts/Humanities,B.Des,71.7,7.15,Friends/Peers,2.1,5.5,5.8,7.1,Python,Technology,Private sector,Remote/Hybrid,Digital Marketer
INDYCC00222,21,Non-binary/Prefer not to say,West,Tier 2,Commerce,BCA,77.4,8.23,Social Media,3.4,5.8,8.1,4.5,Python,Marketing,Private sector,Hometown,Healthcare Professional
INDYCC00223,20,Female,North,Tier 1,Arts/Humanities,B.Des,94.5,9.71,Parents,3.0,6.4,5.8,9.7,SQL,Healthcare,Government sector,Any city in India,UI/UX Designer
INDYCC00224,17,Female,East,Tier 1,Science,B.Pharm,68.6,6.65,,7.9,7.4,5.6,7.7,SQL,Healthcare,Government sector,Remote/Hybrid,Data Scientist
INDYCC00225,17,Male,North,Tier 3,Commerce,B.Com,59.2,5.68,Parents,2.4,5.4,6.1,3.2,,Technology,Startup,Remote/Hybrid,Product Manager
INDYCC00226,23,Male,South,Tier 2,Science,B.Pharm,77.0,7.58,Salary/Package,4.3,4.7,9.2,2.9,,Technology,Private sector,Remote/Hybrid,Software Engineer
INDYCC00227,19,Female,South,Tier 1,Commerce,BCA,82.3,8.34,Friends/Peers,3.1,3.1,7.5,7.9,Python,Marketing,Higher studies,Hometown,UI/UX Designer
INDYCC00228,22,Female,West,Tier 1,Commerce,B.Com,93.1,9.07,Passion/Interest,3.8,3.9,5.9,8.0,Python,Technology,Higher studies,Metro city,Software Engineer
INDYCC00229,19,Female,South,Tier 2,Commerce,CA/Professional Course,68.0,7.11,Parents,3.9,6.9,6.5,5.3,,Business & Finance,Private sector,Remote/Hybrid,Financial Analyst
INDYCC00230,17,Female,North,Tier 1,Science,B.Tech/B.E.,62.3,6.37,Passion/Interest,5.6,7.7,9.7,7.9,Python,Government/Public Service,Private sector,Any city in India,Government Officer
INDYCC00231,18,Male,North,Tier 2,Science,B.Tech/B.E.,64.3,6.25,Passion/Interest,6.7,5.3,8.2,7.1,,Business & Finance,Private sector,Any city in India,Government Officer
INDYCC00232,24,Male,North,Tier 2,Science,B.Tech/B.E.,92.4,9.25,Passion/Interest,7.4,5.0,10.0,4.1,Python,Design & Media,Private sector,Metro city,Digital Marketer
INDYCC00233,19,Male,East,Tier 2,Arts/Humanities,BJMC/Media,74.0,7.42,Friends/Peers,2.8,9.4,3.3,6.9,SQL,Marketing,Startup,Any city in India,Digital Marketer
INDYCC00234,22,Female,West,Tier 3,Commerce,BMS,59.9,6.15,Passion/Interest,7.5,5.4,4.2,5.7,Python,Design & Media,Government sector,Metro city,UI/UX Designer
INDYCC00235,20,Male,Central,Tier 2,Commerce,B.Com,57.6,5.87,Social Media,6.3,5.1,7.2,6.5,Python,Government/Public Service,Government sector,Metro city,Government Officer
INDYCC00236,19,Male,East,Tier 2,Arts/Humanities,B.A.,69.8,6.98,Friends/Peers,5.0,8.1,3.1,9.3,JavaScript,Technology,Government sector,Metro city,UI/UX Designer
INDYCC00237,24,Male,Central,Tier 1,Science,B.Pharm,56.5,5.58,Parents,9.0,7.3,8.0,7.5,,Business & Finance,Private sector,Metro city,Software Engineer
INDYCC00238,18,Female,South,Tier 3,Arts/Humanities,BJMC/Media,78.2,7.66,Parents,1.3,8.2,5.8,7.9,SQL,Technology,Government sector,Remote/Hybrid,Software Engineer
INDYCC00239,18,Non-binary/Prefer not to say,Northeast,Tier 2,Science,B.Sc.,88.1,8.91,Passion/Interest,6.0,9.0,5.2,1.6,C++,Business & Finance,Private sector,Metro city,Financial Analyst
INDYCC00240,22,Non-binary/Prefer not to say,South,Tier 2,Science,B.Tech/B.E.,69.1,7.42,Salary/Package,5.9,6.6,6.8,1.9,,Government/Public Service,Private sector,Metro city,Government Officer
INDYCC00241,22,Female,Central,Tier 1,Science,B.Sc.,62.7,6.39,Passion/Interest,5.8,7.6,8.3,7.1,Python,Research/Education,Private sector,Remote/Hybrid,Researcher/Academician
INDYCC00242,18,Female,West,Tier 3,Commerce,CA/Professional Course,59.6,6.26,Parents,2.9,4.3,7.0,3.6,SQL,Research/Education,Private sector,Hometown,Financial Analyst
INDYCC00243,24,Male,North,Tier 1,Arts/Humanities,LLB,69.0,7.04,Parents,3.6,3.5,4.8,8.7,Python,Research/Education,Government sector,Hometown,Researcher/Academician
INDYCC00244,18,Male,East,Tier 1,Science,BCA,64.6,6.07,Social Media,6.8,7.6,8.0,6.3,"Python, SQL",Design & Media,Higher studies,Metro city,Digital Marketer
INDYCC00245,17,Female,West,Tier 2,Commerce,CA/Professional Course,49.9,5.01,Passion/Interest,2.1,9.0,3.9,6.7,,Marketing,Higher studies,Any city in India,Financial Analyst
INDYCC00246,20,Male,North,Tier 2,Commerce,BBA,57.4,5.66,Passion/Interest,4.0,4.4,7.3,6.5,,Design & Media,Startup,Remote/Hybrid,UI/UX Designer
INDYCC00247,17,Female,West,Tier 2,Science,B.Sc.,77.6,7.72,Passion/Interest,9.9,6.2,6.5,5.8,"Python, SQL",Government/Public Service,Higher studies,Metro city,Software Engineer
INDYCC00248,20,Female,South,Tier 3,Science,B.Tech/B.E.,79.5,8.46,Social Media,7.9,5.3,7.8,6.7,"Python, SQL",Marketing,Self-employed/Freelance,Remote/Hybrid,Software Engineer
INDYCC00249,17,Female,South,Tier 2,Science,MBBS/Health Sciences,72.4,7.4,Passion/Interest,8.3,4.0,7.6,2.7,SQL,Technology,Private sector,Hometown,Software Engineer
INDYCC00250,22,Female,West,Tier 3,Science,B.Sc.,89.1,9.12,Parents,7.4,6.3,5.5,4.6,,Marketing,Higher studies,Hometown,Software Engineer
INDYCC00251,19,Male,West,Tier 2,Commerce,BCA,66.2,6.57,Salary/Package,5.6,6.3,5.9,4.1,Java,Business & Finance,Government sector,Metro city,Product Manager
INDYCC00252,18,Non-binary/Prefer not to say,North,Tier 2,Arts/Humanities,BJMC/Media,91.2,9.21,Parents,1.5,4.4,4.9,7.2,SQL,Business & Finance,Private sector,Any city in India,UI/UX Designer
INDYCC00253,23,Male,West,Tier 1,Arts/Humanities,B.A.,58.7,5.63,Parents,5.7,7.6,3.8,5.5,Python,Technology,Government sector,Any city in India,Digital Marketer
INDYCC00254,18,Female,West,Tier 1,Science,BCA,79.0,7.81,Passion/Interest,6.8,5.6,4.3,4.8,"Python, SQL",Business & Finance,Government sector,Remote/Hybrid,Financial Analyst
INDYCC00255,17,Female,North,Tier 2,Science,B.Pharm,76.8,7.55,Friends/Peers,7.0,4.8,7.9,5.8,JavaScript,Government/Public Service,Private sector,Metro city,Government Officer
INDYCC00256,22,Female,Central,Tier 3,Science,B.Pharm,60.1,6.03,Friends/Peers,10.0,5.7,7.4,7.4,Java,Design & Media,Private sector,Remote/Hybrid,Digital Marketer
INDYCC00257,21,Male,East,Tier 2,Science,B.Tech/B.E.,88.9,9.14,Salary/Package,2.8,8.1,7.1,1.4,,Business & Finance,Higher studies,Metro city,Financial Analyst
INDYCC00258,21,Female,Central,Tier 1,Commerce,BCA,67.4,7.03,Parents,7.4,3.2,5.2,6.2,SQL,Government/Public Service,Higher studies,Any city in India,Government Officer
INDYCC00259,24,Male,North,Tier 2,Science,B.Pharm,72.4,7.57,Social Media,4.4,4.9,6.9,5.2,,Research/Education,Self-employed/Freelance,Hometown,Researcher/Academician
INDYCC00260,17,Male,North,Tier 3,Science,B.Tech/B.E.,83.0,8.32,Salary/Package,4.7,3.8,9.5,3.9,,Business & Finance,Startup,Metro city,Financial Analyst
INDYCC00261,18,Male,Northeast,Tier 1,Arts/Humanities,BJMC/Media,83.4,8.87,Parents,5.2,8.4,4.4,7.2,SQL,Healthcare,Private sector,Metro city,Healthcare Professional
INDYCC00262,17,Male,Central,Tier 2,Science,MBBS/Health Sciences,52.0,5.19,Friends/Peers,4.0,4.2,10.0,3.7,Python,Design & Media,Private sector,Any city in India,Data Scientist
INDYCC00263,20,Female,West,Tier 3,Commerce,CA/Professional Course,85.5,8.61,Salary/Package,6.3,3.7,8.5,6.7,SQL,Healthcare,Higher studies,Hometown,Financial Analyst
INDYCC00264,18,Male,South,Tier 2,Science,BCA,78.3,7.87,Social Media,9.9,9.2,7.4,5.1,,Research/Education,Startup,Hometown,Software Engineer
INDYCC00265,24,Female,East,Tier 2,Science,BCA,84.1,8.46,Friends/Peers,7.1,6.0,7.2,4.1,,Design & Media,Government sector,Any city in India,Software Engineer
INDYCC00266,23,Female,East,Tier 3,Commerce,BBA,75.8,,Salary/Package,6.3,5.0,4.9,5.2,Python,Research/Education,Private sector,Metro city,Product Manager
INDYCC00267,22,Male,North,Tier 3,Arts/Humanities,B.Des,74.4,7.49,Parents,6.7,5.3,6.8,8.5,C++,Government/Public Service,Self-employed/Freelance,Any city in India,Researcher/Academician
INDYCC00268,19,Female,East,Tier 2,Science,MBBS/Health Sciences,61.0,6.08,Parents,7.5,6.7,5.7,4.9,Java,Marketing,Private sector,Hometown,Data Scientist
INDYCC00269,19,Male,South,Tier 3,Arts/Humanities,LLB,76.0,7.17,Friends/Peers,4.1,7.6,3.9,6.4,,Business & Finance,Higher studies,Metro city,Digital Marketer
INDYCC00270,18,Female,West,Tier 3,Science,B.Tech/B.E.,69.2,6.96,Parents,7.6,7.1,8.2,6.4,SQL,Design & Media,Self-employed/Freelance,Metro city,UI/UX Designer
INDYCC00271,18,Male,South,Tier 2,Science,B.Pharm,68.6,7.06,Passion/Interest,4.9,6.6,4.8,5.8,,Business & Finance,Startup,Remote/Hybrid,Software Engineer
INDYCC00272,22,Male,North,Tier 1,Science,B.Sc.,,7.57,Friends/Peers,5.4,5.4,7.9,3.6,SQL,Business & Finance,Startup,Any city in India,Financial Analyst
INDYCC00273,19,Female,North,Tier 3,Arts/Humanities,B.A.,57.0,5.61,Parents,3.2,4.9,7.3,7.2,Python,Technology,Self-employed/Freelance,Remote/Hybrid,Data Scientist
INDYCC00274,18,Female,North,Tier 1,Arts/Humanities,LLB,67.7,6.86,Parents,3.4,6.7,4.8,4.0,Python,Marketing,Government sector,Metro city,UI/UX Designer
INDYCC00275,17,Female,South,Tier 1,Science,MBBS/Health Sciences,77.6,7.52,Passion/Interest,6.3,3.3,4.5,4.8,,Technology,Government sector,Any city in India,Data Scientist
INDYCC00276,20,Female,North,Tier 1,Science,B.Pharm,85.6,9.03,Social Media,7.1,8.0,6.5,8.2,Python,Government/Public Service,Startup,Metro city,Financial Analyst
INDYCC00277,17,Female,Northeast,Tier 2,Science,B.Sc.,77.0,7.39,Friends/Peers,7.4,4.7,8.7,3.9,"Python, SQL",Business & Finance,Self-employed/Freelance,Metro city,Product Manager
INDYCC00278,18,Male,West,Tier 2,Science,MBBS/Health Sciences,76.3,7.34,Parents,6.6,6.8,6.5,6.0,C++,Design & Media,Private sector,Remote/Hybrid,UI/UX Designer
INDYCC00279,20,Female,South,Tier 3,Arts/Humanities,BJMC/Media,70.4,6.71,Social Media,4.9,4.2,5.5,9.8,Python,Business & Finance,Private sector,Hometown,Digital Marketer
INDYCC00280,21,Female,South,Tier 2,Arts/Humanities,BJMC/Media,87.0,8.63,Passion/Interest,4.0,4.7,4.7,6.6,Python,Technology,Higher studies,Remote/Hybrid,Software Engineer
INDYCC00281,20,Male,West,Tier 3,Arts/Humanities,BBA,85.6,8.32,Friends/Peers,4.9,4.8,3.6,4.5,Python,Business & Finance,Self-employed/Freelance,Remote/Hybrid,Digital Marketer
INDYCC00282,21,Male,West,Tier 3,Commerce,BCA,75.4,7.42,Parents,3.1,5.2,5.2,6.1,,Business & Finance,Private sector,Any city in India,Financial Analyst
INDYCC00283,19,Male,North,Tier 2,Commerce,BCA,88.1,9.07,Parents,3.4,5.5,7.9,4.4,Python,Marketing,Self-employed/Freelance,Metro city,Financial Analyst
INDYCC00284,17,Female,South,Tier 1,Science,BCA,55.5,5.32,Social Media,6.8,8.7,3.7,7.2,SQL,Technology,Startup,Metro city,Software Engineer
INDYCC00285,19,Female,South,Tier 2,Arts/Humanities,BBA,80.1,8.06,Parents,1.0,6.1,7.7,7.2,,Government/Public Service,Private sector,Any city in India,Government Officer
INDYCC00286,18,Male,South,Tier 2,Science,BCA,76.1,7.23,Passion/Interest,4.2,6.4,7.3,5.3,Python,Government/Public Service,Private sector,Any city in India,Government Officer
INDYCC00287,18,Male,West,Tier 3,Commerce,BBA,65.9,7.06,Friends/Peers,7.6,4.2,7.4,7.4,"Python, SQL",Technology,Private sector,Metro city,Product Manager
INDYCC00288,23,Male,North,Tier 2,Science,B.Pharm,81.0,7.96,Passion/Interest,8.9,5.3,6.0,9.4,,Research/Education,Higher studies,Metro city,Researcher/Academician
INDYCC00289,19,Male,East,Tier 2,Commerce,BCA,85.4,8.86,Social Media,3.6,4.7,5.2,5.2,SQL,Technology,Private sector,Remote/Hybrid,Software Engineer
INDYCC00290,18,Male,West,Tier 1,Commerce,B.Com,85.7,8.44,Passion/Interest,8.3,5.6,8.0,4.2,Java,Business & Finance,Private sector,Hometown,Financial Analyst
INDYCC00291,20,Female,South,Tier 2,Arts/Humanities,BJMC/Media,82.2,7.95,Parents,6.7,8.0,1.8,5.5,Python,Technology,Private sector,Hometown,Software Engineer
INDYCC00292,18,Male,East,Tier 1,Arts/Humanities,BJMC/Media,63.7,6.36,Friends/Peers,6.1,7.3,6.2,7.0,"Python, SQL",Business & Finance,Private sector,Hometown,Digital Marketer
INDYCC00293,23,Male,Central,Tier 2,Arts/Humanities,LLB,80.5,7.89,Passion/Interest,3.0,8.5,7.0,5.8,SQL,Business & Finance,Government sector,Hometown,Digital Marketer
INDYCC00294,23,Male,East,Tier 3,Commerce,BBA,55.8,5.67,Social Media,2.7,7.8,5.8,6.6,,Healthcare,Self-employed/Freelance,Remote/Hybrid,Financial Analyst
INDYCC00295,23,Male,North,Tier 2,Commerce,B.Com,53.7,5.27,Passion/Interest,2.2,5.4,6.5,5.3,,Marketing,Government sector,Hometown,Financial Analyst
INDYCC00296,23,Female,South,Tier 2,Science,MBBS/Health Sciences,54.3,5.64,Social Media,5.5,9.7,6.2,5.4,Java,Research/Education,Government sector,Any city in India,Researcher/Academician
INDYCC00297,17,Male,Central,Tier 3,Science,B.Tech/B.E.,71.6,7.53,Passion/Interest,8.3,7.9,5.6,3.8,SQL,Healthcare,Self-employed/Freelance,Remote/Hybrid,Healthcare Professional
INDYCC00298,17,Male,Central,Tier 1,Arts/Humanities,B.Des,60.3,5.96,Parents,4.8,4.4,6.7,3.8,SQL,Marketing,Self-employed/Freelance,Metro city,Researcher/Academician
INDYCC00299,21,Male,North,Tier 1,Science,MBBS/Health Sciences,72.1,7.4,Passion/Interest,5.7,6.6,8.1,6.2,,Government/Public Service,Government sector,Metro city,Government Officer
INDYCC00300,22,Female,East,Tier 1,Science,MBBS/Health Sciences,91.1,9.13,Salary/Package,6.4,6.8,6.2,3.5,JavaScript,Technology,Higher studies,Metro city,Software Engineer
INDYCC00301,23,Male,East,Tier 2,Commerce,BMS,74.3,7.34,Friends/Peers,3.6,6.7,6.6,4.5,Python,Technology,Private sector,Metro city,Product Manager
INDYCC00302,24,Female,West,Tier 1,Commerce,BCA,81.0,7.85,Passion/Interest,5.7,6.0,6.0,7.5,C++,Government/Public Service,Private sector,Metro city,Government Officer
INDYCC00303,23,Female,Central,Tier 2,Science,B.Pharm,60.8,6.16,Parents,5.6,6.3,7.5,9.8,JavaScript,Marketing,Startup,Remote/Hybrid,Researcher/Academician
INDYCC00304,20,Male,East,Tier 2,Commerce,CA/Professional Course,66.4,6.77,Salary/Package,7.6,5.3,6.7,4.5,Java,Technology,Startup,Metro city,Software Engineer
INDYCC00305,20,Female,West,Tier 2,Arts/Humanities,LLB,68.3,6.49,Salary/Package,1.9,7.6,3.8,6.4,SQL,Marketing,Higher studies,Metro city,Researcher/Academician
INDYCC00306,20,Male,North,Tier 1,Science,B.Sc.,70.6,6.88,Salary/Package,7.9,2.2,6.6,5.0,Java,Marketing,Private sector,Any city in India,Data Scientist
INDYCC00307,18,Female,East,Tier 3,Science,B.Tech/B.E.,66.9,6.94,Salary/Package,4.8,6.4,8.6,6.5,,Design & Media,Startup,Remote/Hybrid,UI/UX Designer
INDYCC00308,18,Male,South,Tier 1,Commerce,BCA,56.0,5.41,Passion/Interest,2.7,8.0,6.4,4.9,SQL,Technology,Private sector,Hometown,Product Manager
INDYCC00309,20,Female,South,Tier 1,Arts/Humanities,B.Des,74.4,7.58,Passion/Interest,2.1,6.6,4.9,10.0,SQL,Government/Public Service,Government sector,Hometown,UI/UX Designer
INDYCC00310,24,Male,South,Tier 2,Commerce,BMS,98.0,9.75,Salary/Package,5.8,3.8,6.6,6.8,,Business & Finance,Higher studies,Remote/Hybrid,Financial Analyst
INDYCC00311,24,Female,South,Tier 1,Arts/Humanities,B.Des,63.4,5.95,Social Media,3.6,6.8,6.5,6.7,Python,Healthcare,Self-employed/Freelance,Hometown,UI/UX Designer
INDYCC00312,24,Male,North,Tier 3,Science,BCA,75.4,7.97,Social Media,7.0,5.3,5.1,7.1,Python,Marketing,Higher studies,Remote/Hybrid,Software Engineer
INDYCC00313,19,Male,Central,Tier 3,Science,MBBS/Health Sciences,64.7,6.33,Social Media,7.4,5.3,8.7,5.3,Java,Business & Finance,Higher studies,Remote/Hybrid,Data Scientist
INDYCC00314,20,Male,East,Tier 2,Arts/Humanities,BBA,89.1,9.18,Friends/Peers,3.1,7.3,5.9,8.5,,Technology,Private sector,Any city in India,Digital Marketer
INDYCC00315,20,Female,Northeast,Tier 2,Commerce,B.Com,85.9,8.6,Parents,6.0,5.3,9.5,7.5,,Healthcare,Private sector,Any city in India,Healthcare Professional
INDYCC00316,21,Male,Northeast,Tier 1,Commerce,BBA,81.4,7.83,Parents,4.1,5.0,5.5,5.5,,Research/Education,Government sector,Metro city,Government Officer
INDYCC00317,17,Male,West,Tier 1,Commerce,CA/Professional Course,83.1,8.28,Salary/Package,1.0,5.8,8.1,6.4,,Business & Finance,Higher studies,Any city in India,Financial Analyst
INDYCC00318,23,Female,North,Tier 2,Science,B.Pharm,73.2,6.78,Social Media,5.7,5.5,9.8,3.6,Python,Government/Public Service,Government sector,Remote/Hybrid,Software Engineer
INDYCC00319,17,Male,Central,Tier 3,Science,MBBS/Health Sciences,69.7,7.42,Friends/Peers,6.6,7.6,5.4,3.1,JavaScript,Research/Education,Private sector,Hometown,Researcher/Academician
INDYCC00320,23,Female,Central,Tier 2,Commerce,BBA,86.6,8.62,Salary/Package,6.7,8.0,7.7,7.1,C++,Marketing,Private sector,Remote/Hybrid,Product Manager
INDYCC00321,21,Female,Central,Tier 2,Science,B.Sc.,86.5,8.52,Parents,9.9,7.5,7.0,4.1,Python,Government/Public Service,Government sector,Any city in India,Software Engineer
INDYCC00322,21,Male,North,Tier 2,Commerce,BMS,63.8,6.15,Salary/Package,5.6,7.3,4.3,6.4,SQL,Research/Education,Private sector,Any city in India,Financial Analyst
INDYCC00323,17,Male,South,Tier 2,Arts/Humanities,B.A.,55.0,5.42,Social Media,4.3,10.0,5.6,8.3,,Technology,Higher studies,Remote/Hybrid,Digital Marketer
INDYCC00324,18,Female,Central,Tier 1,Commerce,B.Com,81.3,7.99,Passion/Interest,6.0,2.9,5.4,6.4,"Python, SQL",Marketing,Government sector,Metro city,Financial Analyst
INDYCC00325,22,Male,North,Tier 2,Arts/Humanities,LLB,68.0,6.58,Salary/Package,6.1,7.4,5.6,3.2,JavaScript,Technology,Startup,Remote/Hybrid,Software Engineer
INDYCC00326,24,Male,West,Tier 1,Arts/Humanities,BJMC/Media,59.3,5.85,Friends/Peers,3.4,6.6,4.2,2.5,Python,Government/Public Service,Private sector,Hometown,Government Officer
INDYCC00327,22,Male,North,Tier 1,Commerce,CA/Professional Course,72.4,7.21,Parents,5.6,6.0,7.2,6.5,Java,Business & Finance,Private sector,Remote/Hybrid,Financial Analyst
INDYCC00328,20,Female,Central,Tier 1,Commerce,BCA,73.4,7.41,Salary/Package,4.4,6.6,7.3,6.5,,Technology,Private sector,Remote/Hybrid,Data Scientist
INDYCC00329,19,Female,North,Tier 2,Science,B.Pharm,70.0,7.17,Salary/Package,4.0,8.2,8.1,5.6,,Business & Finance,Startup,Any city in India,Product Manager
INDYCC00330,19,Male,Northeast,Tier 2,Science,B.Sc.,76.5,7.8,Parents,6.0,6.3,6.5,3.9,JavaScript,Marketing,Startup,Hometown,Data Scientist
INDYCC00331,18,Male,Central,Tier 2,Commerce,BCA,45.0,5.0,Social Media,5.5,7.6,7.6,6.4,C++,Business & Finance,Higher studies,Any city in India,Product Manager
INDYCC00332,23,Female,North,Tier 2,Arts/Humanities,BBA,79.1,8.1,Passion/Interest,3.2,8.5,6.9,5.9,,Business & Finance,Private sector,Hometown,Product Manager
INDYCC00333,22,Female,West,Tier 1,Commerce,BMS,83.9,8.68,Social Media,4.1,4.9,6.8,5.0,SQL,Research/Education,Higher studies,Any city in India,Financial Analyst
INDYCC00334,21,Non-binary/Prefer not to say,North,Tier 1,Commerce,BBA,63.8,5.96,Salary/Package,3.8,5.4,6.9,5.8,SQL,Technology,Higher studies,Metro city,Data Scientist
INDYCC00335,24,Female,South,Tier 3,Commerce,BBA,88.6,8.84,Friends/Peers,5.7,4.8,4.4,7.0,JavaScript,Design & Media,Private sector,Metro city,Digital Marketer
INDYCC00336,20,Male,Central,Tier 1,Science,BCA,,8.77,Salary/Package,5.7,5.9,9.1,2.6,"Python, SQL",Healthcare,Private sector,Hometown,Healthcare Professional
INDYCC00337,20,Male,North,Tier 3,Science,B.Pharm,74.4,7.58,Salary/Package,8.0,6.4,3.7,3.3,Java,Design & Media,Higher studies,Remote/Hybrid,Data Scientist
INDYCC00338,20,Male,West,Tier 1,Arts/Humanities,B.Des,67.7,6.68,Salary/Package,3.0,8.9,9.4,8.1,Python,Technology,Higher studies,Remote/Hybrid,Data Scientist
INDYCC00339,19,Male,Central,Tier 2,Science,B.Sc.,59.7,5.69,Salary/Package,9.3,4.3,6.1,1.0,,Government/Public Service,Private sector,Any city in India,Software Engineer
INDYCC00340,19,Male,Northeast,Tier 1,Science,BCA,73.6,7.42,Passion/Interest,5.2,6.7,5.9,4.2,,Design & Media,Startup,Remote/Hybrid,Digital Marketer
INDYCC00341,17,Male,West,Tier 3,Commerce,BMS,52.9,5.0,Friends/Peers,4.5,5.7,6.2,3.6,SQL,Business & Finance,Private sector,Hometown,Product Manager
INDYCC00342,20,Female,South,Tier 1,Commerce,CA/Professional Course,58.5,5.48,Passion/Interest,3.4,4.3,5.8,5.8,Python,Marketing,Government sector,Any city in India,Financial Analyst
INDYCC00343,20,Male,North,Tier 1,Commerce,BCA,78.1,7.93,Parents,3.1,7.0,7.8,3.4,SQL,Business & Finance,Private sector,Metro city,Product Manager
INDYCC00344,24,Male,North,Tier 3,Science,BCA,75.6,8.26,Friends/Peers,10.0,8.1,5.9,5.9,Python,Design & Media,Government sector,Metro city,Researcher/Academician
INDYCC00345,21,Female,East,Tier 2,Commerce,BMS,84.3,8.18,Parents,5.2,4.7,7.6,3.6,"Python, SQL",Government/Public Service,Self-employed/Freelance,Remote/Hybrid,Government Officer
INDYCC00346,17,Male,West,Tier 1,Arts/Humanities,B.Des,73.9,7.26,Friends/Peers,3.1,6.0,6.4,10.0,SQL,Government/Public Service,Government sector,Any city in India,UI/UX Designer
INDYCC00347,18,Male,South,Tier 3,Arts/Humanities,BJMC/Media,77.6,7.62,Passion/Interest,6.5,7.1,6.4,7.4,C++,Technology,Government sector,Metro city,Digital Marketer
INDYCC00348,18,Female,Central,Tier 2,Science,B.Sc.,83.2,8.22,Parents,6.7,8.8,5.8,4.2,C++,Technology,Private sector,Hometown,Software Engineer
INDYCC00349,23,Male,South,Tier 3,Commerce,B.Com,66.4,6.29,Parents,4.3,4.1,6.6,4.4,,Marketing,Higher studies,Hometown,Financial Analyst
INDYCC00350,22,Female,West,Tier 2,Science,B.Tech/B.E.,71.6,7.09,Passion/Interest,5.3,5.3,7.5,5.8,,Healthcare,Private sector,Remote/Hybrid,Healthcare Professional
INDYCC00351,20,Male,Central,Tier 3,Arts/Humanities,B.A.,65.1,6.65,Social Media,1.6,5.3,4.5,7.2,,Healthcare,Private sector,Any city in India,UI/UX Designer
INDYCC00352,20,Female,South,Tier 2,Science,B.Tech/B.E.,73.5,7.29,Parents,5.2,8.0,7.4,5.6,C++,Technology,Private sector,Any city in India,Software Engineer
INDYCC00353,24,Male,North,Tier 3,Arts/Humanities,B.A.,78.5,7.98,Passion/Interest,3.3,7.5,6.8,8.8,SQL,Research/Education,Self-employed/Freelance,Metro city,Digital Marketer
INDYCC00354,20,Male,South,Tier 2,Arts/Humanities,BBA,94.9,9.55,Passion/Interest,2.8,8.9,6.1,5.6,,Marketing,Private sector,Metro city,Digital Marketer
INDYCC00355,23,Male,Central,Tier 2,Commerce,CA/Professional Course,72.3,7.25,Passion/Interest,2.6,6.9,4.7,5.9,Python,Marketing,Self-employed/Freelance,Metro city,Product Manager
INDYCC00356,24,Male,West,Tier 1,Science,B.Sc.,70.7,7.05,Passion/Interest,6.1,5.5,8.7,5.5,"Python, SQL",Marketing,Startup,Metro city,Data Scientist
INDYCC00357,24,Male,North,Tier 2,Science,B.Sc.,70.7,7.22,Parents,10.0,6.0,6.5,7.9,SQL,Design & Media,Self-employed/Freelance,Any city in India,Digital Marketer
INDYCC00358,18,Female,South,Tier 1,Science,B.Sc.,70.2,7.23,Social Media,7.1,7.5,6.1,4.5,Python,Design & Media,Self-employed/Freelance,Metro city,Financial Analyst
INDYCC00359,19,Female,Central,Tier 3,Science,B.Pharm,82.4,8.22,Passion/Interest,6.2,5.4,7.0,6.0,JavaScript,Business & Finance,Self-employed/Freelance,Remote/Hybrid,Healthcare Professional
INDYCC00360,21,Male,North,Tier 1,Science,B.Pharm,73.1,7.02,Salary/Package,5.1,6.5,8.6,7.0,C++,Technology,Startup,Hometown,Software Engineer
INDYCC00361,22,Female,North,Tier 1,Arts/Humanities,B.Des,70.7,7.1,Salary/Package,6.1,6.3,6.3,6.7,C++,Healthcare,Startup,Hometown,Software Engineer
INDYCC00362,21,Female,West,Tier 2,Arts/Humanities,LLB,87.1,8.73,Salary/Package,5.5,6.6,7.6,7.5,,Technology,Startup,Metro city,Software Engineer
INDYCC00363,17,Female,North,Tier 3,Science,B.Sc.,81.5,7.97,Parents,8.1,6.4,7.6,9.4,Python,Marketing,Government sector,Any city in India,Data Scientist
INDYCC00364,19,Male,Central,Tier 2,Science,B.Sc.,72.4,7.6,Parents,6.6,6.9,7.5,4.1,Java,Design & Media,Startup,Remote/Hybrid,UI/UX Designer
INDYCC00365,23,Male,North,Tier 3,Science,MBBS/Health Sciences,66.0,6.76,Passion/Interest,7.4,6.4,7.7,7.8,Python,Technology,Government sector,Any city in India,Data Scientist
INDYCC00366,24,Female,South,Tier 2,Science,B.Sc.,67.0,6.44,Parents,8.1,9.3,10.0,3.7,C++,Marketing,Self-employed/Freelance,Metro city,Software Engineer
INDYCC00367,24,Female,Central,Tier 1,Commerce,BCA,82.6,8.09,Friends/Peers,7.1,2.9,8.7,5.2,C++,Business & Finance,Government sector,Any city in India,Financial Analyst
INDYCC00368,21,Female,East,Tier 2,Arts/Humanities,LLB,66.9,6.25,Friends/Peers,3.6,9.2,4.2,7.8,Python,Government/Public Service,Higher studies,Remote/Hybrid,Government Officer
INDYCC00369,22,Female,Northeast,Tier 3,Science,B.Sc.,64.8,6.64,Passion/Interest,7.7,6.0,6.6,8.1,C++,Business & Finance,Private sector,Metro city,Software Engineer
INDYCC00370,20,Male,North,Tier 2,Commerce,B.Com,56.9,5.52,Passion/Interest,3.9,6.6,6.3,7.5,,Design & Media,Startup,Remote/Hybrid,UI/UX Designer
INDYCC00371,23,Female,East,Tier 3,Arts/Humanities,B.A.,79.2,7.57,Social Media,3.7,2.6,4.1,4.9,,Marketing,Government sector,Remote/Hybrid,UI/UX Designer
INDYCC00372,21,Female,South,Tier 2,Arts/Humanities,BJMC/Media,81.7,8.27,,5.3,7.9,7.2,6.2,"Python, SQL",Government/Public Service,Startup,Hometown,Government Officer
INDYCC00373,20,Female,South,Tier 2,Arts/Humanities,B.A.,75.6,6.89,Passion/Interest,3.4,6.3,4.0,3.8,,Technology,Government sector,Remote/Hybrid,UI/UX Designer
INDYCC00374,23,Male,South,Tier 1,Arts/Humanities,BBA,97.3,9.8,Salary/Package,1.8,7.3,4.8,5.8,SQL,Technology,Private sector,Metro city,UI/UX Designer
INDYCC00375,21,Female,South,Tier 3,Science,B.Pharm,75.8,7.86,Parents,5.0,6.2,9.8,3.5,"Python, SQL",Technology,Self-employed/Freelance,Metro city,Data Scientist
INDYCC00376,17,Female,West,Tier 1,Science,B.Pharm,85.9,,Salary/Package,4.5,4.7,6.5,4.3,,Design & Media,Self-employed/Freelance,Metro city,Data Scientist
INDYCC00377,24,Female,North,Tier 1,Arts/Humanities,B.Des,82.7,8.32,Salary/Package,5.1,5.2,4.3,8.0,Java,Government/Public Service,Private sector,Any city in India,Government Officer
INDYCC00378,22,Female,South,Tier 1,Science,BCA,82.9,8.53,Parents,6.0,6.0,5.2,5.5,JavaScript,Design & Media,Private sector,Hometown,Data Scientist
INDYCC00379,24,Female,East,Tier 1,Commerce,CA/Professional Course,63.5,6.19,Salary/Package,4.8,6.1,5.4,4.3,,Business & Finance,Self-employed/Freelance,Metro city,Product Manager
INDYCC00380,23,Male,North,Tier 3,Commerce,B.Com,62.6,6.35,Passion/Interest,3.1,6.5,5.3,6.7,SQL,Technology,Higher studies,Remote/Hybrid,Financial Analyst
INDYCC00381,22,Male,North,Tier 2,Science,B.Tech/B.E.,46.8,5.0,Parents,4.8,4.8,7.3,2.6,SQL,Business & Finance,Government sector,Hometown,Software Engineer
INDYCC00382,20,Male,East,Tier 3,Science,BCA,59.3,6.07,Social Media,9.4,6.3,7.4,4.5,Java,Business & Finance,Government sector,Metro city,Software Engineer
INDYCC00383,22,Female,North,Tier 2,Commerce,CA/Professional Course,72.1,6.91,Parents,7.4,5.6,5.5,4.1,C++,Design & Media,Higher studies,Remote/Hybrid,UI/UX Designer
INDYCC00384,19,Female,South,Tier 2,Science,B.Pharm,50.4,5.0,Friends/Peers,3.7,8.5,7.8,6.1,,Technology,Self-employed/Freelance,Any city in India,Software Engineer
INDYCC00385,22,Female,South,Tier 2,Science,B.Tech/B.E.,62.9,6.45,Salary/Package,6.6,5.6,7.3,4.6,"Python, SQL",Business & Finance,Self-employed/Freelance,Hometown,Financial Analyst
INDYCC00386,18,Female,South,Tier 3,Science,B.Tech/B.E.,82.0,7.84,Friends/Peers,6.6,5.8,7.3,5.8,JavaScript,Technology,Government sector,Hometown,Data Scientist
INDYCC00387,17,Female,East,Tier 3,Arts/Humanities,LLB,69.6,7.01,Salary/Package,3.3,7.1,6.1,9.7,SQL,Design & Media,Government sector,Remote/Hybrid,UI/UX Designer
INDYCC00388,22,Male,South,Tier 1,Science,BCA,60.9,5.76,Salary/Package,4.3,5.9,5.5,3.1,,Technology,Private sector,Any city in India,Data Scientist
INDYCC00389,24,Female,Northeast,Tier 1,Arts/Humanities,BJMC/Media,81.8,7.93,Friends/Peers,3.7,9.5,6.1,7.2,Python,Business & Finance,Startup,Metro city,Digital Marketer
INDYCC00390,18,Male,North,Tier 3,Science,B.Tech/B.E.,64.9,6.74,Salary/Package,9.0,7.1,4.5,6.4,Java,Technology,Private sector,Any city in India,Software Engineer
INDYCC00391,23,Male,North,Tier 1,Science,B.Pharm,93.0,,Social Media,6.2,8.2,8.8,5.0,C++,Design & Media,Higher studies,Any city in India,Digital Marketer
INDYCC00392,23,Male,North,Tier 1,Commerce,BCA,71.3,7.1,Friends/Peers,4.9,5.7,5.6,4.7,,Marketing,Private sector,Hometown,Financial Analyst
INDYCC00393,24,Female,South,Tier 1,Science,B.Pharm,79.0,7.85,Friends/Peers,4.2,4.8,9.0,2.5,,Technology,Private sector,Metro city,Software Engineer
INDYCC00394,24,Male,South,Tier 1,Arts/Humanities,BBA,74.0,7.14,Passion/Interest,2.8,7.3,5.5,6.7,SQL,Healthcare,Government sector,Metro city,Healthcare Professional
INDYCC00395,17,Female,West,Tier 1,Arts/Humanities,B.A.,50.3,5.0,Parents,3.6,7.4,4.4,9.1,SQL,Research/Education,Self-employed/Freelance,Hometown,Digital Marketer
INDYCC00396,20,Male,South,Tier 1,Science,B.Tech/B.E.,61.2,6.33,Social Media,5.3,5.2,9.1,8.1,SQL,Government/Public Service,Higher studies,Any city in India,Researcher/Academician
INDYCC00397,21,Male,South,Tier 2,Commerce,BCA,71.3,7.52,Salary/Package,6.3,4.6,8.8,5.4,Java,Technology,Private sector,Hometown,Software Engineer
INDYCC00398,20,Female,East,Tier 1,Arts/Humanities,B.A.,85.1,8.48,Passion/Interest,3.5,8.4,6.1,6.4,SQL,Technology,Private sector,Remote/Hybrid,Digital Marketer
INDYCC00399,19,Male,East,Tier 1,Commerce,BBA,71.2,7.12,Parents,5.5,5.0,4.7,6.6,C++,Government/Public Service,Higher studies,Metro city,Government Officer
INDYCC00400,20,Non-binary/Prefer not to say,Central,Tier 2,Commerce,BMS,78.9,7.87,Social Media,8.4,7.5,7.1,7.7,Python,Research/Education,Government sector,Remote/Hybrid,Financial Analyst
INDYCC00401,22,Female,North,Tier 1,Commerce,B.Com,81.0,7.85,Social Media,2.8,7.6,9.2,5.2,,Business & Finance,Self-employed/Freelance,Metro city,Financial Analyst
INDYCC00402,20,Female,Central,Tier 3,Arts/Humanities,BBA,76.9,7.48,Friends/Peers,4.4,9.2,5.2,7.9,Python,Business & Finance,Higher studies,Remote/Hybrid,UI/UX Designer
INDYCC00403,18,Male,North,Tier 3,Science,B.Tech/B.E.,74.3,7.67,Salary/Package,6.1,5.7,9.2,10.0,C++,Research/Education,Higher studies,Remote/Hybrid,Data Scientist
INDYCC00404,17,Male,South,Tier 3,Commerce,CA/Professional Course,75.7,7.43,Social Media,2.5,5.5,6.7,6.0,SQL,Business & Finance,Startup,Metro city,Financial Analyst
INDYCC00405,24,Male,South,Tier 2,Science,MBBS/Health Sciences,65.8,6.93,Salary/Package,6.4,3.4,5.7,6.6,Java,Research/Education,Private sector,Any city in India,Researcher/Academician
INDYCC00406,17,Female,North,Tier 1,Science,BCA,65.7,6.06,Passion/Interest,8.0,7.6,7.4,5.2,SQL,Design & Media,Private sector,Metro city,Data Scientist
INDYCC00407,20,Female,Central,Tier 2,Science,B.Tech/B.E.,83.5,8.39,Passion/Interest,9.1,4.2,8.2,6.2,,Business & Finance,Startup,Metro city,Software Engineer
INDYCC00408,18,Female,East,Tier 1,Science,B.Pharm,67.5,6.89,Social Media,7.8,4.4,8.7,2.4,SQL,Marketing,Government sector,Metro city,Data Scientist
INDYCC00409,21,Male,North,Tier 3,Science,B.Tech/B.E.,87.1,9.16,Passion/Interest,7.5,5.1,7.3,6.7,C++,Technology,Government sector,Remote/Hybrid,Software Engineer
INDYCC00410,24,Male,West,Tier 3,Science,B.Pharm,66.0,6.49,Passion/Interest,4.6,5.5,6.0,7.0,SQL,Technology,Private sector,Metro city,Data Scientist
INDYCC00411,18,Female,South,Tier 1,Arts/Humanities,BBA,66.0,6.65,Passion/Interest,3.2,6.0,4.3,6.1,Python,Business & Finance,Higher studies,Metro city,Digital Marketer
INDYCC00412,21,Male,Northeast,Tier 1,Arts/Humanities,BJMC/Media,67.4,6.52,Parents,4.1,8.8,4.5,4.3,SQL,Technology,Government sector,Remote/Hybrid,Digital Marketer
INDYCC00413,18,Male,Central,Tier 2,Commerce,CA/Professional Course,53.3,5.0,Social Media,7.7,6.7,5.4,8.9,Java,Research/Education,Government sector,Remote/Hybrid,Software Engineer
INDYCC00414,22,Male,North,Tier 3,Science,B.Tech/B.E.,56.3,5.88,Passion/Interest,6.1,4.6,4.9,5.8,C++,Business & Finance,Startup,Hometown,Researcher/Academician
INDYCC00415,18,Male,West,Tier 2,Commerce,CA/Professional Course,61.0,6.24,Friends/Peers,7.7,6.2,5.4,2.0,C++,Technology,Startup,Hometown,Software Engineer
INDYCC00416,17,Female,South,Tier 2,Science,B.Tech/B.E.,71.8,,Friends/Peers,4.1,3.0,7.5,6.1,,Technology,Private sector,Remote/Hybrid,Data Scientist
INDYCC00417,18,Female,North,Tier 2,Arts/Humanities,LLB,85.1,8.33,Friends/Peers,1.0,5.5,7.3,4.8,SQL,Government/Public Service,Self-employed/Freelance,Remote/Hybrid,Government Officer
INDYCC00418,22,Female,North,Tier 1,Science,B.Tech/B.E.,98.0,9.8,Salary/Package,4.7,5.9,7.5,8.7,,Research/Education,Private sector,Hometown,Data Scientist
INDYCC00419,19,Male,South,Tier 3,Commerce,BMS,63.6,6.69,Friends/Peers,6.3,6.3,5.5,5.4,Python,Technology,Government sector,Remote/Hybrid,Software Engineer
INDYCC00420,17,Male,North,Tier 1,Science,B.Pharm,67.1,6.53,Salary/Package,7.5,8.0,5.3,8.9,Java,Technology,Higher studies,Metro city,Software Engineer
INDYCC00421,21,Male,South,Tier 3,Science,MBBS/Health Sciences,88.0,8.97,Passion/Interest,6.7,10.0,6.1,8.0,JavaScript,Business & Finance,Government sector,Metro city,Financial Analyst
INDYCC00422,23,Male,North,Tier 3,Science,B.Sc.,58.5,5.2,Salary/Package,6.7,4.2,4.1,4.5,C++,Healthcare,Government sector,Metro city,Healthcare Professional
INDYCC00423,24,Male,East,Tier 2,Arts/Humanities,BJMC/Media,78.7,7.27,Parents,8.9,6.4,6.3,7.2,Python,Government/Public Service,Startup,Metro city,Government Officer
INDYCC00424,20,Female,West,Tier 2,Arts/Humanities,BJMC/Media,72.0,7.3,Parents,1.0,7.7,2.6,4.7,Python,Research/Education,Self-employed/Freelance,Metro city,Government Officer
INDYCC00425,24,Non-binary/Prefer not to say,North,Tier 3,Science,B.Tech/B.E.,52.0,5.5,Friends/Peers,5.8,7.2,3.8,6.9,SQL,Research/Education,Self-employed/Freelance,Metro city,Researcher/Academician
INDYCC00426,19,Female,West,Tier 3,Arts/Humanities,LLB,82.8,8.28,Parents,4.3,5.3,5.7,8.6,SQL,Business & Finance,Self-employed/Freelance,Any city in India,Financial Analyst
INDYCC00427,21,Female,North,Tier 2,Commerce,BCA,52.9,5.15,Friends/Peers,2.7,7.7,3.5,7.6,SQL,Research/Education,Private sector,Any city in India,Financial Analyst
INDYCC00428,22,Male,North,Tier 2,Science,MBBS/Health Sciences,85.7,8.36,Parents,4.8,6.6,6.1,5.8,Python,Research/Education,Private sector,Any city in India,Software Engineer
INDYCC00429,23,Male,West,Tier 2,Science,BCA,58.8,6.18,Social Media,9.3,9.4,7.0,7.5,Python,Design & Media,Startup,Remote/Hybrid,Digital Marketer
INDYCC00430,23,Female,East,Tier 1,Arts/Humanities,B.Des,64.2,6.58,Parents,3.2,7.3,7.2,9.0,Python,Technology,Private sector,Metro city,Digital Marketer
INDYCC00431,23,Female,East,Tier 2,Commerce,BBA,72.0,7.15,Parents,6.6,6.0,4.5,8.3,SQL,Research/Education,Government sector,Metro city,Financial Analyst
INDYCC00432,18,Male,Central,Tier 2,Commerce,BMS,80.7,7.96,Parents,2.6,4.6,7.2,1.2,SQL,Technology,Government sector,Any city in India,Product Manager
INDYCC00433,23,Female,North,Tier 1,Science,B.Sc.,69.7,6.58,Friends/Peers,5.3,6.6,7.5,5.3,JavaScript,Research/Education,Private sector,Remote/Hybrid,Healthcare Professional
INDYCC00434,17,Female,West,Tier 2,Commerce,CA/Professional Course,66.8,6.62,Parents,5.6,7.8,7.1,3.1,JavaScript,Research/Education,Higher studies,Remote/Hybrid,Researcher/Academician
INDYCC00435,22,Female,South,Tier 3,Science,MBBS/Health Sciences,70.0,7.05,Passion/Interest,5.6,4.9,5.2,6.9,C++,Healthcare,Higher studies,Hometown,Healthcare Professional
INDYCC00436,21,Female,South,Tier 1,Science,MBBS/Health Sciences,84.0,8.59,Parents,6.1,5.5,6.8,3.5,Python,Business & Finance,Private sector,Remote/Hybrid,Financial Analyst
INDYCC00437,22,Male,South,Tier 2,Science,B.Tech/B.E.,70.0,7.03,Social Media,5.1,5.7,9.5,6.1,JavaScript,Government/Public Service,Private sector,Any city in India,Government Officer
INDYCC00438,22,Male,Northeast,Tier 1,Arts/Humanities,BBA,79.8,7.78,Friends/Peers,2.7,4.6,3.6,5.5,Python,Technology,Private sector,Metro city,Software Engineer
INDYCC00439,21,Male,North,Tier 1,Science,BCA,74.3,7.11,Passion/Interest,6.6,5.9,8.3,6.3,JavaScript,Government/Public Service,Startup,Metro city,Data Scientist
INDYCC00440,24,Male,East,Tier 1,Science,B.Tech/B.E.,,9.12,Parents,9.4,6.6,8.8,7.7,Python,Research/Education,Government sector,Remote/Hybrid,Software Engineer
INDYCC00441,20,Female,Northeast,Tier 3,Arts/Humanities,B.A.,71.3,7.11,Salary/Package,3.3,6.4,5.1,9.8,,Research/Education,Higher studies,Remote/Hybrid,Digital Marketer
INDYCC00442,18,Female,West,Tier 2,Science,B.Sc.,66.4,6.14,Parents,8.8,3.8,5.8,5.0,,Healthcare,Private sector,Metro city,Software Engineer
INDYCC00443,22,Female,North,Tier 3,Commerce,BBA,76.0,7.92,Parents,6.4,7.3,4.9,2.8,,Business & Finance,Higher studies,Metro city,Financial Analyst
INDYCC00444,18,Female,South,Tier 1,Commerce,BMS,69.6,6.74,Passion/Interest,5.6,8.5,5.3,6.1,C++,Research/Education,Private sector,Metro city,Financial Analyst
INDYCC00445,19,Male,North,Tier 1,Commerce,B.Com,74.9,7.35,Friends/Peers,2.1,8.7,7.3,4.5,,Design & Media,Private sector,Metro city,Digital Marketer
INDYCC00446,20,Male,Central,Tier 3,Science,B.Pharm,80.5,8.26,Salary/Package,9.4,3.7,6.6,6.0,Java,Business & Finance,Private sector,Metro city,Software Engineer
INDYCC00447,24,Male,Central,Tier 3,Commerce,B.Com,93.4,9.47,Friends/Peers,5.0,6.2,4.6,6.7,C++,Government/Public Service,Government sector,Any city in India,Government Officer
INDYCC00448,17,Female,South,Tier 2,Commerce,B.Com,79.7,7.88,Social Media,4.2,7.9,5.1,6.4,,Design & Media,Self-employed/Freelance,Any city in India,Digital Marketer
INDYCC00449,20,Female,North,Tier 3,Arts/Humanities,B.Des,49.3,5.0,Salary/Package,3.4,8.1,5.7,6.1,,Healthcare,Private sector,Remote/Hybrid,Digital Marketer
INDYCC00450,18,Female,North,Tier 3,Commerce,BCA,66.2,6.85,Parents,5.8,4.6,6.9,4.7,C++,Marketing,Private sector,Any city in India,Financial Analyst
INDYCC00451,22,Female,North,Tier 2,Commerce,CA/Professional Course,57.1,5.87,Social Media,4.6,5.5,5.7,7.4,Python,Healthcare,Private sector,Any city in India,Healthcare Professional
INDYCC00452,23,Female,West,Tier 1,Science,B.Pharm,75.7,7.87,Friends/Peers,7.8,6.0,5.6,8.0,C++,Technology,Self-employed/Freelance,Metro city,Software Engineer
INDYCC00453,20,Female,South,Tier 3,Commerce,BMS,85.3,8.52,Parents,5.2,7.3,6.6,4.5,SQL,Research/Education,Startup,Any city in India,Product Manager
INDYCC00454,20,Male,South,Tier 1,Science,B.Pharm,66.7,6.48,Passion/Interest,8.0,7.2,6.8,9.3,Python,Technology,Private sector,Metro city,Software Engineer
INDYCC00455,21,Female,West,Tier 1,Science,B.Sc.,58.5,6.11,Parents,5.5,5.5,10.0,6.8,C++,Design & Media,Private sector,Remote/Hybrid,Digital Marketer
INDYCC00456,24,Female,West,Tier 2,Science,BCA,81.7,7.98,Parents,7.4,7.3,8.1,3.5,,Design & Media,Higher studies,Hometown,Software Engineer
INDYCC00457,22,Male,East,Tier 1,Arts/Humanities,BJMC/Media,61.0,6.12,Friends/Peers,3.5,6.9,7.6,4.7,,Marketing,Higher studies,Remote/Hybrid,Researcher/Academician
INDYCC00458,18,Male,North,Tier 2,Science,B.Sc.,59.0,6.09,Salary/Package,4.1,5.6,4.8,6.7,SQL,Technology,Private sector,Metro city,Data Scientist
INDYCC00459,18,Male,Northeast,Tier 2,Science,B.Tech/B.E.,73.8,7.37,Parents,4.4,7.5,8.8,5.8,SQL,Government/Public Service,Startup,Metro city,Government Officer
INDYCC00460,24,Female,North,Tier 1,Science,BCA,67.4,6.63,Social Media,6.0,6.4,5.3,2.1,"Python, SQL",Business & Finance,Higher studies,Metro city,Software Engineer
INDYCC00461,24,Female,West,Tier 2,Science,B.Tech/B.E.,57.2,5.61,Social Media,8.2,10.0,9.8,4.1,Python,Government/Public Service,Private sector,Remote/Hybrid,Data Scientist
INDYCC00462,22,Female,South,Tier 2,Commerce,B.Com,72.4,7.17,Parents,5.2,6.2,6.2,4.4,,Business & Finance,Startup,Metro city,Financial Analyst
INDYCC00463,20,Female,North,Tier 3,Arts/Humanities,LLB,73.6,7.41,Social Media,2.2,7.3,6.0,9.1,SQL,Research/Education,Private sector,Remote/Hybrid,Digital Marketer
INDYCC00464,22,Male,South,Tier 3,Commerce,BMS,98.0,9.8,Passion/Interest,6.0,4.6,8.1,7.7,C++,Marketing,Private sector,Any city in India,UI/UX Designer
INDYCC00465,18,Male,North,Tier 2,Science,B.Pharm,78.6,8.05,Passion/Interest,4.6,4.9,8.3,6.0,,Business & Finance,Government sector,Metro city,Data Scientist
INDYCC00466,20,Female,South,Tier 3,Science,B.Sc.,56.3,5.09,Passion/Interest,7.1,6.5,5.1,5.3,SQL,Marketing,Higher studies,Any city in India,Software Engineer
INDYCC00467,21,Non-binary/Prefer not to say,North,Tier 2,Arts/Humanities,B.A.,66.1,6.77,Social Media,4.4,7.1,3.1,7.8,Python,Healthcare,Self-employed/Freelance,Metro city,Digital Marketer
INDYCC00468,17,Female,West,Tier 2,Science,B.Tech/B.E.,69.5,6.46,Social Media,4.9,6.2,5.9,6.1,,Design & Media,Startup,Remote/Hybrid,Data Scientist
INDYCC00469,24,Male,North,Tier 2,Science,B.Pharm,83.2,8.45,Passion/Interest,5.9,3.0,7.8,6.9,JavaScript,Marketing,Higher studies,Any city in India,Software Engineer
INDYCC00470,23,Male,North,Tier 2,Science,MBBS/Health Sciences,76.2,7.1,Friends/Peers,5.6,5.1,8.8,7.6,"Python, SQL",Technology,Government sector,Remote/Hybrid,Software Engineer
INDYCC00471,20,Male,South,Tier 1,Commerce,BBA,63.3,6.53,Salary/Package,6.2,6.6,6.1,3.9,JavaScript,Marketing,Private sector,Any city in India,Financial Analyst
INDYCC00472,24,Female,North,Tier 2,Science,B.Sc.,65.9,5.96,Social Media,7.6,7.5,8.4,7.1,,Government/Public Service,Private sector,Any city in India,Government Officer
INDYCC00473,23,Female,East,Tier 3,Science,MBBS/Health Sciences,58.7,5.8,Salary/Package,7.6,5.0,7.7,8.6,Python,Marketing,Startup,Any city in India,Software Engineer
INDYCC00474,18,Female,South,Tier 2,Arts/Humanities,LLB,90.7,8.97,Parents,4.0,7.7,7.1,6.4,Python,Research/Education,Government sector,Metro city,Researcher/Academician
INDYCC00475,24,Male,West,Tier 1,Arts/Humanities,B.A.,73.7,7.92,Social Media,1.0,6.9,3.2,6.3,SQL,Marketing,Government sector,Any city in India,UI/UX Designer
INDYCC00476,23,Female,South,Tier 3,Science,BCA,70.4,7.07,Passion/Interest,8.0,7.7,6.9,7.9,Python,Healthcare,Private sector,Any city in India,Healthcare Professional
INDYCC00477,20,Female,North,Tier 2,Commerce,CA/Professional Course,69.2,7.07,Parents,4.2,5.3,6.3,6.2,,Business & Finance,Government sector,Any city in India,Financial Analyst
INDYCC00478,20,Female,Northeast,Tier 2,Arts/Humanities,BJMC/Media,68.0,6.34,Salary/Package,3.6,8.6,4.2,5.8,SQL,Healthcare,Government sector,Metro city,Researcher/Academician
INDYCC00479,20,Female,Central,Tier 2,Commerce,BMS,71.4,7.18,Passion/Interest,6.7,3.5,7.2,4.1,,Healthcare,Government sector,Hometown,Financial Analyst
INDYCC00480,22,Male,West,Tier 1,Science,MBBS/Health Sciences,75.3,7.63,Social Media,5.8,5.1,6.2,3.5,C++,Technology,Higher studies,Remote/Hybrid,Software Engineer
INDYCC00481,18,Female,North,Tier 2,Science,B.Tech/B.E.,70.3,6.81,Salary/Package,6.2,5.4,6.3,4.6,Java,Healthcare,Private sector,Any city in India,Data Scientist
INDYCC00482,19,Female,Central,Tier 1,Arts/Humanities,BBA,82.6,8.28,Parents,5.2,8.2,6.5,9.2,C++,Business & Finance,Government sector,Metro city,Digital Marketer
INDYCC00483,19,Female,Central,Tier 2,Arts/Humanities,BBA,70.2,6.88,Salary/Package,3.1,4.1,5.9,5.6,,Healthcare,Startup,Any city in India,Healthcare Professional
INDYCC00484,22,Female,North,Tier 1,Arts/Humanities,B.Des,71.6,7.27,Salary/Package,3.4,9.3,3.7,6.5,SQL,Government/Public Service,Private sector,Any city in India,Government Officer
INDYCC00485,17,Female,South,Tier 2,Science,B.Tech/B.E.,,7.09,Passion/Interest,6.7,4.4,7.3,6.0,"Python, SQL",Technology,Government sector,Metro city,Data Scientist
INDYCC00486,18,Female,Central,Tier 3,Commerce,BBA,76.5,7.79,Passion/Interest,4.5,3.9,6.6,5.3,,Business & Finance,Private sector,Metro city,Financial Analyst
INDYCC00487,19,Female,West,Tier 2,Commerce,BMS,70.4,7.35,Salary/Package,1.5,6.8,6.8,5.6,SQL,Business & Finance,Private sector,Remote/Hybrid,Financial Analyst
INDYCC00488,17,Male,Central,Tier 1,Commerce,BMS,74.1,7.07,Friends/Peers,3.8,4.1,7.7,5.0,Python,Government/Public Service,Private sector,Remote/Hybrid,Government Officer
INDYCC00489,19,Male,East,Tier 2,Science,B.Tech/B.E.,51.2,5.01,Parents,5.3,7.3,7.0,3.5,Java,Design & Media,Private sector,Any city in India,Digital Marketer
INDYCC00490,17,Male,Central,Tier 2,Science,B.Pharm,,8.45,Friends/Peers,9.8,2.8,7.8,5.8,SQL,Technology,Private sector,Remote/Hybrid,Software Engineer
INDYCC00491,17,Female,North,Tier 3,Science,MBBS/Health Sciences,70.1,6.41,Passion/Interest,6.9,3.6,8.0,6.8,,Marketing,Higher studies,Remote/Hybrid,Software Engineer
INDYCC00492,24,Male,North,Tier 1,Science,MBBS/Health Sciences,70.0,7.09,Passion/Interest,8.5,7.1,5.6,7.6,SQL,Technology,Higher studies,Metro city,Software Engineer
INDYCC00493,19,Male,South,Tier 2,Arts/Humanities,B.Des,,6.07,Social Media,3.2,8.9,7.1,8.8,Python,Government/Public Service,Government sector,Hometown,Government Officer
INDYCC00494,19,Male,North,Tier 2,Science,B.Pharm,61.0,6.49,Passion/Interest,7.3,5.8,9.6,4.3,Java,Business & Finance,Government sector,Remote/Hybrid,Software Engineer
INDYCC00495,18,Female,South,Tier 1,Science,MBBS/Health Sciences,74.0,6.75,Salary/Package,6.6,6.2,7.9,3.9,"Python, SQL",Marketing,Private sector,Hometown,Data Scientist
INDYCC00496,23,Male,East,Tier 1,Arts/Humanities,BJMC/Media,57.7,5.89,Friends/Peers,5.0,6.2,3.9,8.1,,Marketing,Private sector,Metro city,Digital Marketer
INDYCC00497,20,Female,Northeast,Tier 1,Arts/Humanities,LLB,71.2,6.75,Social Media,1.0,7.9,7.0,8.9,,Marketing,Government sector,Metro city,Digital Marketer
INDYCC00498,24,Male,Northeast,Tier 2,Commerce,BMS,66.5,6.49,Parents,4.0,4.3,8.9,7.0,SQL,Government/Public Service,Private sector,Any city in India,Government Officer
INDYCC00499,18,Female,North,Tier 1,Arts/Humanities,B.A.,68.7,7.09,Salary/Package,1.7,6.2,5.0,9.7,SQL,Technology,Private sector,Metro city,Product Manager
INDYCC00500,20,Female,East,Tier 2,Science,B.Pharm,72.6,7.5,Parents,7.6,3.9,9.0,3.7,JavaScript,Research/Education,Startup,Remote/Hybrid,Data Scientist
INDYCC00501,22,Female,North,Tier 2,Science,B.Sc.,98.0,9.57,Social Media,8.5,6.2,6.4,3.2,JavaScript,Business & Finance,Private sector,Metro city,Data Scientist
INDYCC00502,17,Male,North,Tier 3,Science,B.Sc.,56.4,5.6,Parents,4.5,7.5,7.4,4.0,Python,Research/Education,Higher studies,Metro city,Researcher/Academician
INDYCC00503,21,Female,West,Tier 1,Commerce,BCA,78.2,7.71,Social Media,3.6,6.4,6.5,6.4,,Research/Education,Private sector,Remote/Hybrid,Financial Analyst
INDYCC00504,18,Female,West,Tier 1,Science,B.Sc.,88.3,9.0,Parents,5.8,6.9,6.0,4.5,,Government/Public Service,Startup,Metro city,Government Officer
INDYCC00505,17,Female,South,Tier 2,Arts/Humanities,LLB,79.1,8.01,Salary/Package,4.8,7.9,6.0,9.9,,Design & Media,Government sector,Remote/Hybrid,UI/UX Designer
INDYCC00506,21,Male,Northeast,Tier 1,Commerce,BCA,86.1,8.61,Parents,3.2,5.6,6.3,6.2,Python,Design & Media,Private sector,Hometown,Digital Marketer
INDYCC00507,24,Female,West,Tier 2,Commerce,B.Com,58.3,5.65,Friends/Peers,3.8,4.3,9.2,6.0,SQL,Government/Public Service,Government sector,Metro city,Product Manager
INDYCC00508,17,Male,North,Tier 3,Science,B.Tech/B.E.,86.9,7.88,Friends/Peers,5.5,6.4,10.0,5.3,,Technology,Private sector,Any city in India,Data Scientist
INDYCC00509,21,Male,North,Tier 2,Commerce,BMS,79.2,7.74,Friends/Peers,4.8,4.6,3.5,3.9,SQL,Business & Finance,Private sector,Metro city,Financial Analyst
INDYCC00510,17,Female,West,Tier 1,Commerce,B.Com,79.9,8.06,Parents,9.2,6.0,6.6,6.8,Java,Technology,Higher studies,Metro city,Data Scientist
INDYCC00511,18,Female,North,Tier 1,Arts/Humanities,BJMC/Media,64.8,6.6,Friends/Peers,6.3,8.4,5.4,3.3,JavaScript,Government/Public Service,Government sector,Any city in India,Government Officer
INDYCC00512,17,Male,East,Tier 2,Science,MBBS/Health Sciences,71.7,7.43,Social Media,6.3,9.4,5.2,3.7,C++,Marketing,Private sector,Metro city,Software Engineer
INDYCC00513,21,Male,Central,Tier 1,Arts/Humanities,BJMC/Media,74.2,6.97,Social Media,3.2,8.0,5.9,6.5,Python,Marketing,Private sector,Any city in India,Digital Marketer
INDYCC00514,21,Female,North,Tier 1,Arts/Humanities,BJMC/Media,61.6,6.14,Parents,4.8,8.3,5.6,6.1,SQL,Design & Media,Private sector,Any city in India,UI/UX Designer
INDYCC00515,23,Male,West,Tier 2,Science,B.Sc.,75.2,7.47,Passion/Interest,8.5,5.9,4.9,5.2,"Python, SQL",Government/Public Service,Private sector,Hometown,Data Scientist
INDYCC00516,22,Female,Central,Tier 3,Arts/Humanities,LLB,80.1,8.21,Social Media,2.9,8.5,5.8,5.8,,Marketing,Government sector,Hometown,Product Manager
INDYCC00517,19,Female,North,Tier 3,Commerce,CA/Professional Course,76.3,7.56,Salary/Package,6.0,5.2,6.2,4.4,Python,Technology,Self-employed/Freelance,Any city in India,Product Manager
INDYCC00518,21,Female,South,Tier 2,Science,B.Pharm,66.5,6.71,Salary/Package,4.9,5.9,3.3,6.7,,Technology,Self-employed/Freelance,Remote/Hybrid,Data Scientist
INDYCC00519,18,Male,Northeast,Tier 2,Science,B.Sc.,71.5,7.3,Social Media,5.2,7.9,6.8,3.9,C++,Research/Education,Startup,Metro city,Software Engineer
INDYCC00520,23,Male,North,Tier 2,Science,B.Sc.,85.9,8.99,Passion/Interest,3.4,6.1,4.1,6.4,SQL,Government/Public Service,Private sector,Hometown,UI/UX Designer
INDYCC00521,17,Female,Northeast,Tier 1,Arts/Humanities,BBA,70.8,6.78,Parents,5.0,8.0,7.0,4.4,JavaScript,Business & Finance,Private sector,Metro city,Product Manager
INDYCC00522,17,Female,West,Tier 2,Science,B.Pharm,54.7,5.45,Friends/Peers,4.5,4.5,4.2,3.8,SQL,Government/Public Service,Government sector,Remote/Hybrid,Government Officer
INDYCC00523,20,Female,North,Tier 1,Commerce,B.Com,68.3,7.18,Passion/Interest,4.6,8.5,4.6,9.4,,Business & Finance,Private sector,Metro city,Product Manager
INDYCC00524,23,Male,North,Tier 1,Commerce,B.Com,68.8,6.79,Salary/Package,5.3,6.8,6.8,6.9,,Government/Public Service,Private sector,Metro city,Government Officer
INDYCC00525,21,Female,North,Tier 1,Arts/Humanities,BJMC/Media,70.0,6.89,Parents,4.2,9.7,6.4,5.8,SQL,Design & Media,Private sector,Any city in India,UI/UX Designer
INDYCC00526,18,Male,North,Tier 2,Science,B.Pharm,76.7,7.84,Friends/Peers,6.5,7.5,5.7,1.5,Java,Healthcare,Self-employed/Freelance,Hometown,Healthcare Professional
INDYCC00527,21,Male,West,Tier 3,Commerce,BMS,72.9,7.13,Passion/Interest,7.6,7.2,1.0,8.3,Java,Research/Education,Private sector,Any city in India,Researcher/Academician
INDYCC00528,24,Female,South,Tier 1,Science,BCA,55.7,5.78,Parents,6.1,5.7,7.0,4.1,Python,Marketing,Government sector,Any city in India,Healthcare Professional
INDYCC00529,24,Male,Central,Tier 3,Commerce,BMS,76.2,7.55,Social Media,4.5,8.2,8.8,2.3,Python,Technology,Startup,Hometown,Product Manager
INDYCC00530,18,Male,West,Tier 2,Science,B.Tech/B.E.,76.8,7.86,Parents,4.8,7.4,7.9,6.8,Python,Healthcare,Higher studies,Remote/Hybrid,Healthcare Professional
INDYCC00531,18,Female,Northeast,Tier 3,Science,BCA,58.7,6.34,Social Media,10.0,6.3,5.7,8.5,SQL,Healthcare,Higher studies,Any city in India,Researcher/Academician
INDYCC00532,23,Female,Central,Tier 3,Science,B.Sc.,,8.04,Passion/Interest,7.9,6.2,7.7,8.4,Python,Healthcare,Private sector,Hometown,Healthcare Professional
INDYCC00533,22,Male,West,Tier 1,Science,B.Pharm,82.3,7.9,Parents,4.0,8.0,5.7,2.2,,Healthcare,Private sector,Any city in India,Healthcare Professional
INDYCC00534,19,Female,North,Tier 2,Arts/Humanities,BBA,77.7,7.4,Friends/Peers,9.0,6.5,4.4,8.4,SQL,Technology,Government sector,Any city in India,Software Engineer
INDYCC00535,22,Male,Central,Tier 2,Science,BCA,82.5,8.15,Parents,6.3,5.5,5.3,6.9,Python,Technology,Private sector,Hometown,Software Engineer
INDYCC00536,22,Male,Central,Tier 3,Science,BCA,54.3,5.0,Passion/Interest,9.1,5.5,4.9,3.8,C++,Business & Finance,Private sector,Any city in India,Healthcare Professional
INDYCC00537,17,Male,North,Tier 1,Science,MBBS/Health Sciences,51.4,5.0,Passion/Interest,9.0,5.5,3.4,4.2,Java,Technology,Private sector,Remote/Hybrid,Data Scientist
INDYCC00538,17,Male,West,Tier 2,Commerce,BCA,80.0,8.17,Parents,8.0,7.1,6.0,6.3,Python,Research/Education,Private sector,Metro city,Financial Analyst
INDYCC00539,18,Male,South,Tier 1,Science,B.Sc.,,8.01,Salary/Package,6.6,8.4,6.4,6.6,Java,Research/Education,Private sector,Remote/Hybrid,Software Engineer
INDYCC00540,20,Female,West,Tier 1,Science,B.Pharm,83.5,8.63,Social Media,3.1,4.6,3.9,3.5,,Healthcare,Private sector,Any city in India,Healthcare Professional
INDYCC00541,23,Male,Central,Tier 1,Science,B.Pharm,83.8,8.6,Passion/Interest,8.3,6.0,5.6,6.6,C++,Marketing,Government sector,Remote/Hybrid,Software Engineer
INDYCC00542,17,Male,Central,Tier 2,Arts/Humanities,BBA,61.5,6.35,Social Media,3.1,8.4,3.6,5.6,,Healthcare,Government sector,Metro city,UI/UX Designer
INDYCC00543,18,Female,North,Tier 3,Science,B.Sc.,76.6,7.38,Passion/Interest,7.8,7.1,8.2,5.8,Java,Business & Finance,Private sector,Hometown,Data Scientist
INDYCC00544,18,Male,West,Tier 2,Commerce,CA/Professional Course,78.9,7.78,Friends/Peers,3.6,5.8,7.1,8.4,,Technology,Self-employed/Freelance,Hometown,Product Manager
INDYCC00545,18,Female,North,Tier 1,Arts/Humanities,B.A.,76.7,7.22,Passion/Interest,6.9,7.7,5.9,9.6,JavaScript,Technology,Government sector,Metro city,UI/UX Designer
INDYCC00546,19,Male,South,Tier 1,Science,B.Pharm,74.4,7.75,,4.4,7.8,6.4,3.1,,Design & Media,Private sector,Hometown,Software Engineer
INDYCC00547,22,Male,South,Tier 3,Arts/Humanities,B.A.,87.2,8.8,Friends/Peers,5.8,4.8,6.5,8.5,SQL,Technology,Higher studies,Remote/Hybrid,Software Engineer
INDYCC00548,19,Male,West,Tier 2,Science,BCA,57.1,5.83,Social Media,7.6,6.0,7.2,5.3,JavaScript,Technology,Startup,Remote/Hybrid,Software Engineer
INDYCC00549,20,Male,East,Tier 2,Arts/Humanities,BJMC/Media,72.7,7.51,Passion/Interest,3.1,7.6,4.4,5.9,,Business & Finance,Government sector,Hometown,Digital Marketer
INDYCC00550,19,Male,North,Tier 2,Science,B.Tech/B.E.,75.5,7.42,Parents,6.1,3.3,5.1,6.4,"Python, SQL",Business & Finance,Private sector,Any city in India,Financial Analyst
INDYCC00551,21,Male,West,Tier 3,Science,BCA,58.4,6.43,Passion/Interest,5.1,6.4,7.0,7.0,Python,Technology,Private sector,Metro city,Software Engineer
INDYCC00552,19,Male,South,Tier 2,Arts/Humanities,BBA,74.8,7.33,Parents,4.2,7.1,5.0,7.7,Python,Research/Education,Startup,Hometown,UI/UX Designer
INDYCC00553,19,Male,West,Tier 1,Arts/Humanities,B.Des,89.7,8.75,Parents,5.2,5.4,5.3,7.1,C++,Design & Media,Private sector,Metro city,UI/UX Designer
INDYCC00554,20,Female,East,Tier 1,Arts/Humanities,LLB,79.9,7.91,Social Media,3.3,6.6,4.5,8.5,,Technology,Private sector,Metro city,Digital Marketer
INDYCC00555,22,Female,Northeast,Tier 1,Science,B.Tech/B.E.,84.9,8.24,Parents,8.7,7.4,5.7,2.5,SQL,Business & Finance,Private sector,Metro city,Software Engineer
INDYCC00556,20,Male,North,Tier 2,Arts/Humanities,BJMC/Media,84.6,8.6,Salary/Package,1.7,8.3,2.7,7.7,,Research/Education,Self-employed/Freelance,Metro city,Software Engineer
INDYCC00557,20,Female,North,Tier 3,Commerce,BBA,69.3,6.96,,4.2,6.1,7.8,5.7,,Technology,Startup,Hometown,Product Manager
INDYCC00558,21,Male,Central,Tier 1,Commerce,BBA,79.9,8.08,Parents,2.5,5.9,7.7,5.3,Python,Healthcare,Startup,Hometown,Healthcare Professional
INDYCC00559,17,Female,Central,Tier 1,Science,B.Pharm,78.8,7.9,Passion/Interest,8.0,5.1,2.9,7.2,JavaScript,Healthcare,Government sector,Metro city,Healthcare Professional
INDYCC00560,19,Male,North,Tier 1,Arts/Humanities,LLB,71.4,6.95,Social Media,1.0,7.7,6.5,6.0,Python,Business & Finance,Startup,Metro city,Digital Marketer
INDYCC00561,22,Female,West,Tier 3,Science,BCA,86.9,9.15,Passion/Interest,2.6,6.5,7.3,5.0,,Research/Education,Self-employed/Freelance,Metro city,Researcher/Academician
INDYCC00562,19,Male,Central,Tier 3,Science,BCA,84.2,9.0,Friends/Peers,9.2,4.6,8.6,6.8,"Python, SQL",Business & Finance,Self-employed/Freelance,Any city in India,Data Scientist
INDYCC00563,21,Female,Central,Tier 3,Arts/Humanities,BJMC/Media,78.1,8.14,Parents,2.4,6.8,6.2,7.9,Python,Healthcare,Self-employed/Freelance,Hometown,Researcher/Academician
INDYCC00564,22,Male,Northeast,Tier 2,Commerce,BCA,64.6,5.76,Social Media,5.3,5.1,8.4,3.9,C++,Design & Media,Higher studies,Any city in India,Financial Analyst
INDYCC00565,18,Male,West,Tier 2,Arts/Humanities,BBA,89.1,8.47,Passion/Interest,4.2,6.8,4.9,8.0,,Healthcare,Private sector,Metro city,Digital Marketer
INDYCC00566,19,Male,North,Tier 3,Science,BCA,49.0,5.0,Salary/Package,3.3,5.7,5.0,7.2,SQL,Business & Finance,Private sector,Metro city,Software Engineer
INDYCC00567,17,Male,North,Tier 2,Commerce,BCA,80.9,7.88,Friends/Peers,5.7,6.1,7.7,4.5,JavaScript,Design & Media,Private sector,Any city in India,Financial Analyst
INDYCC00568,20,Male,South,Tier 1,Science,B.Tech/B.E.,67.7,6.31,Social Media,6.8,6.1,8.2,3.2,Python,Technology,Higher studies,Any city in India,Software Engineer
INDYCC00569,24,Male,West,Tier 2,Arts/Humanities,BJMC/Media,64.6,6.24,Salary/Package,6.6,5.4,6.8,9.2,C++,Healthcare,Government sector,Hometown,Software Engineer
INDYCC00570,22,Male,South,Tier 3,Science,B.Pharm,78.9,8.07,Salary/Package,5.5,6.3,4.9,9.6,,Technology,Self-employed/Freelance,Any city in India,Software Engineer
INDYCC00571,20,Male,West,Tier 2,Commerce,BMS,55.6,5.46,Salary/Package,3.5,5.4,6.4,3.0,,Technology,Higher studies,Any city in India,Financial Analyst
INDYCC00572,24,Male,Central,Tier 1,Science,BCA,74.0,6.94,Salary/Package,6.1,5.5,9.6,5.5,Java,Technology,Private sector,Metro city,Software Engineer
INDYCC00573,19,Male,East,Tier 2,Arts/Humanities,BJMC/Media,74.9,7.17,Salary/Package,5.0,5.7,5.0,6.6,Python,Marketing,Private sector,Hometown,Healthcare Professional
INDYCC00574,18,Male,West,Tier 2,Science,B.Tech/B.E.,88.6,9.28,Friends/Peers,8.0,5.2,5.9,7.7,,Design & Media,Government sector,Hometown,Data Scientist
INDYCC00575,24,Female,Northeast,Tier 3,Commerce,BBA,88.4,8.69,Parents,3.3,6.6,3.5,6.7,SQL,Business & Finance,Government sector,Any city in India,Financial Analyst
INDYCC00576,24,Non-binary/Prefer not to say,Northeast,Tier 3,Science,B.Sc.,54.2,5.19,Passion/Interest,6.2,5.1,5.2,6.2,C++,Design & Media,Private sector,Hometown,Data Scientist
INDYCC00577,19,Female,Northeast,Tier 1,Science,B.Pharm,74.2,7.35,Parents,7.0,6.0,5.5,3.3,C++,Marketing,Private sector,Remote/Hybrid,Data Scientist
INDYCC00578,17,Male,West,Tier 2,Science,B.Tech/B.E.,75.3,7.42,Social Media,10.0,7.6,7.8,6.0,C++,Healthcare,Startup,Metro city,Healthcare Professional
INDYCC00579,17,Male,South,Tier 3,Science,B.Sc.,80.0,8.15,Passion/Interest,10.0,5.5,8.3,4.1,,Design & Media,Private sector,Remote/Hybrid,Data Scientist
INDYCC00580,20,Female,West,Tier 2,Arts/Humanities,BJMC/Media,95.9,9.47,Passion/Interest,2.1,9.1,6.4,7.1,Python,Technology,Higher studies,Hometown,Digital Marketer
INDYCC00581,20,Female,East,Tier 2,Commerce,CA/Professional Course,72.4,7.58,Salary/Package,6.7,7.7,5.0,7.1,JavaScript,Healthcare,Private sector,Hometown,Healthcare Professional
INDYCC00582,24,Male,West,Tier 2,Science,B.Tech/B.E.,80.1,8.07,Parents,4.1,7.9,7.1,8.4,,Marketing,Startup,Any city in India,Data Scientist
INDYCC00583,18,Male,West,Tier 2,Commerce,BMS,67.1,6.58,Friends/Peers,5.5,6.5,7.4,5.0,C++,Business & Finance,Startup,Any city in India,Product Manager
INDYCC00584,18,Female,Central,Tier 2,Science,MBBS/Health Sciences,77.8,7.62,Passion/Interest,5.8,1.6,9.3,4.9,JavaScript,Technology,Startup,Hometown,Software Engineer
INDYCC00585,17,Female,South,Tier 1,Commerce,BMS,80.4,7.99,Parents,3.6,3.2,7.2,10.0,,Marketing,Private sector,Metro city,Product Manager
INDYCC00586,24,Male,West,Tier 2,Arts/Humanities,BJMC/Media,72.9,7.01,Friends/Peers,6.4,6.5,3.8,10.0,JavaScript,Healthcare,Private sector,Any city in India,Healthcare Professional
INDYCC00587,20,Male,West,Tier 1,Science,BCA,73.1,7.48,Social Media,6.8,7.6,6.5,3.1,Java,Government/Public Service,Startup,Hometown,Product Manager
INDYCC00588,18,Female,Northeast,Tier 1,Science,BCA,80.4,8.28,Friends/Peers,6.0,5.0,7.1,5.9,SQL,Business & Finance,Private sector,Remote/Hybrid,Financial Analyst
INDYCC00589,24,Male,South,Tier 1,Science,B.Tech/B.E.,85.6,8.7,Friends/Peers,6.3,7.5,7.8,6.4,Python,Design & Media,Startup,Any city in India,Digital Marketer
INDYCC00590,18,Male,North,Tier 2,Commerce,BCA,52.2,5.0,Passion/Interest,3.9,4.5,7.1,3.3,Python,Research/Education,Private sector,Remote/Hybrid,Researcher/Academician
INDYCC00591,19,Male,Central,Tier 2,Science,MBBS/Health Sciences,68.1,6.35,Parents,8.7,7.6,7.2,4.7,Python,Marketing,Higher studies,Any city in India,Data Scientist
INDYCC00592,22,Male,West,Tier 2,Arts/Humanities,BJMC/Media,74.7,7.55,Parents,5.5,4.7,6.7,6.4,SQL,Design & Media,Startup,Metro city,UI/UX Designer
INDYCC00593,22,Female,North,Tier 1,Arts/Humanities,BJMC/Media,71.8,6.98,Passion/Interest,5.3,7.3,4.4,5.8,JavaScript,Marketing,Startup,Metro city,Government Officer
INDYCC00594,17,Female,East,Tier 2,Commerce,BBA,83.0,8.38,Friends/Peers,4.0,4.9,8.0,5.7,Python,Technology,Startup,Metro city,Product Manager
INDYCC00595,23,Female,Northeast,Tier 2,Science,B.Tech/B.E.,95.0,9.27,Parents,9.7,2.9,7.7,5.3,"Python, SQL",Business & Finance,Self-employed/Freelance,Metro city,Product Manager
INDYCC00596,21,Female,South,Tier 1,Commerce,B.Com,67.4,6.7,Parents,4.4,7.6,7.2,4.9,Python,Business & Finance,Startup,Metro city,Financial Analyst
INDYCC00597,19,Female,North,Tier 2,Science,B.Sc.,79.2,8.13,Friends/Peers,4.9,4.7,7.2,5.5,,Business & Finance,Self-employed/Freelance,Metro city,Financial Analyst
INDYCC00598,22,Female,North,Tier 2,Arts/Humanities,B.A.,61.7,6.2,Social Media,3.3,3.0,4.3,9.5,Python,Government/Public Service,Private sector,Remote/Hybrid,UI/UX Designer
INDYCC00599,17,Male,North,Tier 2,Commerce,B.Com,58.2,5.52,Social Media,4.8,4.7,5.7,4.5,,Design & Media,Private sector,Metro city,UI/UX Designer
INDYCC00600,17,Male,Central,Tier 1,Arts/Humanities,LLB,61.7,6.16,Friends/Peers,5.6,10.0,5.0,4.2,SQL,Research/Education,Private sector,Remote/Hybrid,Researcher/Academician
INDYCC00601,19,Female,South,Tier 2,Science,B.Tech/B.E.,68.4,6.81,Passion/Interest,6.3,6.7,7.7,7.1,JavaScript,Marketing,Government sector,Any city in India,Healthcare Professional
INDYCC00602,18,Male,East,Tier 1,Commerce,BCA,80.7,7.86,Passion/Interest,6.4,6.4,7.5,6.1,Java,Technology,Private sector,Remote/Hybrid,Government Officer
INDYCC00603,22,Male,East,Tier 3,Science,B.Sc.,73.0,7.0,Friends/Peers,5.7,6.7,7.6,2.4,,Government/Public Service,Government sector,Hometown,Data Scientist
INDYCC00604,17,Female,Central,Tier 2,Science,B.Sc.,90.4,8.67,Parents,5.3,6.9,4.7,5.7,,Design & Media,Private sector,Metro city,Data Scientist
INDYCC00605,24,Male,South,Tier 1,Science,B.Sc.,68.1,6.51,Parents,6.0,3.3,4.3,4.0,"Python, SQL",Business & Finance,Startup,Remote/Hybrid,Digital Marketer
INDYCC00606,21,Male,South,Tier 2,Science,B.Pharm,74.5,7.15,Salary/Package,7.0,7.4,6.3,4.2,SQL,Marketing,Private sector,Metro city,Data Scientist
INDYCC00607,24,Male,West,Tier 2,Arts/Humanities,B.A.,72.8,7.0,Salary/Package,1.5,6.1,4.1,6.2,,Technology,Self-employed/Freelance,Metro city,Researcher/Academician
INDYCC00608,20,Female,Central,Tier 3,Science,BCA,,7.73,Salary/Package,7.1,4.8,7.3,3.9,JavaScript,Design & Media,Government sector,Remote/Hybrid,Software Engineer
INDYCC00609,21,Male,West,Tier 3,Commerce,CA/Professional Course,75.1,7.58,Passion/Interest,4.0,7.1,5.0,4.2,SQL,Technology,Private sector,Metro city,Product Manager
INDYCC00610,24,Female,East,Tier 2,Commerce,CA/Professional Course,89.2,8.68,Parents,5.1,3.7,5.3,4.4,Java,Design & Media,Startup,Any city in India,UI/UX Designer
INDYCC00611,19,Female,South,Tier 3,Arts/Humanities,B.Des,50.8,5.19,Passion/Interest,1.7,4.5,7.2,8.8,SQL,Technology,Government sector,Any city in India,Government Officer
INDYCC00612,18,Male,North,Tier 1,Science,MBBS/Health Sciences,77.5,7.58,Passion/Interest,4.4,5.1,6.4,2.8,SQL,Research/Education,Higher studies,Metro city,Researcher/Academician
INDYCC00613,23,Male,Central,Tier 1,Commerce,CA/Professional Course,62.9,6.14,Salary/Package,4.9,7.3,5.2,4.6,,Business & Finance,Self-employed/Freelance,Any city in India,Product Manager
INDYCC00614,23,Male,Central,Tier 2,Science,BCA,63.3,6.68,Passion/Interest,8.0,5.1,7.4,6.1,JavaScript,Research/Education,Government sector,Metro city,Data Scientist
INDYCC00615,22,Female,East,Tier 1,Science,BCA,67.9,6.72,Salary/Package,5.6,5.7,8.2,3.2,Python,Marketing,Higher studies,Hometown,Software Engineer
INDYCC00616,17,Female,Northeast,Tier 3,Arts/Humanities,LLB,81.0,8.39,Passion/Interest,6.0,8.5,3.4,8.8,Python,Marketing,Government sector,Metro city,Government Officer
INDYCC00617,22,Female,Northeast,Tier 1,Arts/Humanities,LLB,52.4,5.64,Parents,1.8,7.7,7.7,6.5,Python,Design & Media,Private sector,Any city in India,Digital Marketer
INDYCC00618,17,Male,South,Tier 1,Science,B.Sc.,64.7,6.87,Social Media,6.2,5.3,5.1,5.3,"Python, SQL",Business & Finance,Government sector,Any city in India,Financial Analyst
INDYCC00619,21,Female,West,Tier 1,Science,B.Tech/B.E.,67.9,6.95,Social Media,9.6,5.6,7.0,7.0,"Python, SQL",Technology,Government sector,Remote/Hybrid,Software Engineer
INDYCC00620,23,Non-binary/Prefer not to say,Central,Tier 2,Science,BCA,78.2,7.6,Parents,1.8,4.5,5.6,4.7,,Healthcare,Government sector,Metro city,Healthcare Professional
INDYCC00621,24,Female,South,Tier 3,Commerce,CA/Professional Course,71.3,7.03,Passion/Interest,3.9,6.1,6.1,6.7,Python,Technology,Higher studies,Metro city,Data Scientist
INDYCC00622,18,Non-binary/Prefer not to say,East,Tier 2,Arts/Humanities,B.Des,79.2,7.81,Friends/Peers,2.6,6.7,6.6,6.6,,Business & Finance,Government sector,Metro city,UI/UX Designer
INDYCC00623,17,Male,South,Tier 3,Science,MBBS/Health Sciences,62.0,6.54,Parents,5.7,7.5,7.0,5.0,JavaScript,Business & Finance,Private sector,Metro city,Product Manager
INDYCC00624,24,Female,West,Tier 2,Science,MBBS/Health Sciences,78.2,7.73,Parents,9.7,4.7,7.4,5.3,Python,Research/Education,Private sector,Metro city,Researcher/Academician
INDYCC00625,21,Male,Central,Tier 3,Science,B.Sc.,89.4,9.18,Parents,8.8,6.6,7.5,6.5,C++,Research/Education,Private sector,Any city in India,Data Scientist
INDYCC00626,21,Female,North,Tier 2,Science,B.Sc.,82.0,8.24,Social Media,5.6,7.7,6.1,5.2,JavaScript,Business & Finance,Private sector,Any city in India,Data Scientist
INDYCC00627,24,Male,West,Tier 3,Science,B.Pharm,,6.76,Passion/Interest,6.0,4.4,7.3,4.1,C++,Business & Finance,Private sector,Metro city,Software Engineer
INDYCC00628,22,Male,South,Tier 2,Science,B.Tech/B.E.,65.1,6.6,Passion/Interest,6.3,7.3,5.5,6.1,"Python, SQL",Business & Finance,Higher studies,Remote/Hybrid,Healthcare Professional
INDYCC00629,19,Female,West,Tier 3,Commerce,BCA,63.7,6.58,Salary/Package,4.3,5.4,6.8,4.2,SQL,Business & Finance,Private sector,Any city in India,Financial Analyst
INDYCC00630,20,Female,North,Tier 2,Science,MBBS/Health Sciences,84.2,8.36,Social Media,3.8,8.2,8.7,7.1,,Marketing,Startup,Hometown,Digital Marketer
INDYCC00631,21,Male,West,Tier 2,Science,B.Pharm,92.3,9.52,Parents,7.5,6.9,7.3,4.7,Python,Technology,Startup,Any city in India,Software Engineer
INDYCC00632,17,Male,North,Tier 1,Commerce,BMS,78.1,7.74,Passion/Interest,2.7,6.9,8.3,4.7,,Government/Public Service,Startup,Remote/Hybrid,Government Officer
INDYCC00633,18,Male,North,Tier 3,Arts/Humanities,B.A.,88.9,8.69,Salary/Package,6.6,9.5,6.0,8.7,SQL,Marketing,Self-employed/Freelance,Any city in India,Digital Marketer
INDYCC00634,18,Female,East,Tier 2,Arts/Humanities,LLB,50.9,5.22,Passion/Interest,3.2,8.6,4.0,5.9,,Design & Media,Startup,Hometown,UI/UX Designer
INDYCC00635,24,Male,East,Tier 2,Commerce,BCA,57.2,6.09,Parents,5.4,9.8,8.1,9.6,C++,Technology,Self-employed/Freelance,Hometown,Product Manager
INDYCC00636,18,Female,North,Tier 2,Science,B.Pharm,49.6,5.0,Parents,9.1,3.8,8.2,7.1,JavaScript,Government/Public Service,Startup,Hometown,Government Officer
INDYCC00637,18,Male,East,Tier 3,Commerce,BBA,80.3,7.79,Friends/Peers,6.4,5.6,7.5,6.1,Python,Design & Media,Startup,Metro city,UI/UX Designer
INDYCC00638,21,Non-binary/Prefer not to say,Central,Tier 3,Arts/Humanities,BJMC/Media,60.0,6.5,Parents,6.3,5.7,7.4,7.8,C++,Research/Education,Government sector,Remote/Hybrid,Researcher/Academician
INDYCC00639,18,Male,Central,Tier 2,Arts/Humanities,LLB,66.2,6.75,Social Media,3.2,6.9,4.9,7.8,SQL,Business & Finance,Private sector,Hometown,Digital Marketer
INDYCC00640,24,Male,North,Tier 3,Commerce,BCA,69.0,6.69,Social Media,4.9,6.3,8.2,4.9,SQL,Technology,Higher studies,Remote/Hybrid,Product Manager
INDYCC00641,20,Female,West,Tier 2,Science,MBBS/Health Sciences,56.1,5.47,Social Media,9.2,2.3,7.1,7.8,"Python, SQL",Design & Media,Private sector,Remote/Hybrid,Software Engineer
INDYCC00642,21,Female,North,Tier 2,Science,B.Tech/B.E.,91.0,9.19,,6.1,7.0,8.3,5.3,Java,Technology,Startup,Remote/Hybrid,Data Scientist
INDYCC00643,22,Male,East,Tier 2,Commerce,BCA,78.5,7.69,Passion/Interest,2.9,6.8,5.5,6.1,,Healthcare,Higher studies,Metro city,Product Manager
INDYCC00644,24,Female,South,Tier 2,Science,BCA,75.7,7.73,Friends/Peers,6.6,5.0,6.4,4.5,Java,Research/Education,Self-employed/Freelance,Hometown,Researcher/Academician
INDYCC00645,17,Female,North,Tier 1,Science,B.Sc.,85.4,8.55,Parents,5.6,5.8,10.0,6.1,C++,Research/Education,Startup,Any city in India,Researcher/Academician
INDYCC00646,18,Male,South,Tier 3,Commerce,BMS,69.3,7.22,Parents,5.6,6.0,5.8,6.9,C++,Research/Education,Private sector,Metro city,Healthcare Professional
INDYCC00647,18,Male,South,Tier 2,Arts/Humanities,B.A.,75.7,7.99,Salary/Package,1.9,4.9,7.1,7.4,SQL,Research/Education,Startup,Any city in India,UI/UX Designer
INDYCC00648,23,Male,South,Tier 3,Commerce,BMS,53.8,5.58,Parents,3.0,5.2,7.8,7.6,,Technology,Private sector,Hometown,Product Manager
INDYCC00649,23,Female,Central,Tier 1,Arts/Humanities,BJMC/Media,54.8,5.6,Social Media,3.6,5.8,6.1,7.0,Python,Healthcare,Startup,Any city in India,Healthcare Professional
INDYCC00650,18,Male,North,Tier 1,Commerce,CA/Professional Course,80.4,7.69,Social Media,5.7,5.2,5.4,7.2,,Technology,Private sector,Metro city,Product Manager
INDYCC00651,24,Male,West,Tier 3,Commerce,BMS,95.9,9.8,Salary/Package,4.1,4.0,7.9,6.1,,Government/Public Service,Startup,Hometown,Government Officer
INDYCC00652,20,Male,Northeast,Tier 3,Science,BCA,63.6,6.28,Salary/Package,6.2,5.0,6.5,3.3,Python,Research/Education,Startup,Any city in India,Software Engineer
INDYCC00653,22,Female,East,Tier 1,Arts/Humanities,BJMC/Media,98.0,9.62,Passion/Interest,4.7,9.4,4.6,5.0,SQL,Government/Public Service,Private sector,Metro city,Government Officer
INDYCC00654,21,Female,East,Tier 3,Science,MBBS/Health Sciences,70.7,7.09,Salary/Package,4.6,6.4,6.8,4.6,,Design & Media,Higher studies,Metro city,UI/UX Designer
INDYCC00655,21,Male,North,Tier 2,Science,B.Sc.,55.9,5.78,Social Media,2.5,4.5,7.7,7.6,Python,Technology,Higher studies,Hometown,Software Engineer
INDYCC00656,20,Female,North,Tier 1,Arts/Humanities,B.A.,70.9,7.4,Salary/Package,3.6,6.9,5.0,4.6,,Technology,Private sector,Remote/Hybrid,Data Scientist
INDYCC00657,22,Female,East,Tier 2,Arts/Humanities,BBA,59.3,6.02,Parents,1.4,6.7,6.5,9.8,SQL,Technology,Private sector,Any city in India,UI/UX Designer
INDYCC00658,24,Male,North,Tier 2,Science,MBBS/Health Sciences,70.9,7.16,Passion/Interest,5.9,5.8,5.3,6.3,C++,Technology,Self-employed/Freelance,Metro city,Software Engineer
INDYCC00659,18,Female,Central,Tier 3,Science,B.Tech/B.E.,97.5,9.76,Parents,7.0,6.4,7.0,6.9,JavaScript,Business & Finance,Private sector,Metro city,Financial Analyst
INDYCC00660,21,Male,West,Tier 2,Commerce,BBA,69.7,6.96,Passion/Interest,3.9,4.6,6.9,6.7,SQL,Design & Media,Higher studies,Metro city,Financial Analyst
INDYCC00661,20,Female,East,Tier 2,Arts/Humanities,LLB,84.3,8.82,Friends/Peers,5.2,6.4,3.2,6.8,,Government/Public Service,Private sector,Metro city,Government Officer
INDYCC00662,17,Male,East,Tier 1,Science,B.Pharm,62.2,6.26,Passion/Interest,4.7,4.3,9.5,4.3,,Marketing,Self-employed/Freelance,Any city in India,Software Engineer
INDYCC00663,23,Female,Northeast,Tier 1,Arts/Humanities,B.Des,62.4,6.37,Passion/Interest,3.0,10.0,6.8,8.2,,Design & Media,Private sector,Any city in India,UI/UX Designer
INDYCC00664,24,Male,North,Tier 1,Commerce,BCA,79.1,8.42,Parents,3.7,6.0,9.7,8.7,Python,Research/Education,Higher studies,Any city in India,Financial Analyst
INDYCC00665,19,Male,West,Tier 3,Science,BCA,77.7,7.51,Social Media,4.6,3.2,7.9,5.9,,Technology,Government sector,Any city in India,Software Engineer
INDYCC00666,20,Female,North,Tier 2,Commerce,BMS,72.7,7.2,Friends/Peers,4.3,7.3,3.6,3.5,Python,Design & Media,Startup,Hometown,UI/UX Designer
INDYCC00667,24,Female,Central,Tier 2,Commerce,CA/Professional Course,69.5,6.85,Parents,4.9,7.0,7.8,6.6,,Government/Public Service,Government sector,Any city in India,Government Officer
INDYCC00668,21,Female,East,Tier 2,Arts/Humanities,B.Des,64.0,6.68,Parents,4.2,5.9,6.2,6.6,Python,Technology,Private sector,Any city in India,Product Manager
INDYCC00669,20,Male,North,Tier 2,Commerce,CA/Professional Course,94.8,9.56,Parents,7.1,2.6,5.7,7.3,C++,Design & Media,Startup,Hometown,UI/UX Designer
INDYCC00670,23,Male,North,Tier 1,Science,B.Pharm,63.4,6.26,Social Media,6.2,4.1,8.5,6.2,Java,Business & Finance,Private sector,Any city in India,Financial Analyst
INDYCC00671,18,Female,West,Tier 2,Arts/Humanities,BBA,87.9,8.99,Passion/Interest,3.5,8.0,3.2,8.2,,Technology,Government sector,Metro city,Government Officer
INDYCC00672,23,Female,South,Tier 2,Science,MBBS/Health Sciences,75.1,7.5,Social Media,6.4,8.9,9.7,8.2,JavaScript,Technology,Private sector,Remote/Hybrid,Data Scientist
INDYCC00673,21,Male,South,Tier 2,Science,MBBS/Health Sciences,85.4,8.74,Salary/Package,6.6,6.0,9.5,7.0,JavaScript,Business & Finance,Government sector,Any city in India,Software Engineer
INDYCC00674,20,Male,Central,Tier 3,Commerce,BCA,56.2,5.79,Parents,5.3,6.2,6.1,5.7,Java,Business & Finance,Higher studies,Remote/Hybrid,Product Manager
INDYCC00675,18,Female,Central,Tier 1,Commerce,B.Com,68.8,7.02,Salary/Package,3.9,6.5,5.5,5.2,Python,Design & Media,Startup,Remote/Hybrid,UI/UX Designer
INDYCC00676,21,Male,North,Tier 1,Arts/Humanities,BJMC/Media,85.8,8.6,Social Media,4.1,9.0,6.1,10.0,SQL,Design & Media,Government sector,Any city in India,UI/UX Designer
INDYCC00677,19,Male,Central,Tier 1,Commerce,B.Com,57.0,5.5,Friends/Peers,3.0,8.5,7.0,5.6,,Technology,Higher studies,Metro city,Software Engineer
INDYCC00678,18,Male,East,Tier 1,Science,B.Pharm,64.0,6.66,Salary/Package,6.2,3.1,5.2,5.2,Java,Design & Media,Government sector,Any city in India,Software Engineer
INDYCC00679,23,Female,Central,Tier 2,Arts/Humanities,BBA,66.4,7.07,Friends/Peers,1.3,7.9,5.9,6.2,,Technology,Private sector,Metro city,Digital Marketer
INDYCC00680,23,Female,Northeast,Tier 1,Science,MBBS/Health Sciences,83.1,8.48,Salary/Package,6.1,8.3,6.9,3.1,,Business & Finance,Higher studies,Remote/Hybrid,Data Scientist
INDYCC00681,18,Female,South,Tier 3,Science,MBBS/Health Sciences,46.9,5.0,Passion/Interest,7.9,7.5,5.3,7.2,C++,Business & Finance,Private sector,Any city in India,Software Engineer
INDYCC00682,17,Female,North,Tier 3,Science,B.Pharm,49.6,5.0,Social Media,3.8,8.4,6.7,4.0,,Marketing,Self-employed/Freelance,Metro city,Software Engineer
INDYCC00683,18,Male,South,Tier 3,Science,MBBS/Health Sciences,84.1,8.09,Social Media,2.6,3.6,8.8,4.1,SQL,Technology,Private sector,Metro city,Software Engineer
INDYCC00684,21,Female,West,Tier 1,Arts/Humanities,BJMC/Media,97.1,9.8,Social Media,5.6,6.7,3.7,6.3,SQL,Government/Public Service,Private sector,Remote/Hybrid,Government Officer
INDYCC00685,24,Female,South,Tier 1,Science,MBBS/Health Sciences,80.1,8.1,Parents,4.2,3.5,7.4,6.4,SQL,Research/Education,Startup,Any city in India,Researcher/Academician
INDYCC00686,17,Female,West,Tier 2,Commerce,BMS,58.5,5.67,Parents,4.1,6.1,6.2,5.2,Python,Government/Public Service,Startup,Any city in India,Government Officer
INDYCC00687,24,Non-binary/Prefer not to say,East,Tier 1,Science,MBBS/Health Sciences,66.9,6.79,Salary/Package,9.3,6.6,8.7,6.5,Python,Business & Finance,Startup,Any city in India,Software Engineer
INDYCC00688,20,Male,Central,Tier 2,Science,B.Pharm,75.0,7.22,Salary/Package,6.5,5.3,4.7,8.2,Python,Design & Media,Government sector,Metro city,Software Engineer
INDYCC00689,18,Female,North,Tier 1,Science,MBBS/Health Sciences,62.1,6.13,Social Media,9.1,4.6,7.8,5.9,SQL,Marketing,Private sector,Remote/Hybrid,Data Scientist
INDYCC00690,21,Male,South,Tier 3,Commerce,BCA,72.0,7.18,Salary/Package,1.8,7.3,8.4,3.3,,Business & Finance,Higher studies,Any city in India,Product Manager
INDYCC00691,24,Female,Central,Tier 3,Commerce,BCA,74.5,7.71,Friends/Peers,6.6,5.9,4.8,6.5,"Python, SQL",Technology,Private sector,Hometown,Software Engineer
INDYCC00692,18,Male,East,Tier 1,Arts/Humanities,B.Des,70.5,6.4,Social Media,8.8,6.3,5.4,4.4,,Research/Education,Startup,Metro city,Researcher/Academician
INDYCC00693,24,Male,Northeast,Tier 3,Science,B.Tech/B.E.,49.9,5.0,Passion/Interest,6.3,5.5,6.5,6.0,C++,Technology,Private sector,Metro city,Software Engineer
INDYCC00694,21,Male,Central,Tier 1,Science,B.Pharm,53.2,5.55,Salary/Package,6.3,6.5,10.0,5.3,,Marketing,Private sector,Metro city,Data Scientist
INDYCC00695,20,Male,Central,Tier 3,Science,B.Tech/B.E.,62.5,6.28,Parents,6.1,6.5,6.2,6.8,,Technology,Private sector,Metro city,Data Scientist
INDYCC00696,23,Female,Central,Tier 1,Commerce,BCA,82.2,8.14,Friends/Peers,1.0,7.9,7.1,5.9,SQL,Design & Media,Self-employed/Freelance,Hometown,Product Manager
INDYCC00697,17,Female,Northeast,Tier 3,Science,B.Sc.,59.7,6.17,Parents,8.4,7.3,7.8,4.8,,Technology,Private sector,Any city in India,Software Engineer
INDYCC00698,17,Male,West,Tier 3,Commerce,CA/Professional Course,77.9,7.67,Parents,4.9,6.0,6.7,3.1,Python,Business & Finance,Higher studies,Hometown,Financial Analyst
INDYCC00699,23,Female,Central,Tier 3,Science,BCA,76.6,7.44,Passion/Interest,6.8,6.6,7.3,5.2,JavaScript,Government/Public Service,Self-employed/Freelance,Hometown,Government Officer
INDYCC00700,24,Male,South,Tier 1,Science,B.Tech/B.E.,54.6,5.17,Parents,5.0,4.8,8.2,6.3,JavaScript,Marketing,Startup,Hometown,Researcher/Academician
INDYCC00701,20,Female,West,Tier 1,Arts/Humanities,BBA,84.9,8.55,Passion/Interest,3.9,6.5,5.9,6.6,SQL,Marketing,Government sector,Metro city,UI/UX Designer
INDYCC00702,22,Female,South,Tier 2,Science,MBBS/Health Sciences,76.9,7.5,Parents,7.5,6.5,7.3,5.9,Python,Government/Public Service,Higher studies,Hometown,Software Engineer
INDYCC00703,23,Male,East,Tier 2,Arts/Humanities,BJMC/Media,70.7,6.76,Friends/Peers,3.7,7.0,8.2,5.9,,Government/Public Service,Self-employed/Freelance,Hometown,Government Officer
INDYCC00704,21,Male,West,Tier 2,Science,MBBS/Health Sciences,73.6,7.21,Parents,5.8,6.6,6.0,6.6,,Business & Finance,Self-employed/Freelance,Metro city,Product Manager
INDYCC00705,23,Female,Northeast,Tier 1,Commerce,BCA,79.6,7.91,Friends/Peers,4.5,5.6,5.7,4.4,Python,Healthcare,Private sector,Hometown,Healthcare Professional
INDYCC00706,19,Male,South,Tier 2,Science,B.Tech/B.E.,78.2,7.58,Social Media,7.8,7.3,3.7,4.7,,Government/Public Service,Government sector,Metro city,Data Scientist
INDYCC00707,18,Female,North,Tier 1,Science,BCA,86.7,8.86,Passion/Interest,2.0,7.0,6.6,4.9,,Research/Education,Private sector,Hometown,Healthcare Professional
INDYCC00708,22,Female,North,Tier 2,Science,BCA,57.1,5.85,Salary/Package,5.0,4.5,8.1,5.2,C++,Marketing,Higher studies,Metro city,Software Engineer
INDYCC00709,18,Female,South,Tier 1,Arts/Humanities,LLB,67.2,6.44,Passion/Interest,5.1,6.8,2.8,8.3,,Marketing,Private sector,Metro city,UI/UX Designer
INDYCC00710,20,Female,West,Tier 1,Commerce,BCA,84.1,8.46,Friends/Peers,1.6,6.6,6.0,5.8,,Technology,Government sector,Any city in India,Product Manager
INDYCC00711,17,Female,Central,Tier 2,Commerce,B.Com,73.3,7.37,Passion/Interest,2.0,5.4,6.8,3.6,SQL,Design & Media,Private sector,Metro city,Digital Marketer
INDYCC00712,21,Female,South,Tier 2,Arts/Humanities,LLB,,7.83,Social Media,1.2,5.1,7.7,6.0,,Government/Public Service,Government sector,Any city in India,Government Officer
INDYCC00713,18,Female,South,Tier 2,Arts/Humanities,BJMC/Media,89.0,9.13,Passion/Interest,5.4,6.3,7.0,7.9,Python,Government/Public Service,Self-employed/Freelance,Metro city,Digital Marketer
INDYCC00714,22,Female,North,Tier 1,Science,B.Pharm,51.4,5.16,Salary/Package,4.0,8.2,8.4,5.1,SQL,Marketing,Private sector,Any city in India,Data Scientist
INDYCC00715,21,Female,East,Tier 1,Science,BCA,69.3,6.8,Passion/Interest,7.6,9.4,6.5,6.6,C++,Business & Finance,Private sector,Any city in India,Software Engineer
INDYCC00716,23,Female,Northeast,Tier 2,Commerce,B.Com,69.6,7.15,Passion/Interest,1.0,3.0,7.9,3.8,Python,Design & Media,Private sector,Remote/Hybrid,Financial Analyst
INDYCC00717,18,Male,South,Tier 2,Commerce,B.Com,66.8,6.49,Social Media,2.7,5.5,5.5,7.1,SQL,Design & Media,Private sector,Any city in India,Financial Analyst
INDYCC00718,24,Male,North,Tier 2,Arts/Humanities,LLB,90.2,9.24,Salary/Package,2.9,8.5,7.2,7.8,SQL,Government/Public Service,Self-employed/Freelance,Hometown,Government Officer
INDYCC00719,23,Male,Central,Tier 2,Commerce,BMS,48.9,5.0,Social Media,5.9,8.2,9.0,5.1,,Government/Public Service,Startup,Any city in India,Government Officer
INDYCC00720,19,Female,West,Tier 2,Commerce,BBA,76.5,7.65,Salary/Package,6.9,5.5,9.0,4.0,Java,Technology,Private sector,Hometown,Software Engineer
INDYCC00721,24,Male,South,Tier 1,Science,B.Pharm,91.1,9.44,Parents,6.6,6.7,6.5,4.3,C++,Healthcare,Private sector,Hometown,Healthcare Professional
INDYCC00722,24,Female,Northeast,Tier 1,Science,B.Tech/B.E.,67.4,6.63,Salary/Package,8.3,8.8,7.6,5.1,"Python, SQL",Marketing,Government sector,Metro city,Software Engineer
INDYCC00723,24,Male,East,Tier 2,Arts/Humanities,B.A.,64.0,6.2,Friends/Peers,3.6,6.4,5.3,5.9,SQL,Healthcare,Higher studies,Metro city,Healthcare Professional
INDYCC00724,17,Male,East,Tier 3,Science,B.Sc.,57.9,5.57,Friends/Peers,2.4,6.2,6.1,3.3,,Business & Finance,Startup,Any city in India,Software Engineer
INDYCC00725,22,Male,South,Tier 3,Commerce,BCA,62.2,5.82,Passion/Interest,6.4,5.6,5.0,4.7,Java,Marketing,Private sector,Hometown,Product Manager
INDYCC00726,18,Male,South,Tier 2,Science,B.Tech/B.E.,98.0,9.67,Parents,6.1,4.9,6.8,6.4,Java,Healthcare,Higher studies,Any city in India,Healthcare Professional
INDYCC00727,24,Male,North,Tier 2,Science,B.Tech/B.E.,78.6,7.89,Salary/Package,6.5,6.2,5.7,6.2,Java,Healthcare,Private sector,Remote/Hybrid,Healthcare Professional
INDYCC00728,20,Female,Central,Tier 2,Science,B.Sc.,72.4,7.36,Social Media,7.8,8.3,9.1,3.5,,Design & Media,Private sector,Metro city,Data Scientist
INDYCC00729,17,Male,West,Tier 2,Arts/Humanities,LLB,66.4,6.68,Social Media,3.2,8.5,1.4,7.2,Python,Government/Public Service,Private sector,Metro city,Researcher/Academician
INDYCC00730,22,Female,West,Tier 1,Science,MBBS/Health Sciences,64.9,6.55,Social Media,5.6,5.8,5.8,9.1,JavaScript,Business & Finance,Higher studies,Metro city,Software Engineer
INDYCC00731,23,Male,West,Tier 2,Arts/Humanities,BJMC/Media,66.9,6.42,Passion/Interest,3.2,6.6,7.2,7.6,Python,Technology,Private sector,Remote/Hybrid,Software Engineer
INDYCC00732,24,Male,East,Tier 2,Science,B.Tech/B.E.,54.0,5.46,Social Media,6.4,7.4,6.9,7.7,JavaScript,Technology,Private sector,Any city in India,Software Engineer
INDYCC00733,20,Female,West,Tier 1,Science,MBBS/Health Sciences,72.6,7.14,Passion/Interest,6.3,4.4,5.6,5.9,C++,Marketing,Higher studies,Remote/Hybrid,Software Engineer
INDYCC00734,23,Male,South,Tier 2,Science,B.Tech/B.E.,54.6,5.53,Passion/Interest,10.0,6.3,6.8,5.2,Python,Healthcare,Private sector,Metro city,Healthcare Professional
INDYCC00735,24,Male,East,Tier 1,Arts/Humanities,LLB,63.4,6.24,Social Media,2.7,5.3,7.1,7.9,SQL,Design & Media,Self-employed/Freelance,Metro city,UI/UX Designer
INDYCC00736,17,Male,Central,Tier 1,Arts/Humanities,B.A.,72.3,7.04,Social Media,2.5,3.9,3.0,6.1,,Design & Media,Self-employed/Freelance,Any city in India,Digital Marketer
INDYCC00737,23,Female,East,Tier 2,Science,BCA,75.6,8.11,Parents,8.5,7.0,5.0,6.3,SQL,Marketing,Startup,Any city in India,Software Engineer
INDYCC00738,20,Female,North,Tier 1,Commerce,BCA,59.0,5.54,Salary/Package,3.5,6.9,6.2,8.8,Python,Healthcare,Higher studies,Hometown,Product Manager
INDYCC00739,23,Male,North,Tier 1,Arts/Humanities,B.Des,56.9,5.49,Parents,3.4,3.8,4.6,8.1,,Design & Media,Higher studies,Metro city,UI/UX Designer
INDYCC00740,24,Male,South,Tier 2,Science,B.Pharm,71.1,7.1,Parents,6.2,6.8,4.7,3.9,C++,Technology,Private sector,Any city in India,Software Engineer
INDYCC00741,20,Female,North,Tier 2,Commerce,BCA,52.9,5.0,Parents,2.0,6.9,6.3,7.3,,Business & Finance,Private sector,Remote/Hybrid,Product Manager
INDYCC00742,18,Male,South,Tier 1,Arts/Humanities,LLB,61.3,6.57,Parents,1.0,8.4,3.9,5.2,SQL,Technology,Government sector,Any city in India,Government Officer
INDYCC00743,18,Male,North,Tier 2,Arts/Humanities,LLB,81.0,8.18,Social Media,5.0,7.5,7.6,7.6,Java,Research/Education,Higher studies,Any city in India,Digital Marketer
INDYCC00744,21,Male,Central,Tier 1,Commerce,BMS,76.9,7.53,Passion/Interest,4.2,4.9,6.5,4.6,Python,Design & Media,Private sector,Any city in India,Product Manager
INDYCC00745,18,Female,South,Tier 1,Commerce,B.Com,60.9,6.38,Parents,2.1,4.8,10.0,2.9,,Government/Public Service,Higher studies,Any city in India,Government Officer
INDYCC00746,17,Female,South,Tier 2,Science,MBBS/Health Sciences,70.1,6.84,Social Media,5.9,7.4,6.9,7.3,,Marketing,Private sector,Remote/Hybrid,Digital Marketer
INDYCC00747,21,Male,West,Tier 1,Science,MBBS/Health Sciences,58.4,5.4,Parents,6.9,6.6,7.6,4.5,C++,Government/Public Service,Self-employed/Freelance,Metro city,Government Officer
INDYCC00748,18,Female,East,Tier 2,Commerce,B.Com,76.7,7.81,Passion/Interest,5.6,8.1,4.3,6.7,Java,Business & Finance,Private sector,Any city in India,Financial Analyst
INDYCC00749,18,Male,West,Tier 2,Commerce,BMS,60.0,6.0,Salary/Package,3.3,6.3,6.1,7.6,SQL,Research/Education,Government sector,Metro city,Financial Analyst
INDYCC00750,19,Female,North,Tier 1,Commerce,BCA,75.2,7.42,Parents,2.9,4.0,9.8,4.8,Python,Technology,Higher studies,Hometown,Product Manager
INDYCC00751,18,Male,North,Tier 1,Arts/Humanities,B.Des,71.3,7.32,Parents,2.2,6.2,5.0,10.0,Python,Technology,Self-employed/Freelance,Any city in India,UI/UX Designer
INDYCC00752,20,Female,South,Tier 1,Commerce,CA/Professional Course,68.5,7.23,Parents,4.5,7.4,9.9,4.1,SQL,Research/Education,Private sector,Metro city,Product Manager
INDYCC00753,21,Female,West,Tier 1,Science,BCA,54.1,5.53,Social Media,4.0,6.6,6.4,6.3,Python,Healthcare,Higher studies,Any city in India,Healthcare Professional
INDYCC00754,24,Female,South,Tier 3,Commerce,CA/Professional Course,62.9,6.53,Parents,9.3,5.0,6.4,3.1,"Python, SQL",Government/Public Service,Higher studies,Remote/Hybrid,Data Scientist
INDYCC00755,19,Male,West,Tier 1,Science,B.Sc.,63.1,6.18,Friends/Peers,4.8,6.8,7.6,7.2,Python,Research/Education,Higher studies,Hometown,Researcher/Academician
INDYCC00756,20,Male,West,Tier 1,Commerce,B.Com,68.0,6.62,Friends/Peers,3.6,6.2,5.7,8.8,SQL,Marketing,Private sector,Hometown,Financial Analyst
INDYCC00757,23,Female,West,Tier 1,Arts/Humanities,B.A.,69.3,6.93,Salary/Package,2.4,7.1,6.6,9.0,,Business & Finance,Higher studies,Remote/Hybrid,Digital Marketer
INDYCC00758,21,Male,North,Tier 2,Science,BCA,64.2,6.76,Parents,6.1,6.4,6.3,7.7,Java,Government/Public Service,Self-employed/Freelance,Any city in India,Government Officer
INDYCC00759,19,Male,North,Tier 1,Science,MBBS/Health Sciences,83.9,8.27,Social Media,9.6,7.6,7.6,5.9,,Technology,Private sector,Metro city,Data Scientist
INDYCC00760,21,Male,West,Tier 1,Science,B.Pharm,56.3,5.48,Passion/Interest,5.8,6.7,9.0,5.1,JavaScript,Healthcare,Private sector,Metro city,Healthcare Professional
INDYCC00761,24,Female,North,Tier 3,Arts/Humanities,BBA,85.0,8.18,Passion/Interest,4.9,8.9,4.7,7.9,SQL,Healthcare,Higher studies,Any city in India,Healthcare Professional
INDYCC00762,21,Male,West,Tier 1,Commerce,B.Com,67.3,6.59,Salary/Package,1.9,7.0,5.4,4.5,SQL,Research/Education,Self-employed/Freelance,Hometown,Financial Analyst
INDYCC00763,23,Female,South,Tier 1,Commerce,BCA,98.0,9.54,Social Media,5.3,7.7,7.1,6.4,SQL,Design & Media,Government sector,Metro city,Product Manager
INDYCC00764,20,Male,North,Tier 1,Commerce,CA/Professional Course,55.4,5.76,Passion/Interest,5.5,7.7,4.9,5.7,"Python, SQL",Technology,Government sector,Metro city,Financial Analyst
INDYCC00765,22,Female,South,Tier 2,Science,B.Tech/B.E.,60.1,5.81,Parents,8.8,3.5,4.2,6.6,SQL,Design & Media,Government sector,Hometown,Data Scientist
INDYCC00766,19,Male,East,Tier 2,Science,B.Pharm,80.7,7.89,Passion/Interest,9.1,4.6,8.0,4.5,JavaScript,Technology,Private sector,Metro city,Software Engineer
INDYCC00767,22,Male,North,Tier 3,Science,B.Pharm,50.9,5.43,Passion/Interest,3.9,4.1,5.7,1.0,Python,Design & Media,Government sector,Metro city,Digital Marketer
INDYCC00768,20,Male,Central,Tier 1,Science,B.Tech/B.E.,72.6,7.31,Parents,6.6,6.1,6.6,6.2,JavaScript,Healthcare,Startup,Metro city,Software Engineer
INDYCC00769,22,Female,West,Tier 1,Science,B.Tech/B.E.,74.1,7.34,Passion/Interest,6.1,7.1,5.7,3.1,"Python, SQL",Healthcare,Self-employed/Freelance,Any city in India,Researcher/Academician
INDYCC00770,18,Male,Northeast,Tier 1,Science,B.Pharm,71.2,7.02,Social Media,5.8,3.9,4.2,6.4,Java,Research/Education,Higher studies,Metro city,Researcher/Academician
INDYCC00771,18,Female,Northeast,Tier 3,Science,B.Tech/B.E.,87.3,8.81,Friends/Peers,4.5,5.9,8.7,4.0,SQL,Technology,Government sector,Metro city,Data Scientist
INDYCC00772,22,Female,West,Tier 2,Science,BCA,86.0,8.89,Passion/Interest,6.8,7.2,8.2,5.6,C++,Healthcare,Private sector,Metro city,Healthcare Professional
INDYCC00773,24,Female,West,Tier 3,Science,BCA,68.4,6.96,Parents,6.1,4.7,8.7,8.8,Python,Business & Finance,Private sector,Metro city,Financial Analyst
INDYCC00774,19,Female,South,Tier 2,Science,BCA,66.4,6.53,Parents,7.1,5.7,5.8,3.1,Java,Business & Finance,Startup,Metro city,Software Engineer
INDYCC00775,18,Male,North,Tier 1,Science,B.Sc.,56.6,5.65,Passion/Interest,4.9,6.0,8.9,3.2,SQL,Research/Education,Private sector,Metro city,Financial Analyst
INDYCC00776,20,Male,North,Tier 2,Science,BCA,77.1,7.95,Parents,8.4,8.3,4.9,4.3,Python,Technology,Self-employed/Freelance,Any city in India,Software Engineer
INDYCC00777,21,Male,North,Tier 3,Commerce,B.Com,92.4,9.32,Passion/Interest,5.3,8.8,4.7,5.7,SQL,Research/Education,Private sector,Metro city,Researcher/Academician
INDYCC00778,19,Female,South,Tier 3,Commerce,BMS,77.0,7.62,Passion/Interest,6.1,7.8,5.4,5.4,"Python, SQL",Technology,Private sector,Remote/Hybrid,Product Manager
INDYCC00779,23,Female,Northeast,Tier 2,Commerce,CA/Professional Course,73.4,7.26,Social Media,3.1,7.2,6.1,6.3,Python,Marketing,Government sector,Metro city,Product Manager
INDYCC00780,19,Male,Central,Tier 1,Arts/Humanities,B.Des,73.1,7.46,Friends/Peers,4.8,4.8,7.3,7.4,SQL,Research/Education,Private sector,Hometown,Digital Marketer
INDYCC00781,19,Male,West,Tier 1,Commerce,B.Com,76.9,7.81,Friends/Peers,4.0,4.8,7.9,4.4,Python,Healthcare,Private sector,Metro city,Healthcare Professional
INDYCC00782,24,Male,Central,Tier 2,Science,MBBS/Health Sciences,88.0,9.1,Parents,7.6,4.0,5.7,5.0,Java,Technology,Startup,Any city in India,Software Engineer
INDYCC00783,19,Male,North,Tier 3,Arts/Humanities,BJMC/Media,53.0,5.3,Social Media,4.9,6.5,5.4,8.6,Python,Marketing,Higher studies,Any city in India,UI/UX Designer
INDYCC00784,19,Female,Central,Tier 3,Arts/Humanities,LLB,76.6,7.22,Parents,3.4,6.2,5.0,6.3,,Technology,Government sector,Any city in India,Product Manager
INDYCC00785,17,Male,North,Tier 2,Commerce,B.Com,64.6,6.25,Social Media,5.9,5.8,5.2,2.8,Python,Marketing,Private sector,Any city in India,Product Manager
INDYCC00786,24,Male,Central,Tier 2,Science,B.Sc.,81.2,8.35,Salary/Package,3.7,5.8,7.9,5.6,SQL,Technology,Private sector,Metro city,Data Scientist
INDYCC00787,19,Female,East,Tier 1,Arts/Humanities,BJMC/Media,,9.03,Salary/Package,6.3,8.2,5.2,9.2,"Python, SQL",Government/Public Service,Startup,Metro city,Government Officer
INDYCC00788,19,Male,South,Tier 1,Arts/Humanities,BJMC/Media,54.1,5.0,Friends/Peers,3.3,7.0,5.4,6.2,SQL,Marketing,Government sector,Metro city,Digital Marketer
INDYCC00789,22,Female,North,Tier 3,Science,B.Tech/B.E.,64.5,6.12,Parents,6.3,7.3,7.0,5.5,SQL,Healthcare,Private sector,Remote/Hybrid,Healthcare Professional
INDYCC00790,21,Male,Central,Tier 1,Commerce,BBA,75.7,7.76,Salary/Package,7.1,5.9,6.3,6.7,SQL,Technology,Private sector,Any city in India,Software Engineer
INDYCC00791,24,Male,Central,Tier 3,Science,MBBS/Health Sciences,66.9,6.78,Salary/Package,7.6,6.8,7.4,7.3,"Python, SQL",Marketing,Self-employed/Freelance,Any city in India,Data Scientist
INDYCC00792,18,Male,South,Tier 3,Commerce,BCA,64.0,6.31,Parents,1.1,6.2,5.9,7.2,,Design & Media,Private sector,Any city in India,UI/UX Designer
INDYCC00793,19,Male,West,Tier 3,Arts/Humanities,B.A.,67.9,6.6,Parents,4.2,8.6,3.9,8.4,Python,Business & Finance,Government sector,Remote/Hybrid,Digital Marketer
INDYCC00794,22,Female,West,Tier 1,Arts/Humanities,LLB,87.3,9.14,Friends/Peers,1.0,5.4,5.8,4.9,,Business & Finance,Private sector,Hometown,Digital Marketer
INDYCC00795,21,Male,North,Tier 2,Science,BCA,,7.58,Passion/Interest,6.7,6.4,5.4,4.7,"Python, SQL",Marketing,Self-employed/Freelance,Metro city,Data Scientist
INDYCC00796,20,Male,East,Tier 2,Science,B.Tech/B.E.,74.1,7.19,Parents,8.9,5.6,5.3,6.4,,Government/Public Service,Government sector,Any city in India,Software Engineer
INDYCC00797,20,Male,South,Tier 1,Commerce,B.Com,89.8,8.97,Passion/Interest,6.7,7.0,7.8,5.1,SQL,Healthcare,Startup,Metro city,Financial Analyst
INDYCC00798,18,Female,East,Tier 3,Science,B.Sc.,64.2,6.34,Parents,5.5,6.0,8.5,3.5,SQL,Government/Public Service,Private sector,Metro city,Government Officer
INDYCC00799,24,Female,South,Tier 1,Commerce,B.Com,76.6,7.54,Friends/Peers,7.0,7.7,6.9,6.4,C++,Technology,Startup,Remote/Hybrid,Data Scientist
INDYCC00800,21,Male,East,Tier 1,Science,B.Tech/B.E.,87.4,8.41,Passion/Interest,7.0,6.8,10.0,5.1,SQL,Marketing,Self-employed/Freelance,Metro city,Software Engineer
INDYCC00801,24,Female,East,Tier 2,Science,BCA,76.0,7.41,Social Media,6.7,5.3,6.0,7.2,Python,Government/Public Service,Private sector,Any city in India,Government Officer
INDYCC00802,21,Male,Northeast,Tier 1,Science,MBBS/Health Sciences,46.8,5.0,Friends/Peers,6.4,6.8,6.1,4.8,,Research/Education,Startup,Metro city,Software Engineer
INDYCC00803,23,Female,Central,Tier 2,Science,BCA,84.0,8.34,Parents,6.1,5.1,8.5,6.2,C++,Business & Finance,Private sector,Remote/Hybrid,Financial Analyst
INDYCC00804,17,Male,South,Tier 3,Science,B.Sc.,84.1,8.35,Passion/Interest,8.8,5.3,5.7,5.9,JavaScript,Research/Education,Private sector,Remote/Hybrid,Researcher/Academician
INDYCC00805,17,Female,Central,Tier 2,Science,B.Sc.,79.8,7.68,Salary/Package,7.0,5.9,6.2,5.6,Java,Business & Finance,Private sector,Metro city,Software Engineer
INDYCC00806,17,Female,South,Tier 2,Science,BCA,76.6,7.71,Friends/Peers,7.2,6.9,7.8,4.6,Python,Technology,Private sector,Remote/Hybrid,Software Engineer
INDYCC00807,19,Female,West,Tier 3,Science,MBBS/Health Sciences,74.2,7.53,Parents,6.8,8.2,8.5,7.4,SQL,Design & Media,Private sector,Remote/Hybrid,Software Engineer
INDYCC00808,22,Male,East,Tier 1,Arts/Humanities,BJMC/Media,79.1,8.16,Parents,3.4,6.3,6.8,6.2,SQL,Government/Public Service,Private sector,Remote/Hybrid,Government Officer
INDYCC00809,21,Female,East,Tier 1,Commerce,BBA,66.1,6.67,Passion/Interest,2.4,5.8,3.7,4.5,,Technology,Government sector,Metro city,Financial Analyst
INDYCC00810,18,Male,West,Tier 2,Arts/Humanities,LLB,75.6,7.79,Social Media,5.8,8.9,2.3,4.3,Python,Government/Public Service,Startup,Any city in India,Government Officer
INDYCC00811,24,Female,South,Tier 2,Arts/Humanities,LLB,77.9,7.47,Salary/Package,7.2,7.1,5.5,5.6,Java,Research/Education,Self-employed/Freelance,Remote/Hybrid,UI/UX Designer
INDYCC00812,23,Female,North,Tier 2,Commerce,CA/Professional Course,69.9,6.86,Parents,1.0,7.5,3.7,2.9,,Marketing,Private sector,Any city in India,Financial Analyst
INDYCC00813,22,Male,North,Tier 3,Arts/Humanities,BBA,57.5,5.34,Parents,5.5,5.5,3.4,8.5,C++,Technology,Private sector,Remote/Hybrid,Digital Marketer
INDYCC00814,23,Male,West,Tier 3,Arts/Humanities,B.A.,75.2,7.05,Passion/Interest,2.8,7.8,5.6,8.1,SQL,Technology,Private sector,Remote/Hybrid,Digital Marketer
INDYCC00815,17,Male,Northeast,Tier 2,Science,B.Sc.,75.0,7.56,Parents,5.2,3.3,5.8,7.6,,Business & Finance,Government sector,Hometown,Product Manager
INDYCC00816,18,Male,Northeast,Tier 1,Commerce,BCA,98.0,9.6,Friends/Peers,5.3,6.3,8.6,4.0,Java,Government/Public Service,Higher studies,Any city in India,Government Officer
INDYCC00817,21,Female,East,Tier 2,Science,B.Pharm,80.1,7.9,,6.2,6.4,7.7,6.5,Python,Government/Public Service,Private sector,Metro city,Government Officer
INDYCC00818,24,Male,Northeast,Tier 2,Science,B.Sc.,66.0,6.1,Friends/Peers,6.3,8.5,7.2,2.9,Python,Healthcare,Self-employed/Freelance,Metro city,Healthcare Professional
INDYCC00819,18,Female,Central,Tier 3,Commerce,BCA,90.1,9.23,Passion/Interest,3.7,8.7,6.4,5.4,SQL,Business & Finance,Private sector,Any city in India,Financial Analyst
INDYCC00820,21,Male,North,Tier 3,Science,B.Tech/B.E.,71.3,6.79,Passion/Interest,10.0,6.3,8.9,5.5,"Python, SQL",Healthcare,Startup,Hometown,Healthcare Professional
INDYCC00821,17,Male,West,Tier 2,Science,B.Pharm,57.3,6.26,Friends/Peers,5.5,5.7,6.1,4.9,C++,Government/Public Service,Self-employed/Freelance,Metro city,Data Scientist
INDYCC00822,17,Female,Central,Tier 3,Science,MBBS/Health Sciences,74.4,7.21,Passion/Interest,5.1,4.1,5.3,3.8,,Government/Public Service,Private sector,Metro city,Government Officer
INDYCC00823,21,Female,North,Tier 1,Science,B.Sc.,84.1,8.31,Parents,4.1,6.8,6.9,4.9,SQL,Technology,Private sector,Remote/Hybrid,Healthcare Professional
INDYCC00824,24,Male,South,Tier 2,Science,BCA,74.8,7.61,Passion/Interest,7.5,7.9,4.4,6.5,C++,Research/Education,Private sector,Any city in India,Data Scientist
INDYCC00825,23,Female,South,Tier 2,Commerce,BMS,65.6,6.44,Friends/Peers,3.6,4.7,5.1,4.6,Python,Business & Finance,Startup,Any city in India,Government Officer
INDYCC00826,23,Male,Northeast,Tier 2,Arts/Humanities,B.A.,72.1,7.31,Parents,2.8,6.7,7.2,6.0,SQL,Government/Public Service,Private sector,Remote/Hybrid,Government Officer
INDYCC00827,20,Female,Central,Tier 2,Science,B.Tech/B.E.,70.0,6.91,Social Media,7.4,6.3,5.1,7.1,"Python, SQL",Technology,Private sector,Any city in India,Software Engineer
INDYCC00828,21,Female,South,Tier 2,Commerce,BBA,83.5,8.32,Friends/Peers,4.1,3.9,8.3,4.9,,Technology,Higher studies,Metro city,Product Manager
INDYCC00829,19,Male,South,Tier 1,Science,B.Sc.,63.4,6.68,Salary/Package,7.5,3.6,7.0,5.3,SQL,Government/Public Service,Government sector,Metro city,Researcher/Academician
INDYCC00830,19,Male,South,Tier 3,Science,B.Sc.,65.9,6.79,Friends/Peers,5.3,5.1,8.5,4.0,"Python, SQL",Technology,Higher studies,Metro city,Software Engineer
INDYCC00831,21,Non-binary/Prefer not to say,West,Tier 3,Science,BCA,76.4,7.85,Social Media,4.4,3.7,5.7,7.2,,Healthcare,Private sector,Hometown,Software Engineer
INDYCC00832,20,Female,North,Tier 2,Commerce,BCA,58.8,5.76,Parents,6.6,5.8,9.6,5.6,"Python, SQL",Technology,Government sector,Remote/Hybrid,Product Manager
INDYCC00833,17,Male,North,Tier 2,Science,B.Tech/B.E.,73.5,6.91,Salary/Package,8.8,5.8,9.2,3.9,Python,Business & Finance,Government sector,Any city in India,Financial Analyst
INDYCC00834,19,Female,West,Tier 2,Arts/Humanities,B.Des,65.5,6.27,Friends/Peers,2.9,8.4,2.4,5.8,,Government/Public Service,Government sector,Metro city,Government Officer
INDYCC00835,19,Female,North,Tier 2,Science,B.Sc.,92.4,9.51,Parents,9.3,5.3,8.7,6.7,C++,Business & Finance,Startup,Metro city,Financial Analyst
INDYCC00836,19,Female,South,Tier 1,Science,B.Tech/B.E.,85.8,8.49,Social Media,7.6,7.8,7.9,7.8,JavaScript,Business & Finance,Private sector,Hometown,Software Engineer
INDYCC00837,21,Female,North,Tier 3,Science,MBBS/Health Sciences,71.3,6.72,Parents,8.8,6.0,7.6,5.4,,Design & Media,Private sector,Hometown,Software Engineer
INDYCC00838,22,Female,Northeast,Tier 1,Science,B.Pharm,66.7,6.33,Social Media,6.4,8.6,8.2,6.5,Java,Marketing,Government sector,Remote/Hybrid,Data Scientist
INDYCC00839,21,Female,West,Tier 3,Commerce,B.Com,57.7,5.86,Salary/Package,5.5,6.5,8.5,5.1,"Python, SQL",Technology,Higher studies,Any city in India,Data Scientist
INDYCC00840,20,Female,Northeast,Tier 3,Science,B.Tech/B.E.,57.0,6.1,Friends/Peers,3.3,6.1,6.8,4.9,Python,Business & Finance,Self-employed/Freelance,Remote/Hybrid,Researcher/Academician
INDYCC00841,19,Female,South,Tier 2,Commerce,B.Com,65.4,6.42,Passion/Interest,4.5,6.1,5.2,6.9,,Technology,Higher studies,Any city in India,Data Scientist
INDYCC00842,17,Male,Northeast,Tier 2,Science,MBBS/Health Sciences,75.8,7.31,Social Media,7.4,2.7,7.3,3.9,Python,Technology,Private sector,Any city in India,Software Engineer
INDYCC00843,17,Female,West,Tier 2,Science,B.Sc.,86.0,8.51,Parents,4.1,5.5,7.5,4.9,SQL,Research/Education,Higher studies,Any city in India,Researcher/Academician
INDYCC00844,21,Female,East,Tier 2,Arts/Humanities,B.Des,56.3,6.15,Parents,2.9,10.0,7.2,4.3,,Marketing,Higher studies,Metro city,Digital Marketer
INDYCC00845,21,Female,North,Tier 3,Commerce,BMS,69.2,6.53,Passion/Interest,5.9,4.5,2.8,5.4,Java,Healthcare,Higher studies,Metro city,Healthcare Professional
INDYCC00846,22,Male,West,Tier 1,Science,BCA,54.6,5.5,Parents,4.1,6.6,7.7,7.1,SQL,Government/Public Service,Private sector,Hometown,Government Officer
INDYCC00847,23,Female,East,Tier 2,Science,B.Pharm,69.1,7.03,Friends/Peers,6.3,4.2,8.2,5.1,SQL,Marketing,Higher studies,Metro city,Healthcare Professional
INDYCC00848,20,Female,West,Tier 3,Science,B.Tech/B.E.,77.0,7.07,Parents,9.9,7.2,9.1,4.8,C++,Technology,Private sector,Metro city,Data Scientist
INDYCC00849,20,Male,South,Tier 2,Science,B.Tech/B.E.,78.3,7.91,Parents,5.1,7.5,5.9,3.3,,Research/Education,Higher studies,Metro city,Digital Marketer
INDYCC00850,18,Male,South,Tier 2,Commerce,CA/Professional Course,94.4,9.35,Passion/Interest,3.8,2.7,7.6,4.6,,Business & Finance,Self-employed/Freelance,Hometown,Financial Analyst
INDYCC00851,23,Male,East,Tier 2,Science,BCA,70.7,6.98,Salary/Package,6.1,8.4,9.3,5.7,,Technology,Government sector,Metro city,Data Scientist
INDYCC00852,18,Male,North,Tier 3,Science,B.Sc.,69.1,7.22,Passion/Interest,5.3,7.4,6.5,6.3,,Research/Education,Private sector,Metro city,Researcher/Academician
INDYCC00853,22,Male,North,Tier 1,Science,B.Pharm,62.8,6.18,Friends/Peers,10.0,7.5,6.4,5.3,Python,Technology,Private sector,Any city in India,Software Engineer
INDYCC00854,17,Male,North,Tier 2,Arts/Humanities,LLB,71.5,7.39,Social Media,5.3,6.8,9.4,7.1,,Business & Finance,Private sector,Hometown,Digital Marketer
INDYCC00855,19,Male,North,Tier 2,Commerce,BMS,60.5,5.86,Parents,4.9,5.2,9.0,7.9,,Healthcare,Startup,Metro city,Government Officer
INDYCC00856,22,Male,South,Tier 2,Arts/Humanities,BJMC/Media,60.2,5.9,Parents,2.1,7.3,4.9,6.7,,Design & Media,Private sector,Metro city,UI/UX Designer
INDYCC00857,24,Male,Northeast,Tier 2,Arts/Humanities,BJMC/Media,87.5,8.93,Parents,4.8,7.2,6.2,3.6,Python,Government/Public Service,Higher studies,Remote/Hybrid,Government Officer
INDYCC00858,20,Male,West,Tier 3,Commerce,BCA,73.3,7.34,Friends/Peers,3.9,4.4,4.8,4.3,Python,Technology,Higher studies,Any city in India,Product Manager
INDYCC00859,18,Male,North,Tier 2,Science,B.Tech/B.E.,76.1,7.64,Passion/Interest,5.4,8.9,7.6,5.0,SQL,Healthcare,Self-employed/Freelance,Remote/Hybrid,Healthcare Professional
INDYCC00860,19,Male,East,Tier 1,Science,B.Sc.,76.0,7.42,Parents,4.3,4.3,10.0,4.8,Python,Technology,Startup,Any city in India,Software Engineer
INDYCC00861,20,Male,Northeast,Tier 2,Commerce,BBA,72.6,7.1,Parents,5.1,4.3,7.8,8.9,JavaScript,Marketing,Government sector,Metro city,Government Officer
INDYCC00862,23,Male,South,Tier 2,Commerce,B.Com,73.6,7.47,Passion/Interest,3.0,7.7,6.4,3.2,Python,Technology,Private sector,Metro city,Software Engineer
INDYCC00863,24,Female,North,Tier 1,Arts/Humanities,BBA,74.3,7.48,Passion/Interest,3.6,8.1,1.9,7.3,,Marketing,Private sector,Any city in India,Digital Marketer
INDYCC00864,18,Male,North,Tier 1,Science,MBBS/Health Sciences,80.0,8.29,Friends/Peers,5.6,8.8,8.8,7.1,JavaScript,Technology,Private sector,Hometown,Software Engineer
INDYCC00865,20,Female,Northeast,Tier 3,Arts/Humanities,B.A.,55.0,5.41,Parents,3.1,7.9,5.9,7.6,,Technology,Private sector,Hometown,Digital Marketer
INDYCC00866,18,Male,Northeast,Tier 1,Arts/Humanities,LLB,75.4,7.02,Salary/Package,1.1,9.1,5.8,6.6,,Design & Media,Private sector,Any city in India,Digital Marketer
INDYCC00867,19,Male,Central,Tier 2,Science,B.Sc.,70.2,6.97,Salary/Package,7.9,7.2,4.5,6.5,SQL,Government/Public Service,Government sector,Any city in India,Software Engineer
INDYCC00868,17,Male,West,Tier 3,Science,MBBS/Health Sciences,,7.74,Passion/Interest,5.2,7.3,7.0,3.8,,Marketing,Government sector,Metro city,Product Manager
INDYCC00869,19,Female,West,Tier 1,Science,B.Tech/B.E.,73.9,7.38,Friends/Peers,6.1,5.7,8.2,6.4,Python,Research/Education,Higher studies,Metro city,Researcher/Academician
INDYCC00870,19,Male,North,Tier 2,Science,MBBS/Health Sciences,71.2,7.08,Passion/Interest,8.2,5.7,5.2,6.7,JavaScript,Business & Finance,Higher studies,Any city in India,Data Scientist
INDYCC00871,19,Male,Northeast,Tier 1,Science,MBBS/Health Sciences,62.8,6.37,Friends/Peers,6.4,4.8,6.5,8.3,JavaScript,Healthcare,Self-employed/Freelance,Any city in India,Healthcare Professional
INDYCC00872,23,Female,North,Tier 2,Commerce,BCA,65.5,6.82,Parents,4.6,5.0,5.7,5.6,SQL,Technology,Government sector,Metro city,Product Manager
INDYCC00873,21,Male,West,Tier 1,Science,BCA,58.3,5.56,Friends/Peers,8.1,4.9,4.5,3.1,"Python, SQL",Research/Education,Private sector,Remote/Hybrid,Data Scientist
INDYCC00874,21,Female,North,Tier 1,Science,MBBS/Health Sciences,73.9,7.28,Parents,6.7,6.9,8.6,4.2,Python,Research/Education,Private sector,Hometown,Data Scientist
INDYCC00875,22,Female,West,Tier 2,Commerce,B.Com,79.1,8.04,Passion/Interest,3.3,4.1,7.6,3.6,SQL,Government/Public Service,Higher studies,Metro city,Government Officer
INDYCC00876,20,Female,South,Tier 3,Science,MBBS/Health Sciences,74.8,7.24,Social Media,10.0,5.4,7.3,5.2,Python,Design & Media,Private sector,Hometown,Data Scientist
INDYCC00877,22,Male,North,Tier 1,Arts/Humanities,B.Des,45.0,5.0,Passion/Interest,4.2,6.0,2.6,3.8,SQL,Design & Media,Government sector,Metro city,UI/UX Designer
INDYCC00878,21,Female,Central,Tier 2,Commerce,BCA,73.7,7.64,Salary/Package,8.4,5.7,4.4,5.2,Python,Technology,Self-employed/Freelance,Any city in India,Data Scientist
INDYCC00879,17,Male,North,Tier 2,Arts/Humanities,LLB,60.8,5.98,Salary/Package,6.1,8.0,2.4,8.4,SQL,Healthcare,Private sector,Any city in India,Digital Marketer
INDYCC00880,20,Female,Northeast,Tier 2,Science,B.Pharm,66.4,6.41,Social Media,4.0,5.4,4.9,5.7,Python,Government/Public Service,Government sector,Any city in India,Software Engineer
INDYCC00881,22,Female,West,Tier 2,Commerce,BMS,,6.1,Salary/Package,3.2,6.2,6.4,5.2,,Business & Finance,Higher studies,Any city in India,Financial Analyst
INDYCC00882,19,Male,West,Tier 2,Science,B.Tech/B.E.,68.1,6.94,Passion/Interest,7.1,7.3,5.1,6.1,"Python, SQL",Government/Public Service,Private sector,Metro city,Government Officer
INDYCC00883,22,Female,Central,Tier 1,Science,BCA,71.8,7.56,Parents,5.1,5.8,6.5,1.4,C++,Business & Finance,Startup,Any city in India,Data Scientist
INDYCC00884,23,Female,East,Tier 2,Commerce,B.Com,53.3,5.0,Parents,6.2,9.7,5.7,3.0,Java,Technology,Government sector,Remote/Hybrid,Product Manager
INDYCC00885,22,Female,East,Tier 2,Arts/Humanities,LLB,73.4,7.23,Salary/Package,4.6,6.3,8.0,2.8,,Healthcare,Private sector,Metro city,Healthcare Professional
INDYCC00886,22,Female,South,Tier 2,Arts/Humanities,LLB,65.6,6.85,Salary/Package,4.5,8.7,7.8,7.9,,Marketing,Higher studies,Hometown,Digital Marketer
INDYCC00887,24,Male,West,Tier 1,Science,B.Tech/B.E.,72.3,6.97,Parents,10.0,4.2,8.1,4.4,C++,Government/Public Service,Government sector,Any city in India,Software Engineer
INDYCC00888,21,Female,West,Tier 1,Science,BCA,78.8,7.62,Passion/Interest,10.0,4.4,8.1,8.4,SQL,Design & Media,Government sector,Any city in India,UI/UX Designer
INDYCC00889,17,Female,East,Tier 1,Arts/Humanities,BBA,67.0,7.06,Passion/Interest,4.1,6.0,6.8,4.3,,Technology,Higher studies,Remote/Hybrid,Software Engineer
INDYCC00890,17,Female,Central,Tier 1,Science,MBBS/Health Sciences,73.6,7.34,Friends/Peers,5.1,7.5,6.7,5.1,Python,Business & Finance,Startup,Remote/Hybrid,Product Manager
INDYCC00891,24,Female,South,Tier 3,Commerce,BBA,60.7,6.35,Social Media,7.1,3.6,6.1,3.1,,Technology,Self-employed/Freelance,Metro city,Product Manager
INDYCC00892,24,Female,North,Tier 2,Science,BCA,66.2,6.44,Parents,8.2,4.0,7.6,7.5,Java,Design & Media,Government sector,Metro city,Software Engineer
INDYCC00893,24,Female,North,Tier 3,Commerce,B.Com,69.8,7.21,Parents,6.3,6.7,4.5,9.8,C++,Technology,Private sector,Any city in India,Product Manager
INDYCC00894,21,Male,South,Tier 1,Science,BCA,60.0,6.08,Salary/Package,10.0,8.1,6.5,6.4,"Python, SQL",Business & Finance,Startup,Any city in India,Data Scientist
INDYCC00895,23,Female,North,Tier 1,Commerce,BCA,62.8,5.94,Passion/Interest,6.2,6.3,5.5,4.8,"Python, SQL",Design & Media,Startup,Hometown,UI/UX Designer
INDYCC00896,24,Male,West,Tier 2,Science,B.Tech/B.E.,66.0,6.58,Friends/Peers,3.3,5.4,4.3,3.7,Python,Design & Media,Private sector,Metro city,Data Scientist
INDYCC00897,21,Female,South,Tier 3,Science,BCA,86.1,8.43,Parents,8.9,3.2,8.6,3.7,,Healthcare,Higher studies,Metro city,Healthcare Professional
INDYCC00898,24,Male,West,Tier 2,Commerce,BCA,69.3,6.72,Friends/Peers,1.9,8.6,8.1,3.2,SQL,Business & Finance,Higher studies,Any city in India,Financial Analyst
INDYCC00899,18,Female,North,Tier 2,Science,B.Pharm,80.5,7.72,Parents,3.0,6.3,4.9,5.7,Python,Research/Education,Private sector,Remote/Hybrid,Researcher/Academician
INDYCC00900,20,Male,East,Tier 2,Commerce,BBA,66.6,6.72,Social Media,4.0,3.5,7.3,3.0,,Technology,Private sector,Metro city,Product Manager
INDYCC00901,20,Male,South,Tier 2,Science,MBBS/Health Sciences,57.6,6.14,Passion/Interest,8.9,3.7,10.0,4.3,"Python, SQL",Marketing,Government sector,Metro city,Data Scientist
INDYCC00902,22,Male,South,Tier 3,Commerce,BCA,77.8,7.88,Passion/Interest,3.5,6.0,7.4,4.1,SQL,Healthcare,Private sector,Any city in India,Healthcare Professional
INDYCC00903,24,Male,West,Tier 2,Science,B.Sc.,72.6,7.16,Passion/Interest,6.0,7.9,6.4,7.0,,Marketing,Private sector,Metro city,Software Engineer
INDYCC00904,22,Female,Northeast,Tier 1,Science,MBBS/Health Sciences,47.3,5.0,Parents,6.7,7.7,5.8,3.3,Python,Business & Finance,Private sector,Hometown,Data Scientist
INDYCC00905,24,Male,North,Tier 2,Arts/Humanities,B.A.,75.0,7.69,Passion/Interest,5.2,7.0,3.1,7.8,Python,Healthcare,Private sector,Metro city,Digital Marketer
INDYCC00906,17,Male,Central,Tier 1,Science,B.Sc.,98.0,9.8,Social Media,8.8,4.4,7.5,2.4,JavaScript,Technology,Private sector,Remote/Hybrid,Software Engineer
INDYCC00907,19,Female,East,Tier 3,Science,MBBS/Health Sciences,82.5,8.42,Parents,8.0,8.0,6.2,7.0,,Business & Finance,Private sector,Metro city,Financial Analyst
INDYCC00908,21,Female,East,Tier 1,Commerce,B.Com,69.4,6.9,Salary/Package,3.8,7.8,6.2,3.1,Python,Government/Public Service,Government sector,Metro city,Government Officer
INDYCC00909,24,Male,South,Tier 2,Science,B.Pharm,81.7,7.95,Passion/Interest,6.0,4.6,8.0,4.5,JavaScript,Healthcare,Self-employed/Freelance,Metro city,Healthcare Professional
INDYCC00910,20,Female,West,Tier 3,Commerce,BCA,,7.75,Parents,5.8,7.6,8.7,7.0,Python,Business & Finance,Self-employed/Freelance,Metro city,Financial Analyst
INDYCC00911,23,Male,North,Tier 3,Commerce,BBA,83.2,8.49,Friends/Peers,3.6,6.7,7.2,9.2,Python,Business & Finance,Private sector,Metro city,Financial Analyst
INDYCC00912,19,Female,North,Tier 3,Arts/Humanities,BBA,82.0,8.1,Friends/Peers,3.4,6.4,4.0,5.7,,Healthcare,Government sector,Metro city,UI/UX Designer
INDYCC00913,22,Male,Northeast,Tier 1,Science,BCA,,7.29,Passion/Interest,7.3,7.2,3.0,6.4,,Government/Public Service,Startup,Metro city,Software Engineer
INDYCC00914,17,Male,South,Tier 2,Commerce,CA/Professional Course,73.3,7.41,Parents,4.7,5.2,10.0,5.0,,Technology,Private sector,Hometown,Data Scientist
INDYCC00915,23,Male,West,Tier 2,Science,B.Sc.,64.8,5.81,Salary/Package,5.4,6.2,8.6,2.6,Python,Technology,Startup,Any city in India,Software Engineer
INDYCC00916,22,Male,South,Tier 3,Arts/Humanities,B.Des,76.4,7.45,Social Media,5.3,7.9,4.9,8.1,"Python, SQL",Government/Public Service,Private sector,Metro city,Government Officer
INDYCC00917,24,Male,Central,Tier 2,Science,MBBS/Health Sciences,91.5,9.61,Social Media,7.3,3.6,5.6,7.4,Java,Government/Public Service,Self-employed/Freelance,Remote/Hybrid,Software Engineer
INDYCC00918,21,Male,East,Tier 2,Commerce,BCA,65.1,6.91,Friends/Peers,5.1,4.2,7.8,4.0,Python,Design & Media,Government sector,Any city in India,Digital Marketer
INDYCC00919,24,Female,South,Tier 3,Science,B.Pharm,77.2,7.7,Social Media,5.8,6.1,6.9,3.3,C++,Research/Education,Startup,Hometown,Data Scientist
INDYCC00920,23,Male,Northeast,Tier 1,Science,B.Sc.,81.2,8.32,Parents,7.2,6.2,9.6,7.2,JavaScript,Design & Media,Higher studies,Metro city,Data Scientist
INDYCC00921,24,Male,West,Tier 1,Arts/Humanities,BJMC/Media,62.5,6.78,Friends/Peers,4.3,7.5,1.6,8.1,Python,Business & Finance,Private sector,Metro city,Digital Marketer
INDYCC00922,18,Female,Northeast,Tier 1,Commerce,BMS,78.8,7.98,Parents,1.0,5.6,9.4,1.0,SQL,Technology,Private sector,Metro city,Product Manager
INDYCC00923,17,Male,East,Tier 3,Arts/Humanities,B.Des,70.6,6.72,Salary/Package,4.1,8.5,3.2,4.7,,Marketing,Startup,Remote/Hybrid,Digital Marketer
INDYCC00924,18,Female,East,Tier 3,Commerce,BCA,75.4,7.31,Friends/Peers,3.8,9.1,9.3,3.5,,Business & Finance,Private sector,Metro city,Product Manager
INDYCC00925,24,Male,North,Tier 1,Science,BCA,61.9,6.0,Parents,4.3,3.9,9.5,8.1,,Design & Media,Self-employed/Freelance,Hometown,Digital Marketer
INDYCC00926,21,Male,North,Tier 2,Commerce,BCA,72.2,7.65,Passion/Interest,7.9,7.5,7.3,4.8,"Python, SQL",Design & Media,Higher studies,Hometown,Product Manager
INDYCC00927,22,Male,South,Tier 1,Arts/Humanities,BJMC/Media,66.5,6.17,Parents,1.4,4.7,1.9,10.0,Python,Design & Media,Private sector,Remote/Hybrid,UI/UX Designer
INDYCC00928,17,Female,South,Tier 2,Arts/Humanities,BJMC/Media,72.9,7.05,Passion/Interest,5.1,6.8,6.1,6.3,Java,Technology,Startup,Any city in India,Data Scientist
INDYCC00929,19,Male,Central,Tier 3,Science,B.Sc.,86.0,8.56,Social Media,3.1,8.1,7.3,6.5,SQL,Design & Media,Private sector,Remote/Hybrid,Data Scientist
INDYCC00930,18,Female,North,Tier 3,Arts/Humanities,B.A.,77.2,7.75,Parents,6.0,5.5,3.5,6.6,Java,Technology,Government sector,Hometown,UI/UX Designer
INDYCC00931,20,Male,South,Tier 2,Commerce,BMS,51.6,5.48,Friends/Peers,2.9,2.4,8.2,7.3,,Business & Finance,Private sector,Any city in India,Financial Analyst
INDYCC00932,21,Female,Central,Tier 2,Commerce,BMS,80.5,7.87,Salary/Package,5.2,4.9,9.6,6.4,C++,Marketing,Private sector,Remote/Hybrid,Product Manager
INDYCC00933,21,Male,West,Tier 3,Science,BCA,76.9,7.74,Salary/Package,7.4,7.0,4.7,5.0,Java,Research/Education,Private sector,Metro city,Data Scientist
INDYCC00934,23,Female,Central,Tier 3,Arts/Humanities,B.Des,70.2,6.76,Parents,4.9,6.8,6.1,3.1,Python,Healthcare,Private sector,Any city in India,Healthcare Professional
INDYCC00935,18,Male,East,Tier 3,Science,BCA,98.0,9.8,Parents,7.6,5.7,7.5,4.9,SQL,Healthcare,Startup,Hometown,Software Engineer
INDYCC00936,18,Female,North,Tier 2,Science,B.Pharm,54.7,5.28,Salary/Package,8.4,4.9,7.1,4.4,"Python, SQL",Technology,Government sector,Remote/Hybrid,Data Scientist
INDYCC00937,23,Male,West,Tier 1,Commerce,BCA,80.2,8.25,Parents,2.3,7.2,5.1,4.0,SQL,Technology,Private sector,Any city in India,Product Manager
INDYCC00938,19,Female,West,Tier 1,Arts/Humanities,B.A.,78.2,8.19,Passion/Interest,3.3,7.5,3.5,8.1,Python,Business & Finance,Self-employed/Freelance,Any city in India,Digital Marketer
INDYCC00939,17,Male,North,Tier 1,Commerce,B.Com,96.2,9.34,Passion/Interest,3.8,3.9,6.7,5.4,SQL,Healthcare,Private sector,Hometown,Healthcare Professional
INDYCC00940,18,Female,North,Tier 2,Science,MBBS/Health Sciences,53.2,5.3,Passion/Interest,4.1,7.8,4.7,4.4,Python,Government/Public Service,Private sector,Metro city,Healthcare Professional
INDYCC00941,20,Male,Northeast,Tier 2,Science,MBBS/Health Sciences,52.1,5.06,Passion/Interest,8.8,7.4,7.3,3.0,,Business & Finance,Government sector,Metro city,Digital Marketer
INDYCC00942,19,Female,South,Tier 1,Science,BCA,66.4,6.58,Social Media,4.7,7.1,8.8,3.8,,Business & Finance,Private sector,Hometown,Financial Analyst
INDYCC00943,19,Female,Northeast,Tier 1,Arts/Humanities,BBA,58.5,5.84,Parents,5.0,6.7,6.7,7.2,C++,Business & Finance,Government sector,Metro city,Researcher/Academician
INDYCC00944,21,Female,North,Tier 1,Commerce,CA/Professional Course,86.2,8.17,Salary/Package,6.9,5.9,5.5,7.4,SQL,Technology,Startup,Any city in India,Data Scientist
INDYCC00945,23,Female,South,Tier 3,Arts/Humanities,LLB,64.0,6.11,Salary/Package,5.3,8.3,6.8,7.1,Java,Marketing,Private sector,Hometown,UI/UX Designer
INDYCC00946,18,Female,West,Tier 3,Science,B.Pharm,73.7,7.2,Parents,6.0,5.2,9.4,3.9,Java,Marketing,Private sector,Metro city,Software Engineer
INDYCC00947,17,Male,East,Tier 3,Arts/Humanities,LLB,79.9,7.47,Salary/Package,5.1,7.4,6.8,7.2,C++,Marketing,Startup,Remote/Hybrid,UI/UX Designer
INDYCC00948,20,Male,East,Tier 1,Commerce,BMS,67.3,6.73,Social Media,7.0,5.4,7.1,6.2,C++,Design & Media,Self-employed/Freelance,Metro city,Digital Marketer
INDYCC00949,21,Male,Northeast,Tier 2,Science,B.Sc.,76.7,7.63,Parents,9.4,5.0,4.3,4.2,SQL,Healthcare,Private sector,Any city in India,Healthcare Professional
INDYCC00950,23,Male,Central,Tier 1,Science,B.Tech/B.E.,86.4,8.85,Salary/Package,4.5,4.9,5.4,2.6,,Design & Media,Private sector,Hometown,UI/UX Designer
INDYCC00951,17,Male,West,Tier 1,Science,B.Pharm,88.7,9.07,Passion/Interest,7.0,5.3,6.5,7.1,JavaScript,Research/Education,Private sector,Any city in India,Software Engineer
INDYCC00952,17,Male,North,Tier 3,Commerce,B.Com,77.5,7.9,Passion/Interest,6.6,5.2,5.1,7.3,,Business & Finance,Startup,Metro city,Financial Analyst
INDYCC00953,23,Female,West,Tier 3,Commerce,BBA,81.6,7.88,Passion/Interest,5.9,7.7,6.1,4.6,Java,Research/Education,Private sector,Metro city,Government Officer
INDYCC00954,20,Female,South,Tier 3,Science,B.Pharm,72.3,7.22,Social Media,6.5,5.4,6.3,7.6,Java,Technology,Self-employed/Freelance,Hometown,Software Engineer
INDYCC00955,17,Male,North,Tier 2,Science,B.Sc.,48.7,5.0,Parents,6.5,6.9,5.5,4.6,Python,Technology,Higher studies,Any city in India,Software Engineer
INDYCC00956,21,Female,South,Tier 1,Arts/Humanities,B.Des,80.7,8.07,Social Media,3.6,8.2,4.2,7.3,Python,Research/Education,Higher studies,Hometown,UI/UX Designer
INDYCC00957,23,Male,South,Tier 2,Commerce,BCA,74.8,7.7,Passion/Interest,3.7,7.3,3.7,4.8,SQL,Marketing,Private sector,Any city in India,Product Manager
INDYCC00958,23,Female,Central,Tier 1,Arts/Humanities,B.A.,58.8,5.93,Parents,5.7,6.3,2.6,9.5,,Government/Public Service,Higher studies,Metro city,UI/UX Designer
INDYCC00959,23,Male,East,Tier 3,Arts/Humanities,B.A.,74.0,7.59,Parents,7.7,7.9,7.0,8.5,JavaScript,Technology,Private sector,Hometown,UI/UX Designer
INDYCC00960,23,Male,South,Tier 2,Commerce,B.Com,60.0,5.75,Passion/Interest,3.3,5.6,4.4,4.8,SQL,Business & Finance,Private sector,Remote/Hybrid,Financial Analyst
INDYCC00961,24,Male,East,Tier 2,Science,MBBS/Health Sciences,88.3,8.72,Salary/Package,5.0,5.4,5.3,4.4,"Python, SQL",Design & Media,Private sector,Any city in India,UI/UX Designer
INDYCC00962,22,Female,South,Tier 1,Arts/Humanities,B.A.,61.8,6.1,Friends/Peers,3.7,9.3,4.6,4.6,,Research/Education,Private sector,Metro city,Digital Marketer
INDYCC00963,20,Male,South,Tier 2,Science,B.Pharm,86.1,8.79,Parents,4.8,4.8,6.6,7.8,,Technology,Private sector,Metro city,Software Engineer
INDYCC00964,20,Male,West,Tier 2,Arts/Humanities,BJMC/Media,90.7,8.91,Passion/Interest,2.4,7.1,8.5,8.4,,Healthcare,Private sector,Hometown,Digital Marketer
INDYCC00965,17,Male,Central,Tier 1,Science,BCA,57.4,5.66,Passion/Interest,4.6,4.9,8.4,4.0,SQL,Healthcare,Private sector,Remote/Hybrid,Healthcare Professional
INDYCC00966,22,Female,Northeast,Tier 1,Science,B.Tech/B.E.,57.3,5.62,Parents,6.5,4.1,8.8,7.2,Java,Technology,Private sector,Metro city,Software Engineer
INDYCC00967,17,Female,South,Tier 2,Commerce,CA/Professional Course,71.6,7.12,Parents,4.6,6.5,8.9,5.0,,Business & Finance,Private sector,Hometown,Financial Analyst
INDYCC00968,24,Female,North,Tier 2,Science,B.Tech/B.E.,59.2,5.55,Passion/Interest,10.0,6.0,6.7,8.7,"Python, SQL",Research/Education,Government sector,Any city in India,Data Scientist
INDYCC00969,18,Female,North,Tier 2,Science,B.Tech/B.E.,68.4,7.04,Social Media,8.2,3.3,5.2,2.7,JavaScript,Technology,Self-employed/Freelance,Remote/Hybrid,Software Engineer
INDYCC00970,17,Female,South,Tier 2,Science,BCA,92.7,8.9,Passion/Interest,6.7,8.7,8.0,5.1,C++,Design & Media,Higher studies,Metro city,Researcher/Academician
INDYCC00971,21,Male,Central,Tier 1,Commerce,BBA,81.2,7.64,Salary/Package,4.7,5.1,6.4,8.4,,Government/Public Service,Private sector,Metro city,Product Manager
INDYCC00972,18,Male,North,Tier 3,Science,B.Pharm,64.4,6.89,,4.2,7.8,7.7,7.0,,Technology,Higher studies,Metro city,Data Scientist
INDYCC00973,22,Male,Central,Tier 2,Arts/Humanities,BJMC/Media,52.1,5.23,Parents,3.6,8.3,7.0,6.8,Python,Business & Finance,Self-employed/Freelance,Remote/Hybrid,Government Officer
INDYCC00974,22,Female,North,Tier 2,Commerce,BBA,96.9,9.8,Passion/Interest,3.0,5.3,9.8,5.2,Python,Healthcare,Self-employed/Freelance,Hometown,Healthcare Professional
INDYCC00975,19,Female,North,Tier 1,Commerce,BBA,54.8,5.71,Salary/Package,3.8,4.7,4.3,5.2,Python,Technology,Private sector,Hometown,Product Manager
INDYCC00976,18,Female,West,Tier 3,Science,MBBS/Health Sciences,76.7,7.96,Social Media,10.0,7.9,5.9,7.0,,Marketing,Government sector,Remote/Hybrid,Software Engineer
INDYCC00977,24,Non-binary/Prefer not to say,Central,Tier 1,Commerce,CA/Professional Course,61.1,6.13,Passion/Interest,8.6,6.5,5.6,4.0,C++,Healthcare,Government sector,Metro city,Product Manager
INDYCC00978,22,Female,North,Tier 2,Arts/Humanities,B.Des,78.1,7.59,Passion/Interest,5.9,5.7,7.9,7.5,Java,Government/Public Service,Private sector,Any city in India,Government Officer
INDYCC00979,22,Female,Central,Tier 1,Commerce,BMS,69.4,6.56,Salary/Package,5.4,5.0,9.3,6.2,Java,Technology,Private sector,Any city in India,Financial Analyst
INDYCC00980,24,Male,Central,Tier 3,Commerce,CA/Professional Course,71.9,7.36,Social Media,6.5,6.4,5.5,4.6,JavaScript,Design & Media,Higher studies,Metro city,UI/UX Designer
INDYCC00981,21,Female,South,Tier 3,Commerce,B.Com,80.1,7.81,Social Media,5.9,4.0,5.8,6.6,SQL,Technology,Higher studies,Remote/Hybrid,Product Manager
INDYCC00982,20,Male,West,Tier 2,Commerce,BMS,79.9,8.5,Friends/Peers,5.5,5.0,5.9,4.9,"Python, SQL",Business & Finance,Private sector,Hometown,Financial Analyst
INDYCC00983,24,Female,West,Tier 2,Arts/Humanities,BBA,78.5,8.28,Social Media,5.2,5.2,5.4,9.5,,Healthcare,Government sector,Hometown,Digital Marketer
INDYCC00984,18,Male,West,Tier 1,Arts/Humanities,B.A.,64.5,6.35,Salary/Package,1.0,7.6,5.1,5.3,,Technology,Government sector,Metro city,Software Engineer
INDYCC00985,19,Female,Northeast,Tier 3,Commerce,BBA,57.1,5.91,Social Media,3.0,8.9,7.4,6.5,,Technology,Private sector,Remote/Hybrid,Product Manager
INDYCC00986,19,Male,North,Tier 3,Commerce,BBA,65.3,,Parents,9.1,5.5,8.2,7.7,Python,Design & Media,Private sector,Any city in India,UI/UX Designer
INDYCC00987,17,Female,North,Tier 2,Science,B.Sc.,76.0,7.54,Salary/Package,4.4,6.5,5.0,4.0,SQL,Business & Finance,Private sector,Hometown,Financial Analyst
INDYCC00988,19,Female,South,Tier 1,Commerce,BCA,74.3,7.55,Passion/Interest,4.4,5.5,6.5,2.5,,Government/Public Service,Private sector,Remote/Hybrid,Government Officer
INDYCC00989,22,Male,South,Tier 3,Commerce,CA/Professional Course,97.7,9.8,Social Media,5.5,5.6,8.2,6.4,Python,Technology,Government sector,Metro city,Product Manager
INDYCC00990,20,Female,Central,Tier 3,Science,B.Tech/B.E.,75.8,7.45,Social Media,8.7,6.1,6.1,7.3,Python,Business & Finance,Self-employed/Freelance,Metro city,Software Engineer
INDYCC00991,23,Male,Northeast,Tier 2,Science,B.Tech/B.E.,73.2,7.05,Friends/Peers,7.5,6.6,8.4,6.1,,Technology,Higher studies,Any city in India,Software Engineer
INDYCC00992,17,Female,North,Tier 1,Commerce,B.Com,74.6,7.87,Salary/Package,3.8,7.4,8.1,3.6,Python,Government/Public Service,Startup,Metro city,Government Officer
INDYCC00993,20,Female,South,Tier 2,Science,B.Sc.,50.9,5.19,Parents,5.4,6.7,10.0,8.5,"Python, SQL",Design & Media,Higher studies,Remote/Hybrid,UI/UX Designer
INDYCC00994,23,Male,Northeast,Tier 2,Commerce,BCA,71.7,6.86,Salary/Package,9.7,4.9,5.0,6.3,"Python, SQL",Technology,Higher studies,Remote/Hybrid,Software Engineer
INDYCC00995,21,Female,North,Tier 1,Science,B.Sc.,59.2,5.95,Friends/Peers,5.3,6.2,6.6,4.3,C++,Technology,Private sector,Hometown,Software Engineer
INDYCC00996,17,Female,West,Tier 3,Science,BCA,60.9,6.65,Passion/Interest,4.1,5.3,3.5,8.6,,Business & Finance,Startup,Remote/Hybrid,Financial Analyst
INDYCC00997,19,Male,South,Tier 1,Commerce,BMS,45.4,5.0,Passion/Interest,4.7,4.7,4.8,5.8,,Technology,Higher studies,Metro city,Product Manager
INDYCC00998,21,Female,Central,Tier 3,Science,MBBS/Health Sciences,75.9,7.67,Social Media,5.2,6.8,8.5,5.0,"Python, SQL",Business & Finance,Higher studies,Remote/Hybrid,Software Engineer
INDYCC00999,20,Male,North,Tier 3,Arts/Humanities,BJMC/Media,53.8,5.76,Social Media,3.9,6.8,6.5,8.0,Python,Government/Public Service,Private sector,Hometown,Government Officer
INDYCC01000,23,Male,East,Tier 2,Science,MBBS/Health Sciences,81.9,8.35,Friends/Peers,4.5,6.9,4.5,7.1,Python,Marketing,Government sector,Any city in India,Data Scientist
INDYCC01001,22,Non-binary/Prefer not to say,North,Tier 1,Arts/Humanities,BJMC/Media,85.8,8.44,Parents,1.7,6.3,3.8,5.6,,Technology,Private sector,Metro city,Software Engineer
INDYCC01002,19,Male,Northeast,Tier 2,Arts/Humanities,B.Des,76.1,7.64,Friends/Peers,5.0,8.1,4.6,6.2,"Python, SQL",Design & Media,Higher studies,Any city in India,Digital Marketer
INDYCC01003,22,Male,South,Tier 1,Commerce,B.Com,78.8,8.16,Social Media,5.7,7.3,5.2,5.0,JavaScript,Government/Public Service,Private sector,Metro city,Government Officer
INDYCC01004,20,Female,West,Tier 2,Science,BCA,86.5,8.46,Parents,6.1,8.5,7.8,3.8,SQL,Government/Public Service,Higher studies,Any city in India,Government Officer
INDYCC01005,21,Male,South,Tier 2,Science,BCA,71.4,6.79,Salary/Package,7.7,6.1,8.7,5.0,"Python, SQL",Design & Media,Higher studies,Any city in India,Software Engineer
INDYCC01006,17,Female,West,Tier 2,Commerce,BCA,81.7,8.25,Parents,9.4,7.4,5.1,4.6,JavaScript,Healthcare,Private sector,Any city in India,Product Manager
INDYCC01007,19,Male,Northeast,Tier 2,Science,BCA,85.8,8.79,Passion/Interest,7.4,4.0,6.0,6.0,SQL,Government/Public Service,Higher studies,Hometown,Software Engineer
INDYCC01008,21,Male,East,Tier 2,Commerce,BMS,64.5,6.33,Salary/Package,6.1,4.3,6.1,8.2,JavaScript,Government/Public Service,Startup,Remote/Hybrid,Government Officer
INDYCC01009,22,Female,North,Tier 1,Arts/Humanities,B.A.,87.3,9.06,Parents,4.3,7.6,5.8,6.0,SQL,Government/Public Service,Startup,Hometown,Government Officer
INDYCC01010,17,Male,North,Tier 1,Commerce,BCA,72.4,,Salary/Package,5.5,5.6,6.8,3.6,"Python, SQL",Government/Public Service,Startup,Remote/Hybrid,Government Officer
INDYCC01011,20,Male,South,Tier 2,Science,MBBS/Health Sciences,82.4,8.38,Friends/Peers,7.0,2.9,7.2,4.9,"Python, SQL",Government/Public Service,Government sector,Metro city,Data Scientist
INDYCC01012,18,Male,Northeast,Tier 2,Commerce,CA/Professional Course,59.8,6.39,Salary/Package,6.3,5.9,7.0,6.8,"Python, SQL",Healthcare,Government sector,Hometown,Product Manager
INDYCC01013,21,Male,West,Tier 2,Science,MBBS/Health Sciences,98.0,9.75,Salary/Package,6.5,6.2,6.8,7.8,JavaScript,Marketing,Startup,Metro city,Software Engineer
INDYCC01014,22,Female,South,Tier 1,Arts/Humanities,LLB,70.0,7.18,Friends/Peers,6.1,4.9,7.1,7.9,SQL,Government/Public Service,Self-employed/Freelance,Metro city,Digital Marketer
INDYCC01015,24,Male,East,Tier 3,Commerce,BBA,75.4,7.75,Salary/Package,4.6,4.5,5.0,5.0,Python,Marketing,Higher studies,Metro city,Financial Analyst
INDYCC01016,21,Female,West,Tier 1,Science,B.Pharm,77.7,7.96,Friends/Peers,3.7,6.6,6.7,7.4,Python,Marketing,Government sector,Hometown,Researcher/Academician
INDYCC01017,17,Male,Northeast,Tier 2,Commerce,BBA,61.4,6.39,Salary/Package,4.8,3.1,7.5,3.6,,Business & Finance,Self-employed/Freelance,Metro city,Financial Analyst
INDYCC01018,23,Female,East,Tier 1,Commerce,BMS,84.0,8.38,Passion/Interest,4.1,3.4,8.3,5.6,Python,Research/Education,Higher studies,Metro city,Researcher/Academician
INDYCC01019,20,Female,South,Tier 1,Science,MBBS/Health Sciences,66.9,6.72,Social Media,6.2,7.0,7.4,5.5,Python,Design & Media,Higher studies,Hometown,Digital Marketer
INDYCC01020,19,Female,East,Tier 3,Arts/Humanities,BBA,87.0,8.43,Salary/Package,1.1,8.7,6.7,6.5,SQL,Business & Finance,Private sector,Hometown,Product Manager
INDYCC01021,20,Female,West,Tier 2,Science,B.Tech/B.E.,87.3,8.91,Parents,4.6,4.2,6.5,3.6,,Marketing,Private sector,Remote/Hybrid,Healthcare Professional
INDYCC01022,24,Female,South,Tier 3,Arts/Humanities,B.A.,85.9,8.97,Salary/Package,5.9,9.1,4.7,10.0,,Government/Public Service,Startup,Hometown,Government Officer
INDYCC01023,24,Male,North,Tier 2,Science,BCA,73.8,7.78,Passion/Interest,6.5,4.8,6.8,7.9,Java,Research/Education,Private sector,Remote/Hybrid,Software Engineer
INDYCC01024,24,Male,Central,Tier 2,Science,B.Pharm,68.5,7.07,Passion/Interest,6.6,6.4,7.2,4.6,,Design & Media,Private sector,Remote/Hybrid,UI/UX Designer
INDYCC01025,22,Female,East,Tier 2,Science,B.Sc.,56.1,5.24,Salary/Package,7.8,4.7,4.8,6.7,C++,Business & Finance,Startup,Any city in India,Data Scientist
INDYCC01026,23,Male,Northeast,Tier 3,Arts/Humanities,BBA,67.1,6.62,,3.5,7.7,6.7,6.6,SQL,Government/Public Service,Private sector,Metro city,Government Officer
INDYCC01027,17,Female,East,Tier 2,Science,BCA,70.8,7.14,Friends/Peers,5.3,5.7,7.3,5.0,,Business & Finance,Startup,Hometown,Product Manager
INDYCC01028,19,Female,West,Tier 2,Arts/Humanities,B.A.,69.2,7.03,Friends/Peers,2.9,9.5,4.2,3.8,SQL,Technology,Private sector,Any city in India,UI/UX Designer
INDYCC01029,17,Male,South,Tier 3,Science,B.Tech/B.E.,74.9,7.72,Passion/Interest,7.0,9.2,9.7,5.6,"Python, SQL",Technology,Self-employed/Freelance,Metro city,Data Scientist
INDYCC01030,18,Female,North,Tier 2,Science,BCA,52.0,5.0,Parents,4.8,3.9,8.8,2.2,SQL,Design & Media,Startup,Any city in India,UI/UX Designer
INDYCC01031,24,Female,Northeast,Tier 3,Science,B.Pharm,86.0,8.56,Passion/Interest,4.3,2.5,6.6,6.6,SQL,Business & Finance,Government sector,Hometown,Data Scientist
INDYCC01032,20,Male,West,Tier 1,Arts/Humanities,BBA,53.1,5.17,Parents,5.6,7.0,3.0,7.6,JavaScript,Technology,Government sector,Hometown,UI/UX Designer
INDYCC01033,23,Male,Central,Tier 3,Science,B.Tech/B.E.,64.6,6.89,Salary/Package,2.7,7.8,6.9,6.9,,Marketing,Government sector,Any city in India,Software Engineer
INDYCC01034,23,Male,North,Tier 2,Science,B.Sc.,88.4,8.9,Passion/Interest,8.1,9.9,4.8,2.2,SQL,Technology,Higher studies,Metro city,Software Engineer
INDYCC01035,22,Male,North,Tier 3,Science,B.Tech/B.E.,60.7,6.02,Salary/Package,8.5,6.2,8.1,3.0,Python,Marketing,Higher studies,Hometown,Software Engineer
INDYCC01036,22,Male,South,Tier 1,Science,BCA,74.5,7.57,Parents,7.2,6.8,6.3,6.8,Java,Government/Public Service,Private sector,Any city in India,Data Scientist
INDYCC01037,18,Male,Central,Tier 1,Science,MBBS/Health Sciences,73.4,6.76,Parents,7.5,4.0,10.0,8.3,,Government/Public Service,Self-employed/Freelance,Metro city,Data Scientist
INDYCC01038,20,Female,South,Tier 3,Science,B.Pharm,85.8,8.83,Passion/Interest,7.6,5.6,10.0,5.7,JavaScript,Healthcare,Government sector,Hometown,Healthcare Professional
INDYCC01039,18,Female,North,Tier 1,Commerce,BMS,67.6,6.6,Passion/Interest,3.7,5.0,5.6,9.5,Python,Technology,Private sector,Any city in India,Software Engineer
INDYCC01040,18,Male,South,Tier 1,Science,BCA,78.8,7.63,Passion/Interest,6.6,9.1,3.5,5.1,C++,Technology,Startup,Remote/Hybrid,Data Scientist
INDYCC01041,24,Male,South,Tier 1,Commerce,B.Com,75.6,7.62,Passion/Interest,5.8,5.0,3.7,6.3,,Healthcare,Private sector,Hometown,Data Scientist
INDYCC01042,18,Male,South,Tier 3,Arts/Humanities,B.A.,70.4,6.94,Social Media,4.6,7.7,5.6,5.9,SQL,Government/Public Service,Government sector,Hometown,Government Officer
INDYCC01043,23,Female,South,Tier 1,Science,BCA,74.4,7.12,Friends/Peers,7.8,6.4,7.1,8.3,JavaScript,Design & Media,Higher studies,Any city in India,Digital Marketer
INDYCC01044,22,Female,West,Tier 3,Arts/Humanities,B.Des,63.9,6.11,Social Media,3.9,7.8,4.8,7.2,SQL,Business & Finance,Higher studies,Any city in India,UI/UX Designer
INDYCC01045,24,Female,East,Tier 1,Commerce,BBA,93.9,9.31,Friends/Peers,3.8,6.3,7.3,5.9,,Technology,Startup,Metro city,Product Manager
INDYCC01046,17,Male,Central,Tier 2,Arts/Humanities,B.A.,76.5,8.03,Friends/Peers,1.0,3.9,6.1,7.7,SQL,Marketing,Self-employed/Freelance,Any city in India,UI/UX Designer
INDYCC01047,18,Male,Central,Tier 1,Commerce,BBA,80.0,8.18,Parents,5.8,4.5,5.2,7.3,,Marketing,Government sector,Metro city,Financial Analyst
INDYCC01048,18,Male,South,Tier 1,Arts/Humanities,B.A.,51.3,5.16,Parents,4.1,6.6,4.6,7.2,SQL,Design & Media,Self-employed/Freelance,Hometown,UI/UX Designer
INDYCC01049,22,Female,South,Tier 3,Science,B.Tech/B.E.,81.5,7.9,Parents,4.2,5.1,7.5,5.2,Python,Marketing,Private sector,Any city in India,Software Engineer
INDYCC01050,17,Female,Central,Tier 2,Arts/Humanities,B.A.,72.9,7.1,Salary/Package,3.3,7.5,7.8,6.9,,Healthcare,Higher studies,Remote/Hybrid,Healthcare Professional
INDYCC01051,21,Male,North,Tier 1,Science,B.Tech/B.E.,73.0,7.14,Social Media,6.7,8.0,8.2,3.6,SQL,Business & Finance,Private sector,Any city in India,Researcher/Academician
INDYCC01052,20,Male,West,Tier 2,Commerce,CA/Professional Course,59.2,6.41,Social Media,5.0,6.6,7.6,7.5,JavaScript,Research/Education,Self-employed/Freelance,Any city in India,Financial Analyst
INDYCC01053,19,Female,East,Tier 1,Arts/Humanities,B.A.,80.8,8.16,Friends/Peers,7.4,3.7,5.7,5.0,C++,Government/Public Service,Private sector,Hometown,Government Officer
INDYCC01054,23,Male,West,Tier 1,Arts/Humanities,BJMC/Media,64.8,6.63,Parents,2.5,6.5,4.6,5.6,SQL,Healthcare,Private sector,Any city in India,UI/UX Designer
INDYCC01055,21,Male,South,Tier 2,Commerce,BBA,55.7,5.52,Passion/Interest,6.1,6.9,6.2,7.2,SQL,Research/Education,Startup,Any city in India,Data Scientist
INDYCC01056,19,Female,South,Tier 3,Commerce,BMS,68.6,6.72,Parents,6.6,6.2,7.1,5.7,,Business & Finance,Private sector,Remote/Hybrid,Financial Analyst
INDYCC01057,18,Male,North,Tier 2,Arts/Humanities,LLB,83.4,8.39,Parents,7.0,7.8,5.7,5.0,Java,Business & Finance,Startup,Any city in India,UI/UX Designer
INDYCC01058,23,Male,Northeast,Tier 3,Commerce,BBA,57.0,5.72,Salary/Package,8.2,4.8,5.2,5.4,"Python, SQL",Research/Education,Self-employed/Freelance,Remote/Hybrid,Product Manager
INDYCC01059,17,Female,West,Tier 1,Science,B.Sc.,59.8,5.74,Passion/Interest,4.7,5.7,6.9,5.6,Python,Technology,Startup,Metro city,Data Scientist
INDYCC01060,18,Male,North,Tier 2,Commerce,BBA,55.7,5.79,Friends/Peers,4.7,5.2,6.9,5.9,SQL,Government/Public Service,Higher studies,Remote/Hybrid,Product Manager
INDYCC01061,23,Female,South,Tier 3,Commerce,BCA,74.9,7.88,Parents,6.1,5.7,6.3,2.9,Python,Technology,Private sector,Any city in India,Data Scientist
INDYCC01062,19,Male,West,Tier 1,Commerce,BCA,76.2,7.59,Passion/Interest,2.1,4.2,6.7,3.9,SQL,Research/Education,Higher studies,Remote/Hybrid,Healthcare Professional
INDYCC01063,24,Male,West,Tier 2,Science,MBBS/Health Sciences,59.1,5.97,Friends/Peers,7.9,6.2,5.6,4.6,"Python, SQL",Design & Media,Private sector,Metro city,Software Engineer
INDYCC01064,21,Male,South,Tier 2,Science,B.Sc.,65.2,6.55,Parents,6.2,3.7,7.1,2.2,"Python, SQL",Government/Public Service,Government sector,Metro city,Data Scientist
INDYCC01065,17,Male,North,Tier 3,Science,B.Tech/B.E.,67.6,6.79,Passion/Interest,3.9,4.6,6.8,3.8,SQL,Government/Public Service,Private sector,Hometown,Data Scientist
INDYCC01066,20,Male,Northeast,Tier 3,Arts/Humanities,BJMC/Media,77.6,7.75,Parents,5.0,8.9,6.3,5.1,"Python, SQL",Research/Education,Private sector,Remote/Hybrid,Product Manager
INDYCC01067,22,Female,Northeast,Tier 1,Commerce,CA/Professional Course,78.5,8.37,Passion/Interest,6.1,3.5,5.5,5.4,SQL,Business & Finance,Government sector,Hometown,Financial Analyst
INDYCC01068,22,Male,West,Tier 2,Science,B.Sc.,61.1,6.19,Friends/Peers,5.0,5.7,5.9,6.0,,Business & Finance,Higher studies,Hometown,Healthcare Professional
INDYCC01069,20,Male,Northeast,Tier 1,Science,B.Sc.,79.6,8.12,Passion/Interest,8.7,5.2,4.4,7.1,JavaScript,Marketing,Government sector,Metro city,Data Scientist
INDYCC01070,17,Female,Central,Tier 2,Commerce,BBA,67.2,6.79,Salary/Package,1.0,6.1,5.5,4.7,Python,Business & Finance,Private sector,Remote/Hybrid,Product Manager
INDYCC01071,19,Female,West,Tier 3,Arts/Humanities,LLB,74.2,7.52,Passion/Interest,3.7,6.5,4.7,5.8,,Government/Public Service,Private sector,Metro city,Government Officer
INDYCC01072,22,Non-binary/Prefer not to say,Central,Tier 2,Science,MBBS/Health Sciences,68.7,6.74,Friends/Peers,5.8,5.1,5.2,6.3,"Python, SQL",Technology,Government sector,Any city in India,Software Engineer
INDYCC01073,21,Male,East,Tier 3,Science,B.Tech/B.E.,74.2,7.65,Parents,6.4,5.8,8.5,6.2,,Design & Media,Private sector,Hometown,UI/UX Designer
INDYCC01074,17,Male,North,Tier 2,Science,B.Sc.,56.9,6.15,Passion/Interest,7.1,4.4,7.7,4.3,Java,Marketing,Private sector,Metro city,Data Scientist
INDYCC01075,23,Male,South,Tier 1,Science,MBBS/Health Sciences,68.6,6.95,Parents,6.3,9.0,5.4,5.9,Python,Design & Media,Self-employed/Freelance,Remote/Hybrid,Government Officer
INDYCC01076,21,Female,South,Tier 3,Commerce,BMS,76.0,7.64,Social Media,7.0,7.9,5.8,5.3,C++,Technology,Higher studies,Metro city,Data Scientist
INDYCC01077,21,Male,North,Tier 1,Commerce,BMS,58.5,5.71,Social Media,6.9,7.0,8.5,5.3,"Python, SQL",Technology,Higher studies,Any city in India,Product Manager
INDYCC01078,22,Female,West,Tier 1,Arts/Humanities,B.A.,64.3,6.7,Parents,7.0,7.5,4.5,5.6,Java,Marketing,Private sector,Metro city,Researcher/Academician
INDYCC01079,19,Female,Central,Tier 2,Arts/Humanities,LLB,76.4,7.72,Social Media,3.1,6.1,6.6,6.1,,Government/Public Service,Higher studies,Hometown,Government Officer
INDYCC01080,17,Male,Central,Tier 2,Science,B.Tech/B.E.,87.7,8.64,Salary/Package,5.3,2.0,4.2,6.0,"Python, SQL",Marketing,Startup,Metro city,Software Engineer
INDYCC01081,22,Female,North,Tier 2,Science,MBBS/Health Sciences,68.4,7.05,Parents,7.6,6.4,5.3,5.6,,Design & Media,Self-employed/Freelance,Metro city,Software Engineer
INDYCC01082,24,Female,South,Tier 2,Commerce,BMS,73.6,7.34,Passion/Interest,3.3,6.9,4.6,6.4,Python,Design & Media,Private sector,Remote/Hybrid,UI/UX Designer
INDYCC01083,19,Female,North,Tier 1,Science,B.Sc.,64.7,6.42,Passion/Interest,5.4,2.9,5.3,7.0,SQL,Technology,Startup,Metro city,Software Engineer
INDYCC01084,21,Female,Northeast,Tier 2,Science,BCA,82.8,8.18,Parents,3.6,5.7,7.1,5.7,SQL,Technology,Private sector,Metro city,Software Engineer
INDYCC01085,18,Male,South,Tier 1,Science,B.Pharm,81.7,8.12,Passion/Interest,8.1,8.9,6.2,2.6,,Technology,Private sector,Remote/Hybrid,Software Engineer
INDYCC01086,20,Male,South,Tier 2,Science,B.Pharm,,6.05,Social Media,8.7,6.7,6.7,5.1,C++,Business & Finance,Private sector,Any city in India,Data Scientist
INDYCC01087,22,Female,North,Tier 1,Commerce,CA/Professional Course,70.8,7.12,Salary/Package,2.1,8.6,5.6,3.8,,Healthcare,Private sector,Any city in India,Healthcare Professional
INDYCC01088,20,Male,Central,Tier 1,Arts/Humanities,BBA,61.7,6.33,Passion/Interest,4.3,8.0,3.2,6.0,SQL,Research/Education,Higher studies,Hometown,Researcher/Academician
INDYCC01089,24,Male,Central,Tier 3,Commerce,BMS,85.7,8.94,Passion/Interest,7.9,1.8,6.7,5.2,Python,Healthcare,Higher studies,Hometown,Healthcare Professional
INDYCC01090,21,Male,North,Tier 2,Commerce,B.Com,71.1,6.95,Parents,2.0,7.1,7.3,4.9,Python,Marketing,Private sector,Hometown,Product Manager
INDYCC01091,17,Female,East,Tier 1,Arts/Humanities,BJMC/Media,65.7,6.7,Parents,3.7,5.1,5.5,8.5,,Technology,Startup,Any city in India,Digital Marketer
INDYCC01092,23,Female,North,Tier 1,Science,MBBS/Health Sciences,62.0,5.68,Salary/Package,5.2,4.7,9.3,6.6,C++,Marketing,Higher studies,Metro city,Data Scientist
INDYCC01093,23,Male,West,Tier 2,Commerce,BMS,83.4,8.25,Passion/Interest,6.8,6.7,4.8,5.2,SQL,Design & Media,Startup,Remote/Hybrid,Financial Analyst
INDYCC01094,22,Female,North,Tier 3,Arts/Humanities,LLB,70.7,7.3,Salary/Package,5.9,8.0,5.9,6.1,Java,Healthcare,Private sector,Hometown,Data Scientist
INDYCC01095,23,Male,North,Tier 2,Science,B.Tech/B.E.,73.3,7.48,Parents,4.9,5.8,7.8,1.1,Python,Healthcare,Higher studies,Hometown,Healthcare Professional
INDYCC01096,20,Female,South,Tier 1,Commerce,BCA,80.4,7.82,Friends/Peers,6.5,7.4,4.6,4.7,"Python, SQL",Design & Media,Government sector,Metro city,Financial Analyst
INDYCC01097,23,Male,North,Tier 2,Commerce,BBA,54.1,5.82,Friends/Peers,8.0,7.0,5.6,3.1,SQL,Research/Education,Private sector,Hometown,Financial Analyst
INDYCC01098,22,Male,West,Tier 2,Commerce,BBA,66.3,6.51,Parents,4.8,6.7,6.6,3.4,,Research/Education,Startup,Any city in India,Researcher/Academician
INDYCC01099,23,Male,North,Tier 2,Arts/Humanities,B.Des,51.8,5.33,Friends/Peers,5.2,7.5,4.6,7.6,C++,Government/Public Service,Government sector,Hometown,UI/UX Designer
INDYCC01100,20,Male,North,Tier 3,Science,MBBS/Health Sciences,72.1,6.98,Friends/Peers,6.2,6.8,5.6,6.6,SQL,Design & Media,Government sector,Any city in India,Software Engineer
INDYCC01101,17,Non-binary/Prefer not to say,North,Tier 1,Science,MBBS/Health Sciences,81.3,8.11,Salary/Package,7.9,8.3,7.1,7.4,JavaScript,Technology,Self-employed/Freelance,Remote/Hybrid,Data Scientist
INDYCC01102,23,Female,North,Tier 3,Arts/Humanities,B.Des,63.8,6.37,Salary/Package,2.5,7.7,2.2,5.9,Python,Government/Public Service,Private sector,Hometown,Government Officer
INDYCC01103,19,Male,Northeast,Tier 2,Commerce,BBA,95.8,9.8,Parents,4.5,6.1,6.4,7.4,,Research/Education,Startup,Any city in India,Product Manager
INDYCC01104,19,Female,Northeast,Tier 3,Science,B.Sc.,62.3,6.44,Salary/Package,10.0,5.5,6.1,4.6,,Design & Media,Government sector,Metro city,Researcher/Academician
INDYCC01105,21,Female,North,Tier 1,Science,B.Sc.,79.8,7.85,Friends/Peers,2.1,5.6,5.0,4.6,SQL,Design & Media,Self-employed/Freelance,Metro city,Software Engineer
INDYCC01106,18,Female,East,Tier 1,Science,B.Sc.,70.9,7.64,Passion/Interest,9.4,6.9,6.8,8.0,SQL,Business & Finance,Self-employed/Freelance,Any city in India,Digital Marketer
INDYCC01107,23,Female,Central,Tier 3,Science,MBBS/Health Sciences,52.4,5.09,Passion/Interest,10.0,7.7,7.9,5.2,Java,Design & Media,Startup,Any city in India,UI/UX Designer
INDYCC01108,23,Female,Central,Tier 1,Arts/Humanities,LLB,85.4,8.55,Parents,5.2,7.0,5.3,8.3,JavaScript,Technology,Private sector,Any city in India,Digital Marketer
INDYCC01109,24,Male,East,Tier 1,Commerce,BMS,83.6,8.42,Salary/Package,7.7,5.8,8.7,4.7,JavaScript,Business & Finance,Government sector,Metro city,Product Manager
INDYCC01110,23,Female,South,Tier 1,Arts/Humanities,LLB,67.5,6.37,Social Media,6.9,7.7,5.9,10.0,Java,Research/Education,Startup,Hometown,Researcher/Academician
INDYCC01111,22,Female,North,Tier 1,Science,B.Pharm,67.6,6.83,Social Media,9.4,6.3,7.9,5.3,,Healthcare,Private sector,Any city in India,Software Engineer
INDYCC01112,24,Female,North,Tier 1,Arts/Humanities,LLB,68.9,6.98,Salary/Package,1.0,10.0,4.6,8.4,,Marketing,Government sector,Metro city,UI/UX Designer
INDYCC01113,19,Male,West,Tier 2,Commerce,BBA,59.2,5.64,Parents,7.4,2.2,7.9,4.0,SQL,Government/Public Service,Higher studies,Metro city,Government Officer
INDYCC01114,17,Female,East,Tier 2,Commerce,BCA,98.0,9.8,Passion/Interest,5.3,7.6,5.3,5.9,JavaScript,Business & Finance,Startup,Hometown,Financial Analyst
INDYCC01115,19,Male,East,Tier 2,Commerce,CA/Professional Course,63.7,6.24,Parents,4.5,5.2,9.1,6.3,SQL,Government/Public Service,Government sector,Metro city,Government Officer
INDYCC01116,22,Male,South,Tier 2,Science,B.Sc.,84.7,8.79,Salary/Package,6.1,4.7,6.4,6.3,Java,Healthcare,Startup,Remote/Hybrid,Healthcare Professional
INDYCC01117,22,Female,East,Tier 3,Arts/Humanities,LLB,58.0,5.7,Social Media,6.2,3.6,5.6,8.3,SQL,Research/Education,Private sector,Remote/Hybrid,UI/UX Designer
INDYCC01118,19,Female,South,Tier 1,Arts/Humanities,B.Des,45.0,5.0,Parents,3.6,5.6,5.3,7.3,,Marketing,Startup,Metro city,UI/UX Designer
INDYCC01119,22,Female,East,Tier 1,Commerce,CA/Professional Course,71.6,7.08,Parents,4.2,4.7,6.7,5.6,,Technology,Government sector,Any city in India,Product Manager
INDYCC01120,18,Male,West,Tier 2,Science,B.Pharm,58.8,6.0,Parents,7.2,8.5,3.7,4.3,"Python, SQL",Business & Finance,Private sector,Remote/Hybrid,Financial Analyst
INDYCC01121,23,Female,East,Tier 2,Commerce,B.Com,66.7,6.87,Salary/Package,4.7,5.8,7.5,8.7,,Technology,Government sector,Hometown,Product Manager
INDYCC01122,23,Female,West,Tier 1,Science,B.Sc.,81.8,8.41,Salary/Package,8.6,7.5,7.5,5.0,Python,Design & Media,Government sector,Metro city,Data Scientist
INDYCC01123,21,Female,North,Tier 3,Science,B.Tech/B.E.,68.8,6.47,Salary/Package,8.7,5.9,7.6,6.0,JavaScript,Healthcare,Private sector,Remote/Hybrid,Software Engineer
INDYCC01124,22,Female,West,Tier 1,Commerce,BMS,71.5,7.44,Social Media,5.9,5.6,6.6,5.8,"Python, SQL",Healthcare,Private sector,Hometown,Digital Marketer
INDYCC01125,23,Male,Northeast,Tier 2,Arts/Humanities,LLB,75.6,7.59,Parents,4.0,7.3,2.6,7.4,SQL,Government/Public Service,Government sector,Remote/Hybrid,Digital Marketer
INDYCC01126,21,Male,South,Tier 2,Commerce,B.Com,72.9,7.27,Salary/Package,9.6,5.4,7.6,6.2,C++,Technology,Higher studies,Any city in India,Product Manager
INDYCC01127,18,Male,North,Tier 3,Science,B.Tech/B.E.,74.2,7.5,Salary/Package,9.9,5.9,2.7,7.1,"Python, SQL",Business & Finance,Higher studies,Any city in India,Data Scientist
INDYCC01128,21,Male,South,Tier 3,Arts/Humanities,LLB,95.2,9.78,Parents,6.0,6.5,1.0,6.0,C++,Design & Media,Private sector,Any city in India,UI/UX Designer
INDYCC01129,24,Female,West,Tier 1,Commerce,BMS,71.3,6.98,Passion/Interest,4.7,3.7,8.0,6.2,Python,Technology,Private sector,Metro city,Data Scientist
INDYCC01130,22,Male,West,Tier 1,Science,B.Pharm,67.9,6.9,Salary/Package,5.2,5.3,6.2,5.6,SQL,Marketing,Private sector,Remote/Hybrid,Data Scientist
INDYCC01131,24,Male,West,Tier 1,Science,B.Tech/B.E.,77.6,8.12,Social Media,7.4,5.4,6.0,6.9,"Python, SQL",Marketing,Self-employed/Freelance,Metro city,Data Scientist
INDYCC01132,20,Male,South,Tier 2,Commerce,BBA,73.4,7.29,Friends/Peers,1.8,5.8,7.8,4.7,SQL,Marketing,Startup,Metro city,Product Manager
INDYCC01133,23,Female,East,Tier 1,Science,B.Tech/B.E.,70.6,6.76,Salary/Package,9.9,7.4,7.9,8.6,JavaScript,Business & Finance,Higher studies,Any city in India,Software Engineer
INDYCC01134,17,Male,Northeast,Tier 2,Arts/Humanities,B.A.,86.9,8.47,Salary/Package,3.0,5.6,5.1,8.7,,Design & Media,Private sector,Remote/Hybrid,UI/UX Designer
INDYCC01135,17,Non-binary/Prefer not to say,South,Tier 2,Arts/Humanities,BBA,66.8,6.5,Parents,2.4,8.6,3.6,6.7,Python,Healthcare,Higher studies,Hometown,UI/UX Designer
INDYCC01136,23,Male,North,Tier 2,Science,B.Tech/B.E.,73.6,7.62,Social Media,8.3,6.3,6.3,3.3,SQL,Business & Finance,Self-employed/Freelance,Metro city,Data Scientist
INDYCC01137,24,Female,South,Tier 1,Science,B.Sc.,56.7,6.0,Parents,5.9,5.4,5.6,4.2,Python,Government/Public Service,Self-employed/Freelance,Remote/Hybrid,Government Officer
INDYCC01138,23,Male,West,Tier 3,Science,B.Tech/B.E.,71.4,7.76,Parents,4.5,4.9,9.4,5.2,SQL,Technology,Private sector,Metro city,Data Scientist
INDYCC01139,23,Male,South,Tier 2,Science,BCA,61.1,6.51,Social Media,5.7,3.1,6.8,8.1,SQL,Marketing,Private sector,Any city in India,Data Scientist
INDYCC01140,23,Male,South,Tier 3,Arts/Humanities,B.Des,86.6,8.54,Social Media,5.6,8.9,6.5,4.9,"Python, SQL",Technology,Government sector,Any city in India,Government Officer
INDYCC01141,18,Male,West,Tier 3,Commerce,BBA,76.3,7.3,Parents,4.2,5.1,5.7,5.9,Python,Design & Media,Higher studies,Any city in India,Digital Marketer
INDYCC01142,20,Male,East,Tier 2,Arts/Humanities,BBA,98.0,9.62,Parents,2.2,6.7,4.6,9.3,SQL,Healthcare,Startup,Hometown,UI/UX Designer
INDYCC01143,17,Male,North,Tier 3,Arts/Humanities,B.A.,91.9,9.04,Salary/Package,2.7,5.7,6.4,5.2,Python,Healthcare,Higher studies,Metro city,Healthcare Professional
INDYCC01144,24,Female,North,Tier 1,Science,B.Tech/B.E.,47.6,5.0,Parents,4.7,6.1,7.7,4.6,Python,Technology,Startup,Hometown,Data Scientist
INDYCC01145,23,Male,North,Tier 3,Science,MBBS/Health Sciences,62.3,6.0,Passion/Interest,8.4,5.2,4.6,3.9,SQL,Design & Media,Private sector,Any city in India,Researcher/Academician
INDYCC01146,24,Female,North,Tier 3,Science,B.Tech/B.E.,75.6,7.31,Salary/Package,5.7,7.0,4.6,6.3,C++,Healthcare,Startup,Any city in India,Software Engineer
INDYCC01147,18,Female,West,Tier 2,Science,MBBS/Health Sciences,96.7,9.35,Salary/Package,5.9,8.3,6.9,3.9,Python,Technology,Private sector,Metro city,Software Engineer
INDYCC01148,19,Male,East,Tier 2,Science,B.Pharm,74.4,7.82,Salary/Package,6.9,4.9,7.1,7.0,Python,Healthcare,Government sector,Metro city,Healthcare Professional
INDYCC01149,19,Male,South,Tier 3,Commerce,BBA,77.1,7.65,Parents,6.3,5.2,8.9,4.1,C++,Research/Education,Private sector,Hometown,Researcher/Academician
INDYCC01150,20,Female,South,Tier 1,Commerce,BBA,84.7,9.03,Parents,5.2,5.6,6.6,3.7,"Python, SQL",Government/Public Service,Startup,Hometown,Government Officer
INDYCC01151,23,Non-binary/Prefer not to say,West,Tier 2,Commerce,BCA,62.8,5.96,Passion/Interest,3.5,4.8,4.8,8.5,SQL,Marketing,Government sector,Remote/Hybrid,Financial Analyst
INDYCC01152,24,Female,North,Tier 3,Arts/Humanities,BJMC/Media,76.7,7.8,Social Media,3.2,6.6,5.3,8.5,SQL,Marketing,Private sector,Hometown,UI/UX Designer
INDYCC01153,24,Female,South,Tier 1,Commerce,BMS,61.0,,Passion/Interest,5.5,5.5,7.9,5.5,Java,Technology,Private sector,Any city in India,Product Manager
INDYCC01154,23,Male,West,Tier 3,Science,BCA,69.2,7.17,Salary/Package,8.9,6.7,8.3,3.8,,Technology,Government sector,Hometown,Software Engineer
INDYCC01155,22,Female,Northeast,Tier 3,Science,B.Sc.,63.6,5.66,Social Media,8.4,6.7,9.0,3.3,SQL,Research/Education,Private sector,Hometown,Researcher/Academician
INDYCC01156,18,Male,South,Tier 1,Science,B.Pharm,58.3,5.95,Passion/Interest,8.8,6.1,7.5,2.9,SQL,Marketing,Private sector,Any city in India,Software Engineer
INDYCC01157,24,Male,West,Tier 2,Arts/Humanities,BBA,83.7,8.36,Salary/Package,5.8,4.7,4.7,9.2,Python,Design & Media,Government sector,Hometown,UI/UX Designer
INDYCC01158,18,Female,North,Tier 1,Science,BCA,96.9,9.69,Social Media,10.0,5.8,6.6,3.6,C++,Government/Public Service,Startup,Any city in India,Researcher/Academician
INDYCC01159,18,Female,Central,Tier 2,Science,BCA,74.6,7.33,Friends/Peers,4.2,7.9,8.1,5.5,,Design & Media,Higher studies,Metro city,Software Engineer
INDYCC01160,17,Male,North,Tier 1,Science,B.Pharm,69.8,6.92,Parents,8.2,4.2,7.3,8.9,SQL,Design & Media,Private sector,Any city in India,Software Engineer
INDYCC01161,21,Male,North,Tier 2,Science,BCA,63.7,6.19,Salary/Package,7.4,5.6,8.1,6.1,Python,Design & Media,Government sector,Metro city,Software Engineer
INDYCC01162,21,Male,North,Tier 2,Arts/Humanities,B.A.,70.6,7.19,Passion/Interest,1.2,6.6,6.5,6.0,Python,Technology,Private sector,Metro city,Product Manager
INDYCC01163,18,Male,Central,Tier 2,Science,BCA,79.7,7.99,Parents,6.7,7.7,5.0,4.5,SQL,Research/Education,Government sector,Any city in India,Data Scientist
INDYCC01164,23,Male,South,Tier 3,Commerce,BCA,80.3,7.71,Social Media,7.6,4.9,6.6,4.6,Python,Technology,Higher studies,Metro city,Data Scientist
INDYCC01165,20,Female,West,Tier 2,Science,B.Tech/B.E.,85.9,8.62,Salary/Package,6.8,7.1,6.3,6.9,"Python, SQL",Research/Education,Startup,Metro city,Software Engineer
INDYCC01166,23,Male,East,Tier 2,Science,BCA,83.9,8.58,Passion/Interest,4.0,7.5,6.1,1.7,SQL,Marketing,Private sector,Metro city,Software Engineer
INDYCC01167,19,Female,West,Tier 1,Commerce,BMS,79.3,8.25,Passion/Interest,6.9,5.7,5.3,6.4,SQL,Healthcare,Government sector,Any city in India,Financial Analyst
INDYCC01168,21,Female,North,Tier 3,Commerce,B.Com,51.1,5.0,Parents,5.6,3.2,8.8,4.5,SQL,Research/Education,Private sector,Metro city,Product Manager
INDYCC01169,20,Female,Central,Tier 3,Commerce,BCA,78.2,7.62,Salary/Package,4.3,5.1,9.2,2.7,,Research/Education,Startup,Metro city,Financial Analyst
INDYCC01170,23,Male,South,Tier 2,Commerce,BCA,66.4,6.5,Social Media,5.3,1.8,7.3,5.5,Java,Government/Public Service,Private sector,Metro city,Government Officer
INDYCC01171,20,Female,West,Tier 3,Science,B.Sc.,66.4,6.94,Parents,6.1,5.7,5.9,6.9,Python,Design & Media,Startup,Hometown,Software Engineer
INDYCC01172,21,Male,North,Tier 2,Arts/Humanities,BJMC/Media,82.1,8.48,Passion/Interest,5.2,5.5,5.3,6.6,"Python, SQL",Research/Education,Private sector,Metro city,Researcher/Academician
INDYCC01173,23,Female,North,Tier 2,Science,B.Sc.,71.4,7.14,Social Media,9.0,4.2,7.3,5.6,"Python, SQL",Government/Public Service,Startup,Remote/Hybrid,Data Scientist
INDYCC01174,18,Female,South,Tier 1,Commerce,CA/Professional Course,69.7,6.7,Salary/Package,5.0,5.1,6.2,6.0,SQL,Healthcare,Government sector,Any city in India,Financial Analyst
INDYCC01175,20,Female,Northeast,Tier 3,Commerce,BCA,67.2,6.72,Social Media,4.1,9.4,8.5,3.8,Python,Design & Media,Private sector,Metro city,Financial Analyst
INDYCC01176,21,Female,Central,Tier 2,Commerce,BMS,66.5,7.06,Parents,6.9,4.1,8.0,5.0,SQL,Research/Education,Government sector,Any city in India,Researcher/Academician
INDYCC01177,22,Female,South,Tier 2,Science,BCA,64.3,6.6,Passion/Interest,5.4,4.4,4.6,8.9,,Marketing,Startup,Hometown,UI/UX Designer
INDYCC01178,23,Male,East,Tier 3,Commerce,BMS,68.5,6.65,Friends/Peers,3.5,7.8,6.6,3.9,SQL,Government/Public Service,Startup,Remote/Hybrid,Government Officer
INDYCC01179,17,Male,East,Tier 3,Science,BCA,56.1,5.85,Friends/Peers,5.1,5.7,8.4,7.2,,Marketing,Government sector,Metro city,Software Engineer
INDYCC01180,17,Female,Central,Tier 2,Science,MBBS/Health Sciences,84.3,8.49,Passion/Interest,5.5,5.6,4.9,6.6,"Python, SQL",Business & Finance,Government sector,Metro city,Data Scientist
INDYCC01181,17,Male,North,Tier 2,Science,MBBS/Health Sciences,61.8,6.12,Parents,6.9,6.9,8.4,5.9,"Python, SQL",Business & Finance,Private sector,Remote/Hybrid,Data Scientist
INDYCC01182,24,Male,West,Tier 1,Commerce,BMS,79.0,7.42,Parents,6.5,4.2,7.0,5.8,JavaScript,Business & Finance,Self-employed/Freelance,Metro city,Financial Analyst
INDYCC01183,24,Female,East,Tier 3,Science,BCA,80.1,8.09,Passion/Interest,7.0,3.5,8.4,7.3,SQL,Marketing,Private sector,Remote/Hybrid,Software Engineer
INDYCC01184,24,Female,South,Tier 3,Science,MBBS/Health Sciences,76.8,7.73,Social Media,5.4,6.6,7.1,5.1,"Python, SQL",Government/Public Service,Private sector,Hometown,Government Officer
INDYCC01185,18,Male,North,Tier 1,Commerce,BCA,75.0,7.2,Salary/Package,5.9,6.4,5.2,4.2,C++,Technology,Self-employed/Freelance,Hometown,Data Scientist
INDYCC01186,21,Female,Central,Tier 2,Arts/Humanities,B.Des,60.4,6.01,Salary/Package,5.0,5.5,3.7,9.4,Java,Technology,Private sector,Metro city,UI/UX Designer
INDYCC01187,23,Male,West,Tier 3,Science,MBBS/Health Sciences,68.9,6.83,Parents,8.8,5.2,8.6,7.9,C++,Design & Media,Startup,Hometown,UI/UX Designer
INDYCC01188,24,Male,North,Tier 2,Science,B.Sc.,98.0,9.75,Parents,4.2,6.3,8.2,3.7,SQL,Research/Education,Private sector,Metro city,Researcher/Academician
INDYCC01189,24,Male,West,Tier 2,Science,B.Tech/B.E.,63.8,6.56,Parents,4.1,3.9,6.7,5.9,Python,Design & Media,Higher studies,Hometown,Digital Marketer
INDYCC01190,21,Male,West,Tier 3,Commerce,BMS,73.8,7.26,Parents,3.9,5.0,7.1,3.4,SQL,Healthcare,Government sector,Metro city,Healthcare Professional
INDYCC01191,18,Female,Northeast,Tier 1,Science,B.Tech/B.E.,86.4,8.61,Passion/Interest,6.9,6.1,7.7,5.5,JavaScript,Research/Education,Private sector,Remote/Hybrid,Researcher/Academician
INDYCC01192,20,Male,Central,Tier 2,Science,BCA,75.7,7.63,Parents,5.3,5.5,6.2,4.9,"Python, SQL",Design & Media,Government sector,Hometown,Data Scientist
INDYCC01193,18,Female,South,Tier 1,Science,B.Pharm,63.3,6.77,Social Media,5.8,4.4,5.1,3.7,,Design & Media,Self-employed/Freelance,Metro city,Digital Marketer
INDYCC01194,18,Female,East,Tier 1,Science,MBBS/Health Sciences,69.0,6.8,Parents,7.8,6.8,7.3,7.1,"Python, SQL",Technology,Private sector,Metro city,Data Scientist
INDYCC01195,20,Male,North,Tier 2,Science,B.Sc.,57.0,5.52,Passion/Interest,9.1,4.7,6.9,6.1,SQL,Marketing,Private sector,Any city in India,Data Scientist
INDYCC01196,20,Female,South,Tier 1,Science,B.Sc.,73.9,7.41,Friends/Peers,5.9,6.1,6.9,8.5,JavaScript,Marketing,Private sector,Any city in India,Data Scientist
INDYCC01197,18,Female,North,Tier 3,Science,MBBS/Health Sciences,52.3,5.28,Passion/Interest,8.3,8.1,9.0,8.2,"Python, SQL",Research/Education,Higher studies,Any city in India,Software Engineer
INDYCC01198,22,Male,West,Tier 1,Science,BCA,71.2,7.16,,10.0,3.6,6.3,5.0,"Python, SQL",Technology,Private sector,Any city in India,Data Scientist
INDYCC01199,19,Male,Central,Tier 3,Science,B.Tech/B.E.,68.7,7.14,Social Media,4.4,5.3,9.7,4.7,Python,Healthcare,Private sector,Metro city,Healthcare Professional
INDYCC01200,22,Male,West,Tier 1,Science,BCA,78.5,7.66,Friends/Peers,4.5,6.7,7.7,2.9,SQL,Business & Finance,Government sector,Hometown,Software Engineer
INDYCC01201,23,Female,East,Tier 1,Commerce,BCA,93.0,9.02,Passion/Interest,4.4,6.1,5.8,4.8,SQL,Business & Finance,Private sector,Remote/Hybrid,Financial Analyst
INDYCC01202,18,Male,Northeast,Tier 2,Science,B.Pharm,45.0,5.03,Parents,8.6,7.1,5.6,4.8,C++,Technology,Private sector,Any city in India,Data Scientist
INDYCC01203,18,Female,North,Tier 2,Science,B.Pharm,85.4,8.61,Passion/Interest,7.9,8.4,3.4,6.2,SQL,Government/Public Service,Government sector,Metro city,Government Officer
INDYCC01204,21,Male,West,Tier 3,Arts/Humanities,LLB,59.2,5.86,Salary/Package,5.1,7.0,7.8,8.7,JavaScript,Technology,Self-employed/Freelance,Metro city,Digital Marketer
INDYCC01205,22,Female,Central,Tier 1,Science,B.Sc.,79.6,7.76,Salary/Package,4.9,5.7,7.4,7.8,Python,Marketing,Government sector,Metro city,Researcher/Academician
INDYCC01206,17,Male,South,Tier 1,Commerce,BBA,77.1,7.28,Passion/Interest,7.4,4.4,5.3,5.7,SQL,Marketing,Self-employed/Freelance,Any city in India,Financial Analyst
INDYCC01207,18,Male,North,Tier 1,Science,BCA,78.2,7.79,Parents,6.0,6.9,6.0,5.7,Java,Technology,Private sector,Hometown,Software Engineer
INDYCC01208,18,Male,East,Tier 3,Commerce,BBA,69.1,6.89,Passion/Interest,2.1,6.8,6.4,6.9,SQL,Healthcare,Startup,Any city in India,Healthcare Professional
INDYCC01209,17,Male,South,Tier 2,Commerce,B.Com,53.0,5.38,Salary/Package,6.1,6.2,7.6,3.6,SQL,Healthcare,Private sector,Any city in India,Financial Analyst
INDYCC01210,23,Male,South,Tier 2,Science,BCA,,6.51,Passion/Interest,8.2,5.2,7.5,5.2,Python,Design & Media,Government sector,Metro city,Software Engineer
INDYCC01211,20,Female,East,Tier 3,Science,B.Pharm,79.7,7.93,Social Media,8.7,6.8,7.1,7.1,Python,Marketing,Private sector,Remote/Hybrid,Software Engineer
INDYCC01212,23,Female,West,Tier 1,Arts/Humanities,BBA,57.9,5.62,Salary/Package,3.3,7.0,5.6,5.9,,Marketing,Government sector,Remote/Hybrid,UI/UX Designer
INDYCC01213,18,Non-binary/Prefer not to say,North,Tier 2,Science,B.Tech/B.E.,78.2,7.98,Salary/Package,8.2,5.3,8.8,8.6,SQL,Technology,Government sector,Any city in India,Data Scientist
INDYCC01214,17,Female,Northeast,Tier 1,Commerce,BBA,59.4,6.08,Parents,3.7,8.5,4.4,4.3,,Healthcare,Government sector,Remote/Hybrid,Healthcare Professional
INDYCC01215,24,Male,Central,Tier 3,Commerce,BCA,77.7,7.82,Passion/Interest,4.0,5.6,4.3,7.0,SQL,Government/Public Service,Self-employed/Freelance,Any city in India,Government Officer
INDYCC01216,24,Male,South,Tier 2,Science,BCA,87.6,8.87,Passion/Interest,8.5,3.6,7.7,2.7,JavaScript,Healthcare,Government sector,Metro city,Healthcare Professional
INDYCC01217,20,Male,South,Tier 2,Arts/Humanities,B.Des,74.2,7.7,Parents,4.1,9.4,7.7,6.3,Python,Technology,Government sector,Hometown,Product Manager
INDYCC01218,19,Male,North,Tier 2,Arts/Humanities,LLB,93.2,8.99,Parents,3.3,5.1,3.9,8.3,Python,Research/Education,Government sector,Any city in India,Digital Marketer
INDYCC01219,23,Male,East,Tier 3,Science,B.Pharm,66.8,6.3,Parents,9.7,6.6,8.7,7.2,Java,Marketing,Self-employed/Freelance,Any city in India,UI/UX Designer
INDYCC01220,21,Male,North,Tier 1,Commerce,BBA,78.8,7.78,Salary/Package,5.8,4.8,7.3,7.1,JavaScript,Government/Public Service,Private sector,Any city in India,Product Manager
INDYCC01221,23,Male,North,Tier 3,Science,B.Pharm,65.9,6.68,Parents,4.1,7.4,8.7,5.8,,Design & Media,Startup,Hometown,UI/UX Designer
INDYCC01222,24,Female,West,Tier 3,Commerce,B.Com,60.2,5.84,Social Media,1.1,5.8,7.8,8.6,,Research/Education,Private sector,Metro city,Financial Analyst
INDYCC01223,20,Female,North,Tier 1,Commerce,BMS,77.8,7.81,Parents,4.4,5.3,5.9,3.8,,Research/Education,Private sector,Metro city,Financial Analyst
INDYCC01224,22,Female,South,Tier 2,Science,B.Pharm,60.5,6.05,Parents,8.2,7.3,9.4,6.8,SQL,Design & Media,Higher studies,Metro city,Software Engineer
INDYCC01225,17,Male,South,Tier 1,Arts/Humanities,B.Des,83.8,8.38,Parents,3.5,7.3,5.9,8.4,,Design & Media,Private sector,Remote/Hybrid,Digital Marketer
INDYCC01226,23,Female,West,Tier 3,Science,BCA,68.1,6.59,Passion/Interest,4.2,6.6,6.6,7.2,SQL,Business & Finance,Private sector,Metro city,Software Engineer
INDYCC01227,18,Male,Central,Tier 2,Arts/Humanities,LLB,59.8,5.74,Social Media,2.7,8.8,5.0,6.5,Python,Research/Education,Government sector,Any city in India,Digital Marketer
INDYCC01228,17,Male,South,Tier 1,Science,B.Pharm,88.2,8.96,Passion/Interest,7.9,6.9,7.4,7.6,Python,Design & Media,Private sector,Remote/Hybrid,Data Scientist
INDYCC01229,18,Male,West,Tier 1,Commerce,BCA,57.6,5.9,Salary/Package,4.3,6.9,6.4,8.6,Python,Government/Public Service,Higher studies,Remote/Hybrid,Government Officer
INDYCC01230,24,Male,South,Tier 2,Commerce,BBA,59.0,5.66,Salary/Package,4.8,5.8,3.3,7.9,,Healthcare,Private sector,Hometown,Product Manager
INDYCC01231,20,Male,Central,Tier 1,Science,BCA,66.6,6.57,Passion/Interest,7.7,8.5,9.2,6.4,JavaScript,Healthcare,Startup,Remote/Hybrid,Software Engineer
INDYCC01232,17,Male,Central,Tier 2,Science,B.Tech/B.E.,87.6,8.85,Passion/Interest,8.3,4.8,8.0,2.9,"Python, SQL",Healthcare,Private sector,Hometown,Data Scientist
INDYCC01233,24,Female,North,Tier 3,Commerce,CA/Professional Course,84.5,8.24,Friends/Peers,4.0,6.4,7.2,10.0,SQL,Research/Education,Government sector,Remote/Hybrid,Government Officer
INDYCC01234,24,Male,Central,Tier 1,Science,B.Pharm,65.3,6.58,Salary/Package,4.2,6.9,5.2,4.5,SQL,Business & Finance,Government sector,Any city in India,Financial Analyst
INDYCC01235,23,Male,Central,Tier 3,Science,MBBS/Health Sciences,60.6,6.67,Parents,6.8,4.3,5.5,3.5,,Research/Education,Higher studies,Hometown,Researcher/Academician
INDYCC01236,21,Non-binary/Prefer not to say,West,Tier 1,Commerce,CA/Professional Course,82.5,8.34,Passion/Interest,5.7,5.6,7.6,6.5,SQL,Healthcare,Government sector,Remote/Hybrid,Healthcare Professional
INDYCC01237,22,Male,North,Tier 2,Arts/Humanities,B.Des,90.4,9.29,Friends/Peers,6.3,9.8,5.5,9.3,,Marketing,Higher studies,Any city in India,UI/UX Designer
INDYCC01238,21,Female,East,Tier 1,Commerce,BBA,55.6,5.29,Social Media,3.9,5.8,4.8,5.5,Python,Government/Public Service,Private sector,Any city in India,Government Officer
INDYCC01239,24,Female,West,Tier 2,Commerce,BCA,77.7,8.06,Parents,5.9,7.1,6.9,4.5,JavaScript,Marketing,Startup,Any city in India,Product Manager
INDYCC01240,23,Female,Central,Tier 2,Science,BCA,72.8,7.44,Friends/Peers,4.0,8.6,8.3,5.0,SQL,Business & Finance,Government sector,Remote/Hybrid,Software Engineer
INDYCC01241,22,Male,North,Tier 3,Arts/Humanities,B.Des,57.3,5.18,Salary/Package,3.9,8.9,4.9,8.7,Python,Marketing,Private sector,Metro city,Software Engineer
INDYCC01242,24,Female,Northeast,Tier 1,Arts/Humanities,B.Des,61.6,5.95,Parents,1.8,8.2,6.2,7.2,,Business & Finance,Private sector,Remote/Hybrid,UI/UX Designer
INDYCC01243,24,Male,East,Tier 3,Commerce,B.Com,72.3,7.23,Salary/Package,5.2,8.1,7.2,2.8,"Python, SQL",Research/Education,Startup,Metro city,Financial Analyst
INDYCC01244,22,Male,South,Tier 3,Science,BCA,77.8,7.59,Social Media,7.9,8.2,8.1,5.0,"Python, SQL",Research/Education,Startup,Metro city,Healthcare Professional
INDYCC01245,18,Male,South,Tier 1,Arts/Humanities,BJMC/Media,59.6,6.04,Parents,4.7,8.9,5.3,8.5,Python,Technology,Startup,Metro city,Digital Marketer
INDYCC01246,18,Female,North,Tier 2,Arts/Humanities,LLB,57.8,6.19,Parents,3.7,9.1,7.7,6.9,Python,Research/Education,Private sector,Remote/Hybrid,UI/UX Designer
INDYCC01247,18,Female,South,Tier 1,Science,B.Pharm,73.4,7.06,Parents,4.4,5.2,9.7,5.0,Python,Healthcare,Higher studies,Any city in India,Healthcare Professional
INDYCC01248,22,Male,West,Tier 2,Arts/Humanities,B.Des,75.0,7.3,Salary/Package,4.4,6.3,3.4,5.5,SQL,Marketing,Government sector,Any city in India,UI/UX Designer
INDYCC01249,21,Female,North,Tier 3,Commerce,BMS,95.0,9.62,Salary/Package,3.3,6.6,5.8,7.7,Python,Technology,Private sector,Hometown,Product Manager
INDYCC01250,24,Male,West,Tier 3,Science,MBBS/Health Sciences,84.8,8.42,Salary/Package,6.2,4.7,9.6,3.8,Java,Research/Education,Government sector,Any city in India,Software Engineer
INDYCC01251,17,Female,North,Tier 3,Commerce,BBA,86.0,8.92,Passion/Interest,5.0,6.5,4.2,6.6,"Python, SQL",Business & Finance,Private sector,Remote/Hybrid,Financial Analyst
INDYCC01252,21,Male,West,Tier 2,Science,BCA,77.9,7.61,Salary/Package,9.8,6.2,6.1,7.1,Python,Business & Finance,Self-employed/Freelance,Metro city,Data Scientist
INDYCC01253,19,Male,North,Tier 3,Arts/Humanities,B.A.,73.2,6.92,Parents,4.8,8.5,5.7,7.4,SQL,Business & Finance,Self-employed/Freelance,Remote/Hybrid,UI/UX Designer
INDYCC01254,20,Male,Northeast,Tier 1,Science,BCA,70.1,6.48,Passion/Interest,9.6,8.9,5.4,5.8,C++,Marketing,Startup,Remote/Hybrid,Data Scientist
INDYCC01255,23,Female,East,Tier 3,Science,B.Tech/B.E.,71.0,7.41,Parents,7.2,8.2,5.8,5.4,JavaScript,Business & Finance,Private sector,Any city in India,Software Engineer
INDYCC01256,18,Male,East,Tier 3,Science,BCA,77.2,8.01,Parents,7.5,6.0,9.3,7.1,Python,Research/Education,Government sector,Metro city,Researcher/Academician
INDYCC01257,18,Female,South,Tier 1,Science,B.Sc.,57.1,5.62,Passion/Interest,4.9,3.7,5.9,2.7,,Healthcare,Startup,Metro city,Healthcare Professional
INDYCC01258,24,Female,Central,Tier 2,Science,MBBS/Health Sciences,80.7,8.26,Salary/Package,7.1,5.1,5.9,7.0,"Python, SQL",Government/Public Service,Startup,Metro city,Software Engineer
INDYCC01259,17,Male,West,Tier 1,Science,MBBS/Health Sciences,77.1,7.8,Social Media,4.9,7.6,7.9,4.9,,Business & Finance,Government sector,Hometown,Product Manager
INDYCC01260,23,Female,West,Tier 2,Science,BCA,73.8,7.73,Parents,7.1,8.4,7.7,4.5,"Python, SQL",Government/Public Service,Private sector,Any city in India,Software Engineer
INDYCC01261,20,Non-binary/Prefer not to say,Northeast,Tier 2,Science,B.Pharm,71.4,7.25,Friends/Peers,5.6,6.4,9.4,4.0,JavaScript,Design & Media,Private sector,Metro city,Product Manager
INDYCC01262,21,Male,North,Tier 2,Science,BCA,76.1,8.05,Passion/Interest,6.4,9.6,6.3,7.8,Python,Technology,Private sector,Metro city,Data Scientist
INDYCC01263,18,Female,South,Tier 2,Science,B.Pharm,67.7,6.74,Friends/Peers,5.5,6.5,7.2,7.8,Python,Design & Media,Higher studies,Any city in India,UI/UX Designer
INDYCC01264,17,Female,Northeast,Tier 3,Commerce,BMS,80.4,8.06,Parents,3.8,6.1,6.7,8.3,,Healthcare,Government sector,Metro city,Financial Analyst
INDYCC01265,19,Male,East,Tier 1,Commerce,CA/Professional Course,79.9,8.01,Social Media,5.3,5.5,9.0,9.3,Java,Technology,Higher studies,Hometown,Data Scientist
INDYCC01266,17,Female,Northeast,Tier 3,Arts/Humanities,B.Des,54.6,5.64,Passion/Interest,5.7,8.3,3.4,9.1,"Python, SQL",Government/Public Service,Private sector,Metro city,UI/UX Designer
INDYCC01267,20,Female,Central,Tier 3,Commerce,BMS,86.0,8.23,Social Media,3.9,10.0,7.4,6.8,,Research/Education,Self-employed/Freelance,Remote/Hybrid,Researcher/Academician
INDYCC01268,24,Female,Central,Tier 2,Science,MBBS/Health Sciences,76.7,7.48,Salary/Package,7.1,4.3,6.3,7.1,"Python, SQL",Business & Finance,Private sector,Hometown,Financial Analyst
INDYCC01269,21,Female,West,Tier 2,Science,B.Tech/B.E.,47.6,5.0,Salary/Package,7.9,9.9,6.9,4.8,"Python, SQL",Business & Finance,Startup,Remote/Hybrid,Financial Analyst
INDYCC01270,24,Female,West,Tier 2,Science,B.Tech/B.E.,72.2,7.05,Parents,6.8,8.9,6.7,5.6,"Python, SQL",Research/Education,Private sector,Hometown,Software Engineer
INDYCC01271,18,Female,West,Tier 2,Commerce,B.Com,93.5,9.29,Social Media,4.5,6.5,5.7,6.3,SQL,Design & Media,Government sector,Any city in India,Software Engineer
INDYCC01272,18,Male,North,Tier 1,Science,BCA,65.8,6.24,Social Media,7.5,2.9,6.4,6.0,Java,Business & Finance,Private sector,Hometown,Software Engineer
INDYCC01273,21,Female,South,Tier 2,Science,BCA,73.3,7.07,Social Media,4.1,4.9,6.7,1.9,SQL,Technology,Private sector,Any city in India,Data Scientist
INDYCC01274,17,Female,North,Tier 2,Science,B.Pharm,71.0,7.51,Parents,7.1,8.4,6.1,5.2,Java,Technology,Private sector,Remote/Hybrid,Software Engineer
INDYCC01275,19,Female,North,Tier 3,Science,B.Sc.,85.2,8.06,Salary/Package,8.9,4.9,5.0,7.5,SQL,Marketing,Private sector,Remote/Hybrid,Data Scientist
INDYCC01276,21,Male,South,Tier 2,Science,B.Tech/B.E.,63.5,6.03,Friends/Peers,9.8,8.1,7.2,5.2,C++,Business & Finance,Government sector,Hometown,Digital Marketer
INDYCC01277,20,Male,West,Tier 2,Science,BCA,88.3,9.25,Friends/Peers,6.7,3.5,5.4,4.5,,Technology,Startup,Hometown,Software Engineer
INDYCC01278,19,Female,Central,Tier 2,Science,BCA,65.7,6.51,Parents,8.1,6.2,7.8,6.0,JavaScript,Design & Media,Private sector,Metro city,UI/UX Designer
INDYCC01279,19,Female,South,Tier 2,Commerce,BMS,75.4,7.43,Passion/Interest,7.2,6.0,5.6,4.5,JavaScript,Design & Media,Private sector,Metro city,Financial Analyst
INDYCC01280,24,Male,West,Tier 1,Commerce,CA/Professional Course,73.4,7.56,Social Media,5.9,5.9,6.8,6.7,Java,Marketing,Higher studies,Metro city,Digital Marketer
INDYCC01281,21,Male,South,Tier 1,Commerce,BBA,89.9,8.75,Salary/Package,2.6,3.7,7.1,4.6,SQL,Business & Finance,Self-employed/Freelance,Hometown,Financial Analyst
INDYCC01282,20,Male,East,Tier 2,Science,B.Pharm,85.3,8.33,Parents,6.8,7.8,8.8,4.9,,Technology,Private sector,Metro city,Data Scientist
INDYCC01283,21,Female,South,Tier 2,Commerce,BMS,72.4,7.37,Salary/Package,6.2,6.7,4.4,2.4,C++,Technology,Higher studies,Any city in India,Software Engineer
INDYCC01284,20,Male,North,Tier 1,Science,B.Sc.,92.3,9.06,Parents,4.9,1.5,7.7,3.5,SQL,Healthcare,Private sector,Remote/Hybrid,Healthcare Professional
INDYCC01285,24,Female,Central,Tier 1,Science,B.Sc.,58.5,5.55,Friends/Peers,6.9,5.1,5.0,4.3,,Design & Media,Private sector,Metro city,Software Engineer
INDYCC01286,23,Male,South,Tier 2,Science,BCA,66.5,6.3,Salary/Package,9.3,7.6,5.3,4.5,SQL,Healthcare,Private sector,Remote/Hybrid,Product Manager
INDYCC01287,19,Female,West,Tier 1,Commerce,BMS,80.1,7.71,Parents,4.7,4.7,6.5,5.3,SQL,Technology,Private sector,Any city in India,Data Scientist
INDYCC01288,18,Male,South,Tier 1,Commerce,BMS,54.2,5.49,Passion/Interest,5.5,7.3,6.0,6.8,C++,Business & Finance,Startup,Remote/Hybrid,Product Manager
INDYCC01289,20,Female,Central,Tier 3,Arts/Humanities,BBA,83.6,8.19,Passion/Interest,7.0,7.9,6.1,10.0,Java,Healthcare,Higher studies,Any city in India,Healthcare Professional
INDYCC01290,20,Male,Central,Tier 1,Science,BCA,76.5,7.73,Salary/Package,9.1,4.9,6.4,4.8,SQL,Research/Education,Private sector,Metro city,Data Scientist
INDYCC01291,17,Male,West,Tier 1,Science,B.Pharm,73.9,7.47,Parents,6.2,6.3,9.5,5.4,Python,Healthcare,Government sector,Metro city,Software Engineer
INDYCC01292,21,Male,Central,Tier 3,Science,B.Sc.,54.1,5.66,Social Media,5.5,7.5,8.8,5.7,,Research/Education,Private sector,Hometown,Researcher/Academician
INDYCC01293,24,Non-binary/Prefer not to say,North,Tier 3,Arts/Humanities,LLB,84.8,8.19,Salary/Package,3.1,7.9,5.3,7.7,,Design & Media,Self-employed/Freelance,Metro city,Digital Marketer
INDYCC01294,17,Male,South,Tier 3,Commerce,BCA,75.1,8.23,Friends/Peers,5.7,4.3,4.7,8.8,"Python, SQL",Design & Media,Government sector,Metro city,UI/UX Designer
INDYCC01295,17,Male,Northeast,Tier 2,Arts/Humanities,BJMC/Media,76.4,7.35,Passion/Interest,6.0,6.4,5.6,8.6,Python,Design & Media,Private sector,Any city in India,UI/UX Designer
INDYCC01296,19,Male,West,Tier 1,Science,B.Sc.,48.3,5.04,Passion/Interest,5.1,7.2,6.4,5.8,Java,Business & Finance,Private sector,Any city in India,Product Manager
INDYCC01297,21,Male,Central,Tier 2,Science,B.Tech/B.E.,84.7,8.38,Social Media,5.7,8.8,7.3,5.2,,Healthcare,Private sector,Metro city,Healthcare Professional
INDYCC01298,24,Female,Northeast,Tier 1,Arts/Humanities,BBA,89.8,8.9,Salary/Package,1.4,7.3,6.6,6.4,,Technology,Private sector,Metro city,Software Engineer
INDYCC01299,24,Male,Central,Tier 2,Commerce,CA/Professional Course,48.1,5.0,Passion/Interest,4.6,5.0,6.3,5.2,SQL,Design & Media,Self-employed/Freelance,Any city in India,UI/UX Designer
INDYCC01300,23,Male,South,Tier 2,Science,BCA,61.3,6.18,Passion/Interest,5.9,8.5,6.5,4.5,C++,Technology,Private sector,Any city in India,Software Engineer
INDYCC01301,17,Male,West,Tier 1,Science,B.Sc.,91.2,9.27,Social Media,6.5,3.6,8.7,3.0,Python,Marketing,Higher studies,Metro city,Data Scientist
INDYCC01302,22,Female,South,Tier 2,Science,B.Tech/B.E.,66.7,6.75,Friends/Peers,7.5,5.1,5.9,7.3,"Python, SQL",Marketing,Startup,Remote/Hybrid,Data Scientist
INDYCC01303,24,Female,South,Tier 2,Science,BCA,71.9,7.17,Friends/Peers,8.2,5.0,6.3,5.7,JavaScript,Research/Education,Private sector,Hometown,Data Scientist
INDYCC01304,21,Female,South,Tier 2,Science,MBBS/Health Sciences,53.3,5.2,Parents,6.8,6.8,7.5,3.8,Java,Marketing,Private sector,Hometown,Researcher/Academician
INDYCC01305,19,Male,West,Tier 3,Commerce,B.Com,71.9,7.37,Passion/Interest,3.8,6.2,4.3,7.5,Python,Government/Public Service,Private sector,Any city in India,Digital Marketer
INDYCC01306,24,Female,East,Tier 2,Commerce,B.Com,65.4,6.65,Social Media,3.7,5.8,7.4,5.2,,Technology,Private sector,Any city in India,Product Manager
INDYCC01307,21,Female,West,Tier 2,Commerce,CA/Professional Course,67.1,6.51,Social Media,4.6,6.5,5.9,1.1,Python,Technology,Government sector,Remote/Hybrid,Software Engineer
INDYCC01308,18,Male,West,Tier 1,Arts/Humanities,BBA,69.2,7.13,Parents,1.5,6.9,4.5,5.2,,Technology,Startup,Remote/Hybrid,Data Scientist
INDYCC01309,24,Male,East,Tier 3,Arts/Humanities,BBA,58.2,5.65,Salary/Package,1.7,8.2,4.6,10.0,Python,Technology,Startup,Metro city,Digital Marketer
INDYCC01310,18,Female,West,Tier 2,Science,MBBS/Health Sciences,70.5,7.2,Social Media,8.7,8.2,9.5,5.7,Java,Technology,Private sector,Hometown,Software Engineer
INDYCC01311,20,Male,North,Tier 1,Science,B.Pharm,81.0,7.83,Parents,8.7,4.1,7.6,6.1,SQL,Technology,Higher studies,Metro city,Software Engineer
INDYCC01312,18,Male,South,Tier 2,Science,MBBS/Health Sciences,72.1,7.31,Social Media,7.1,6.5,6.8,5.1,SQL,Technology,Private sector,Metro city,Data Scientist
INDYCC01313,24,Male,East,Tier 3,Science,B.Pharm,55.5,5.25,Salary/Package,4.3,3.1,7.8,5.0,SQL,Business & Finance,Private sector,Any city in India,Data Scientist
INDYCC01314,19,Male,Central,Tier 1,Commerce,BCA,72.2,7.34,Friends/Peers,6.9,5.9,6.0,3.1,SQL,Business & Finance,Private sector,Remote/Hybrid,Financial Analyst
INDYCC01315,20,Female,North,Tier 2,Commerce,BCA,69.7,6.82,Salary/Package,3.4,5.8,6.2,5.1,,Technology,Private sector,Any city in India,Product Manager
INDYCC01316,19,Female,Northeast,Tier 2,Commerce,B.Com,64.8,6.62,Passion/Interest,3.2,7.3,4.1,8.5,SQL,Design & Media,Private sector,Metro city,Government Officer
INDYCC01317,17,Female,South,Tier 3,Science,B.Tech/B.E.,60.3,5.62,Social Media,3.0,7.3,9.7,5.0,,Marketing,Startup,Hometown,Software Engineer
INDYCC01318,17,Male,West,Tier 1,Science,B.Pharm,70.7,7.05,Social Media,4.4,4.5,7.3,7.0,,Government/Public Service,Private sector,Remote/Hybrid,Government Officer
INDYCC01319,21,Female,North,Tier 1,Arts/Humanities,BJMC/Media,77.9,8.05,Salary/Package,2.0,9.2,7.1,5.8,Python,Healthcare,Private sector,Hometown,Healthcare Professional
INDYCC01320,19,Male,Northeast,Tier 2,Commerce,CA/Professional Course,65.2,6.56,Parents,4.6,5.6,7.4,3.7,SQL,Technology,Higher studies,Hometown,Software Engineer
INDYCC01321,19,Male,Northeast,Tier 3,Arts/Humanities,B.Des,71.2,7.03,Parents,1.3,9.6,6.2,5.3,Python,Technology,Private sector,Any city in India,Data Scientist
INDYCC01322,21,Male,North,Tier 2,Commerce,B.Com,71.3,7.33,Passion/Interest,7.2,3.7,5.9,4.7,Python,Research/Education,Higher studies,Metro city,Software Engineer
INDYCC01323,17,Male,Central,Tier 2,Science,B.Tech/B.E.,85.3,8.28,Passion/Interest,5.9,5.9,7.2,4.6,Java,Business & Finance,Startup,Metro city,Software Engineer
INDYCC01324,21,Male,North,Tier 2,Arts/Humanities,BJMC/Media,83.4,7.95,Social Media,4.9,5.0,4.1,6.6,,Design & Media,Self-employed/Freelance,Remote/Hybrid,UI/UX Designer
INDYCC01325,23,Male,Northeast,Tier 3,Commerce,BBA,56.6,6.06,Social Media,5.3,6.5,8.9,4.1,JavaScript,Business & Finance,Government sector,Remote/Hybrid,Financial Analyst
INDYCC01326,22,Female,South,Tier 2,Arts/Humanities,B.A.,65.6,6.54,Parents,3.1,7.8,6.0,7.3,SQL,Business & Finance,Higher studies,Remote/Hybrid,Product Manager
INDYCC01327,23,Male,North,Tier 1,Arts/Humanities,B.Des,76.2,7.92,Passion/Interest,4.5,6.8,7.7,5.1,SQL,Technology,Self-employed/Freelance,Remote/Hybrid,Software Engineer
INDYCC01328,21,Female,North,Tier 3,Science,B.Sc.,78.6,8.1,Social Media,5.9,8.3,8.2,4.5,C++,Business & Finance,Startup,Metro city,Financial Analyst
INDYCC01329,20,Male,West,Tier 3,Science,MBBS/Health Sciences,77.7,8.05,Friends/Peers,6.8,5.4,7.6,6.3,"Python, SQL",Marketing,Self-employed/Freelance,Any city in India,Software Engineer
INDYCC01330,23,Male,East,Tier 2,Science,MBBS/Health Sciences,51.4,5.23,Salary/Package,6.3,6.2,7.4,3.3,,Marketing,Self-employed/Freelance,Metro city,Software Engineer
INDYCC01331,21,Female,South,Tier 2,Arts/Humanities,LLB,91.0,8.93,Parents,6.0,7.0,3.1,8.5,JavaScript,Healthcare,Private sector,Hometown,Healthcare Professional
INDYCC01332,18,Female,South,Tier 1,Science,B.Sc.,84.0,8.67,Friends/Peers,6.6,6.6,5.7,4.6,Java,Business & Finance,Startup,Metro city,Product Manager
INDYCC01333,23,Male,South,Tier 2,Science,B.Pharm,59.5,5.91,Salary/Package,8.6,8.1,6.9,7.6,C++,Research/Education,Higher studies,Any city in India,Data Scientist
INDYCC01334,22,Male,North,Tier 1,Arts/Humanities,LLB,58.4,5.82,Parents,2.8,5.4,7.3,6.9,Python,Government/Public Service,Government sector,Remote/Hybrid,Government Officer
INDYCC01335,20,Female,East,Tier 2,Commerce,BCA,74.6,6.76,Parents,4.4,6.0,4.3,7.6,SQL,Marketing,Government sector,Metro city,Product Manager
INDYCC01336,21,Female,North,Tier 2,Science,B.Tech/B.E.,74.6,8.1,Parents,6.3,6.8,6.8,4.4,"Python, SQL",Healthcare,Private sector,Metro city,Healthcare Professional
INDYCC01337,17,Female,West,Tier 2,Commerce,B.Com,64.3,6.25,Parents,3.1,4.6,6.8,4.5,,Business & Finance,Higher studies,Any city in India,Financial Analyst
INDYCC01338,17,Female,East,Tier 3,Commerce,CA/Professional Course,72.7,7.0,Salary/Package,6.2,4.7,6.4,5.2,C++,Technology,Private sector,Any city in India,Software Engineer
INDYCC01339,24,Male,North,Tier 1,Commerce,BBA,68.1,6.76,Passion/Interest,5.7,5.3,8.3,3.4,Python,Business & Finance,Startup,Hometown,Financial Analyst
INDYCC01340,20,Female,South,Tier 2,Commerce,BCA,59.4,5.86,Friends/Peers,4.4,7.1,6.4,2.8,SQL,Healthcare,Private sector,Metro city,Healthcare Professional
INDYCC01341,22,Female,West,Tier 1,Science,B.Pharm,61.8,5.65,Salary/Package,9.5,3.8,8.5,4.7,,Government/Public Service,Higher studies,Hometown,Software Engineer
INDYCC01342,18,Female,Central,Tier 1,Science,BCA,66.3,6.82,Passion/Interest,10.0,5.3,6.6,6.1,Python,Government/Public Service,Self-employed/Freelance,Metro city,Software Engineer
INDYCC01343,22,Male,North,Tier 1,Commerce,BMS,70.2,7.26,Social Media,3.1,5.6,7.1,4.5,SQL,Technology,Higher studies,Hometown,Software Engineer
INDYCC01344,19,Female,West,Tier 1,Arts/Humanities,B.A.,55.4,5.0,Passion/Interest,4.7,7.4,4.3,3.6,,Healthcare,Higher studies,Any city in India,Digital Marketer
INDYCC01345,23,Male,East,Tier 2,Science,B.Tech/B.E.,75.9,7.9,Salary/Package,6.5,7.1,5.3,5.3,JavaScript,Technology,Self-employed/Freelance,Metro city,Software Engineer
INDYCC01346,23,Male,West,Tier 3,Commerce,CA/Professional Course,62.0,6.4,Parents,3.5,6.0,7.9,5.3,,Government/Public Service,Government sector,Any city in India,Government Officer
INDYCC01347,17,Male,West,Tier 3,Science,B.Pharm,,6.85,Salary/Package,6.6,3.9,7.2,2.7,Java,Technology,Private sector,Remote/Hybrid,Data Scientist
INDYCC01348,22,Female,South,Tier 2,Science,B.Pharm,67.3,7.02,Social Media,7.0,6.9,5.7,8.3,Python,Design & Media,Private sector,Remote/Hybrid,Data Scientist
INDYCC01349,24,Female,North,Tier 2,Arts/Humanities,LLB,59.5,6.33,Social Media,6.1,5.1,4.2,8.3,SQL,Healthcare,Private sector,Hometown,Healthcare Professional
INDYCC01350,21,Non-binary/Prefer not to say,North,Tier 3,Science,B.Pharm,84.8,8.42,Passion/Interest,5.4,5.5,9.6,3.9,JavaScript,Marketing,Government sector,Hometown,Software Engineer
INDYCC01351,20,Female,Central,Tier 2,Science,B.Sc.,63.7,6.58,Social Media,3.0,6.8,4.0,6.4,Python,Business & Finance,Government sector,Remote/Hybrid,Data Scientist
INDYCC01352,22,Male,South,Tier 1,Science,B.Pharm,81.3,8.32,Passion/Interest,5.4,7.3,8.4,6.5,Java,Technology,Private sector,Remote/Hybrid,Software Engineer
INDYCC01353,22,Female,West,Tier 1,Science,MBBS/Health Sciences,55.2,5.62,Passion/Interest,5.6,8.6,6.3,5.4,Python,Business & Finance,Government sector,Hometown,UI/UX Designer
INDYCC01354,18,Male,East,Tier 2,Science,MBBS/Health Sciences,74.6,7.4,Parents,4.0,5.4,7.8,4.4,SQL,Design & Media,Private sector,Hometown,Researcher/Academician
INDYCC01355,22,Female,East,Tier 1,Science,MBBS/Health Sciences,93.2,9.21,Parents,8.5,5.1,7.9,6.4,C++,Technology,Private sector,Any city in India,Data Scientist
INDYCC01356,21,Male,East,Tier 2,Arts/Humanities,BJMC/Media,98.0,9.69,Salary/Package,4.5,7.8,4.8,8.3,,Design & Media,Government sector,Metro city,UI/UX Designer
INDYCC01357,17,Male,South,Tier 2,Commerce,BBA,67.9,7.03,Friends/Peers,4.4,7.1,4.5,5.0,,Government/Public Service,Government sector,Any city in India,Government Officer
INDYCC01358,23,Female,South,Tier 1,Science,MBBS/Health Sciences,77.7,7.28,Parents,7.7,7.4,7.7,2.4,,Technology,Private sector,Hometown,Software Engineer
INDYCC01359,17,Female,North,Tier 2,Arts/Humanities,BJMC/Media,81.8,8.4,Friends/Peers,4.5,6.9,5.1,5.9,SQL,Marketing,Private sector,Metro city,UI/UX Designer
INDYCC01360,18,Female,Central,Tier 1,Commerce,CA/Professional Course,79.6,8.02,Salary/Package,5.2,5.3,6.1,9.1,,Design & Media,Startup,Remote/Hybrid,Digital Marketer
INDYCC01361,23,Male,North,Tier 2,Arts/Humanities,B.Des,65.5,6.51,Salary/Package,5.8,9.4,5.7,8.4,Java,Healthcare,Private sector,Remote/Hybrid,Digital Marketer
INDYCC01362,20,Male,Northeast,Tier 2,Science,B.Sc.,84.8,8.42,Salary/Package,5.7,4.2,4.9,7.4,C++,Technology,Government sector,Any city in India,Product Manager
INDYCC01363,24,Female,Central,Tier 3,Science,B.Sc.,85.3,8.68,Parents,10.0,3.9,8.0,6.4,,Business & Finance,Startup,Remote/Hybrid,Software Engineer
INDYCC01364,22,Male,North,Tier 1,Science,B.Sc.,94.6,9.46,Passion/Interest,4.7,4.2,5.0,4.3,SQL,Business & Finance,Private sector,Any city in India,Financial Analyst
INDYCC01365,22,Male,Northeast,Tier 2,Arts/Humanities,B.A.,64.0,6.69,Parents,6.3,7.6,4.4,5.6,,Technology,Private sector,Any city in India,Digital Marketer
INDYCC01366,24,Female,North,Tier 1,Science,BCA,66.9,6.55,Passion/Interest,5.3,7.5,6.8,6.6,SQL,Technology,Higher studies,Remote/Hybrid,Software Engineer
INDYCC01367,22,Female,South,Tier 3,Commerce,CA/Professional Course,60.1,6.02,Passion/Interest,8.3,3.5,6.4,4.4,C++,Research/Education,Startup,Any city in India,Data Scientist
INDYCC01368,23,Female,East,Tier 2,Commerce,BMS,72.6,7.29,Friends/Peers,6.4,5.3,3.1,4.7,Java,Design & Media,Government sector,Hometown,Product Manager
INDYCC01369,24,Female,Central,Tier 2,Arts/Humanities,BBA,72.4,7.39,Parents,3.3,7.1,6.4,9.2,,Design & Media,Startup,Metro city,UI/UX Designer
INDYCC01370,23,Male,South,Tier 1,Science,BCA,76.9,7.71,Parents,5.8,5.0,5.4,4.9,JavaScript,Design & Media,Private sector,Any city in India,Software Engineer
INDYCC01371,24,Female,Central,Tier 2,Arts/Humanities,BBA,76.6,7.95,Passion/Interest,7.5,5.6,6.6,8.8,Python,Technology,Private sector,Hometown,UI/UX Designer
INDYCC01372,24,Male,North,Tier 2,Commerce,BMS,60.1,6.2,Passion/Interest,3.1,3.5,6.7,6.5,,Technology,Private sector,Any city in India,Data Scientist
INDYCC01373,24,Female,Northeast,Tier 2,Commerce,B.Com,59.3,5.6,Parents,4.5,7.1,6.9,7.2,Python,Business & Finance,Private sector,Hometown,Product Manager
INDYCC01374,22,Female,Central,Tier 1,Science,B.Tech/B.E.,60.9,5.86,Salary/Package,9.5,6.9,6.4,6.7,Java,Marketing,Government sector,Metro city,Researcher/Academician
INDYCC01375,24,Female,West,Tier 1,Science,B.Pharm,60.8,,Social Media,8.1,4.9,6.2,2.4,SQL,Technology,Private sector,Hometown,Software Engineer
INDYCC01376,23,Female,North,Tier 2,Commerce,BBA,85.7,8.5,Parents,6.8,7.5,4.4,3.7,C++,Research/Education,Private sector,Metro city,Government Officer
INDYCC01377,19,Non-binary/Prefer not to say,South,Tier 2,Commerce,BMS,82.7,8.48,Social Media,4.9,6.9,6.4,7.4,Python,Business & Finance,Private sector,Remote/Hybrid,Financial Analyst
INDYCC01378,24,Male,North,Tier 1,Commerce,B.Com,81.3,8.67,Parents,1.2,5.9,9.0,4.8,SQL,Business & Finance,Self-employed/Freelance,Metro city,Product Manager
INDYCC01379,18,Female,South,Tier 2,Science,B.Pharm,56.8,5.41,Salary/Package,6.4,8.3,5.9,8.5,Java,Research/Education,Startup,Hometown,Researcher/Academician
INDYCC01380,22,Male,South,Tier 1,Science,MBBS/Health Sciences,92.1,9.57,Social Media,4.7,5.9,7.5,5.8,SQL,Technology,Self-employed/Freelance,Any city in India,Software Engineer
INDYCC01381,20,Male,Central,Tier 2,Commerce,BMS,81.5,8.18,Parents,5.9,6.5,6.7,8.0,JavaScript,Government/Public Service,Private sector,Remote/Hybrid,Government Officer
INDYCC01382,18,Female,West,Tier 3,Science,BCA,53.3,5.61,Passion/Interest,2.8,4.4,9.0,3.7,,Business & Finance,Self-employed/Freelance,Any city in India,Data Scientist
INDYCC01383,17,Female,West,Tier 1,Arts/Humanities,LLB,71.1,7.21,Passion/Interest,3.6,7.2,4.5,9.0,Python,Design & Media,Private sector,Hometown,UI/UX Designer
INDYCC01384,19,Female,South,Tier 2,Arts/Humanities,LLB,63.1,6.33,Social Media,3.0,2.8,6.1,5.1,SQL,Business & Finance,Private sector,Hometown,Digital Marketer
INDYCC01385,17,Male,South,Tier 2,Commerce,BCA,91.2,9.05,Parents,1.0,6.8,6.9,7.1,Python,Business & Finance,Government sector,Any city in India,Financial Analyst
INDYCC01386,20,Female,West,Tier 1,Commerce,BCA,55.0,5.55,Friends/Peers,1.9,4.8,7.5,5.9,Python,Healthcare,Private sector,Remote/Hybrid,Healthcare Professional
INDYCC01387,21,Male,North,Tier 1,Science,B.Sc.,66.7,6.13,Parents,4.4,4.5,6.0,6.0,SQL,Marketing,Private sector,Hometown,Data Scientist
INDYCC01388,19,Female,West,Tier 3,Commerce,BBA,79.8,7.63,Salary/Package,6.1,4.3,6.0,2.0,Java,Research/Education,Private sector,Metro city,Researcher/Academician
INDYCC01389,23,Male,East,Tier 1,Science,MBBS/Health Sciences,76.7,7.72,Social Media,4.5,6.7,6.5,6.7,SQL,Government/Public Service,Startup,Any city in India,Healthcare Professional
INDYCC01390,22,Male,West,Tier 1,Science,BCA,65.0,6.4,Passion/Interest,9.3,4.7,8.0,7.5,Python,Marketing,Self-employed/Freelance,Any city in India,Software Engineer
INDYCC01391,22,Female,North,Tier 3,Science,B.Sc.,61.4,6.15,Social Media,8.1,6.7,4.6,9.1,JavaScript,Government/Public Service,Startup,Remote/Hybrid,Data Scientist
INDYCC01392,17,Male,Central,Tier 2,Arts/Humanities,B.A.,59.6,6.04,Parents,4.1,7.3,6.4,5.2,,Business & Finance,Government sector,Metro city,Financial Analyst
INDYCC01393,21,Male,East,Tier 2,Science,B.Pharm,62.5,6.43,Passion/Interest,6.8,5.7,6.2,5.8,C++,Business & Finance,Government sector,Any city in India,Software Engineer
INDYCC01394,18,Male,Northeast,Tier 2,Science,B.Sc.,58.0,5.7,Passion/Interest,7.9,4.7,9.2,5.2,JavaScript,Business & Finance,Higher studies,Metro city,Data Scientist
INDYCC01395,19,Male,Central,Tier 3,Commerce,BMS,73.5,7.36,Passion/Interest,3.8,5.5,9.3,4.7,,Technology,Government sector,Metro city,Product Manager
INDYCC01396,19,Female,West,Tier 2,Commerce,CA/Professional Course,76.0,7.68,Friends/Peers,5.7,7.3,8.3,6.2,,Design & Media,Government sector,Hometown,UI/UX Designer
INDYCC01397,19,Female,West,Tier 1,Science,B.Pharm,86.7,8.96,Salary/Package,7.2,4.7,6.1,7.6,JavaScript,Healthcare,Startup,Any city in India,Data Scientist
INDYCC01398,19,Female,South,Tier 2,Science,B.Tech/B.E.,78.1,7.79,Parents,6.5,6.3,7.6,5.5,C++,Technology,Self-employed/Freelance,Any city in India,Software Engineer
INDYCC01399,19,Female,South,Tier 1,Commerce,B.Com,79.0,8.37,Salary/Package,5.4,8.9,7.2,4.5,C++,Healthcare,Self-employed/Freelance,Hometown,Product Manager
INDYCC01400,19,Male,East,Tier 1,Science,B.Pharm,73.2,7.5,Salary/Package,7.8,6.3,3.4,9.7,JavaScript,Government/Public Service,Startup,Remote/Hybrid,Data Scientist
INDYCC01401,21,Female,North,Tier 3,Commerce,B.Com,68.7,6.81,Social Media,6.3,6.7,7.9,6.6,SQL,Technology,Self-employed/Freelance,Metro city,Government Officer
INDYCC01402,19,Female,South,Tier 1,Science,B.Pharm,61.9,5.78,Passion/Interest,7.0,5.9,7.1,5.6,SQL,Technology,Startup,Remote/Hybrid,Software Engineer
INDYCC01403,23,Female,South,Tier 3,Science,B.Pharm,,6.86,Passion/Interest,8.7,7.4,8.6,3.5,Java,Government/Public Service,Higher studies,Any city in India,Software Engineer
INDYCC01404,18,Female,West,Tier 3,Science,BCA,72.3,7.2,Parents,6.8,5.3,8.3,9.0,Python,Healthcare,Startup,Hometown,Healthcare Professional
INDYCC01405,19,Female,Central,Tier 2,Arts/Humanities,BJMC/Media,76.4,7.34,Friends/Peers,2.5,8.7,7.0,7.1,,Design & Media,Self-employed/Freelance,Any city in India,UI/UX Designer
INDYCC01406,20,Female,South,Tier 2,Arts/Humanities,B.Des,61.7,5.96,Friends/Peers,1.0,7.3,6.5,9.7,,Technology,Government sector,Hometown,Data Scientist
INDYCC01407,24,Male,West,Tier 1,Commerce,BBA,86.0,8.74,Parents,5.9,5.9,5.9,8.1,Java,Marketing,Private sector,Hometown,Software Engineer
INDYCC01408,22,Female,North,Tier 2,Science,B.Tech/B.E.,68.2,6.97,Friends/Peers,8.7,3.7,6.8,6.8,"Python, SQL",Technology,Government sector,Any city in India,Data Scientist
INDYCC01409,19,Female,East,Tier 2,Commerce,B.Com,65.0,6.58,Salary/Package,5.5,8.6,6.2,6.7,Java,Research/Education,Higher studies,Remote/Hybrid,Product Manager
INDYCC01410,21,Male,East,Tier 3,Science,B.Sc.,71.0,7.41,Passion/Interest,8.4,5.5,5.5,4.1,SQL,Design & Media,Private sector,Any city in India,Software Engineer
INDYCC01411,17,Male,South,Tier 2,Arts/Humanities,BJMC/Media,66.7,6.34,Passion/Interest,1.0,6.3,6.0,4.2,SQL,Business & Finance,Private sector,Any city in India,Financial Analyst
INDYCC01412,22,Male,East,Tier 2,Commerce,BMS,69.3,7.01,Social Media,5.5,9.5,6.0,5.1,Python,Technology,Higher studies,Remote/Hybrid,Product Manager
INDYCC01413,22,Male,North,Tier 3,Science,BCA,80.5,7.68,Friends/Peers,9.5,4.0,6.8,6.3,C++,Technology,Higher studies,Remote/Hybrid,Product Manager
INDYCC01414,18,Female,South,Tier 2,Arts/Humanities,BJMC/Media,76.3,7.47,Passion/Interest,4.7,9.9,3.9,4.4,Python,Marketing,Private sector,Hometown,Government Officer
INDYCC01415,23,Female,South,Tier 2,Commerce,BMS,86.4,8.43,Salary/Package,5.7,2.8,7.2,6.9,JavaScript,Government/Public Service,Startup,Metro city,Government Officer
INDYCC01416,21,Female,West,Tier 2,Commerce,BMS,71.4,6.59,Passion/Interest,1.1,6.3,7.4,4.1,,Design & Media,Private sector,Metro city,Government Officer
INDYCC01417,20,Female,West,Tier 2,Science,B.Tech/B.E.,83.5,8.88,Salary/Package,3.2,3.5,7.0,6.2,,Technology,Government sector,Hometown,Data Scientist
INDYCC01418,24,Female,East,Tier 3,Science,B.Pharm,73.7,7.65,Social Media,7.9,6.8,8.7,3.8,C++,Design & Media,Private sector,Any city in India,Software Engineer
INDYCC01419,19,Female,South,Tier 1,Commerce,BBA,70.0,6.68,Friends/Peers,4.3,6.7,7.3,7.2,,Design & Media,Private sector,Any city in India,UI/UX Designer
INDYCC01420,19,Male,Central,Tier 2,Science,B.Sc.,54.2,5.12,Social Media,10.0,7.4,9.3,7.4,C++,Government/Public Service,Private sector,Metro city,Government Officer
INDYCC01421,17,Female,East,Tier 2,Arts/Humanities,BJMC/Media,78.8,7.99,Salary/Package,1.8,6.4,6.6,7.9,SQL,Marketing,Private sector,Any city in India,UI/UX Designer
INDYCC01422,23,Male,South,Tier 1,Science,B.Sc.,81.6,7.91,Friends/Peers,4.5,6.6,10.0,7.7,SQL,Government/Public Service,Higher studies,Metro city,Data Scientist
INDYCC01423,24,Male,Northeast,Tier 2,Arts/Humanities,BJMC/Media,69.0,6.96,Salary/Package,4.6,8.3,8.3,7.9,,Marketing,Government sector,Metro city,Financial Analyst
INDYCC01424,23,Male,South,Tier 2,Arts/Humanities,B.A.,46.8,5.0,Salary/Package,2.3,9.9,6.7,7.5,SQL,Design & Media,Self-employed/Freelance,Remote/Hybrid,Digital Marketer
INDYCC01425,19,Female,West,Tier 3,Science,B.Pharm,71.6,7.14,Friends/Peers,6.4,6.4,7.2,5.4,Java,Government/Public Service,Startup,Any city in India,Data Scientist
INDYCC01426,21,Male,West,Tier 2,Science,B.Sc.,78.7,7.64,Friends/Peers,10.0,5.9,6.3,4.0,Python,Design & Media,Government sector,Hometown,Data Scientist
INDYCC01427,22,Female,Northeast,Tier 3,Science,B.Pharm,74.0,7.56,Social Media,4.8,7.3,5.0,4.6,Python,Marketing,Private sector,Metro city,Software Engineer
INDYCC01428,22,Male,Central,Tier 2,Science,B.Pharm,77.1,7.84,Passion/Interest,8.9,6.3,6.5,5.4,JavaScript,Business & Finance,Higher studies,Any city in India,Data Scientist
INDYCC01429,19,Male,North,Tier 3,Commerce,BMS,69.1,6.83,Passion/Interest,4.1,7.0,7.3,7.5,SQL,Technology,Private sector,Hometown,Product Manager
INDYCC01430,19,Female,West,Tier 1,Arts/Humanities,BJMC/Media,57.7,5.75,Salary/Package,2.0,3.5,6.0,4.6,SQL,Technology,Startup,Hometown,Product Manager
INDYCC01431,21,Male,Central,Tier 2,Arts/Humanities,B.Des,67.0,6.78,Social Media,1.2,7.1,4.0,4.0,,Technology,Private sector,Remote/Hybrid,Software Engineer
INDYCC01432,20,Non-binary/Prefer not to say,South,Tier 1,Science,B.Pharm,71.9,7.26,Parents,7.4,6.5,8.4,5.1,Python,Technology,Private sector,Metro city,Software Engineer
INDYCC01433,23,Male,South,Tier 2,Arts/Humanities,B.Des,95.1,9.33,Parents,4.6,8.0,6.9,7.1,SQL,Technology,Startup,Hometown,Researcher/Academician
INDYCC01434,24,Male,South,Tier 3,Arts/Humanities,B.Des,65.5,6.09,Social Media,1.7,8.9,6.9,9.5,SQL,Technology,Private sector,Metro city,Digital Marketer
INDYCC01435,22,Male,West,Tier 2,Science,B.Tech/B.E.,95.3,9.15,Parents,6.3,3.9,6.0,6.4,"Python, SQL",Healthcare,Higher studies,Metro city,Software Engineer
INDYCC01436,24,Female,Northeast,Tier 1,Commerce,BCA,59.4,5.63,Social Media,5.1,6.0,9.8,6.1,Python,Research/Education,Higher studies,Remote/Hybrid,Product Manager
INDYCC01437,24,Female,South,Tier 3,Science,B.Pharm,60.9,6.17,Friends/Peers,6.2,8.1,5.9,8.6,Python,Marketing,Self-employed/Freelance,Metro city,Data Scientist
INDYCC01438,19,Female,Central,Tier 2,Science,B.Pharm,88.9,8.67,Friends/Peers,7.5,7.7,8.5,7.9,"Python, SQL",Business & Finance,Startup,Any city in India,Product Manager
INDYCC01439,22,Female,East,Tier 3,Science,MBBS/Health Sciences,78.3,,Salary/Package,2.5,4.8,4.2,4.6,,Marketing,Private sector,Metro city,Data Scientist
INDYCC01440,22,Female,South,Tier 2,Arts/Humanities,B.Des,78.4,7.61,Parents,5.5,8.1,4.8,7.5,SQL,Healthcare,Higher studies,Hometown,Digital Marketer
INDYCC01441,19,Female,East,Tier 3,Commerce,B.Com,46.6,5.03,Friends/Peers,3.0,5.8,2.5,4.3,,Government/Public Service,Startup,Metro city,Government Officer
INDYCC01442,20,Female,North,Tier 2,Commerce,CA/Professional Course,69.1,6.86,Parents,4.3,4.1,5.1,4.3,Python,Business & Finance,Private sector,Any city in India,Financial Analyst
INDYCC01443,19,Male,North,Tier 2,Science,B.Pharm,87.7,9.13,Friends/Peers,6.2,6.1,6.6,6.7,JavaScript,Marketing,Private sector,Hometown,Software Engineer
INDYCC01444,21,Male,Northeast,Tier 1,Science,B.Pharm,76.1,7.5,Salary/Package,8.9,8.2,5.8,8.1,"Python, SQL",Business & Finance,Government sector,Hometown,Data Scientist
INDYCC01445,20,Male,South,Tier 3,Science,MBBS/Health Sciences,67.4,6.36,Salary/Package,7.1,7.4,9.4,5.3,SQL,Business & Finance,Higher studies,Metro city,Data Scientist
INDYCC01446,17,Male,Northeast,Tier 2,Commerce,B.Com,64.3,6.6,Salary/Package,5.5,8.6,8.5,6.9,SQL,Business & Finance,Startup,Any city in India,Financial Analyst
INDYCC01447,22,Male,West,Tier 1,Commerce,BBA,66.4,,Parents,6.5,4.7,6.7,3.8,,Marketing,Higher studies,Metro city,Financial Analyst
INDYCC01448,24,Female,East,Tier 1,Science,B.Tech/B.E.,77.5,8.07,Passion/Interest,5.2,6.1,5.3,3.0,,Healthcare,Higher studies,Metro city,Data Scientist
INDYCC01449,20,Female,North,Tier 2,Commerce,BBA,69.8,6.76,Friends/Peers,5.5,5.0,7.8,6.7,Python,Marketing,Government sector,Remote/Hybrid,Product Manager
INDYCC01450,17,Female,West,Tier 2,Arts/Humanities,B.Des,68.2,7.11,Parents,5.8,5.5,4.3,5.5,"Python, SQL",Technology,Private sector,Any city in India,Financial Analyst
INDYCC01451,18,Female,West,Tier 1,Science,MBBS/Health Sciences,75.5,7.33,Salary/Package,6.9,5.0,7.5,5.0,,Marketing,Government sector,Remote/Hybrid,Data Scientist
INDYCC01452,20,Female,South,Tier 2,Commerce,CA/Professional Course,75.5,7.55,Salary/Package,3.4,4.6,5.2,2.9,SQL,Design & Media,Private sector,Hometown,UI/UX Designer
INDYCC01453,21,Male,North,Tier 3,Science,B.Tech/B.E.,74.7,7.59,Parents,4.9,7.6,7.6,3.2,SQL,Healthcare,Higher studies,Metro city,Healthcare Professional
INDYCC01454,21,Male,Central,Tier 1,Science,B.Pharm,67.7,7.29,Social Media,7.6,7.5,7.8,6.5,SQL,Technology,Private sector,Metro city,Data Scientist
INDYCC01455,18,Female,East,Tier 1,Arts/Humanities,BJMC/Media,58.7,5.69,Social Media,4.5,7.2,8.1,4.5,Python,Business & Finance,Government sector,Any city in India,Digital Marketer
INDYCC01456,24,Female,South,Tier 3,Commerce,B.Com,85.1,8.42,Salary/Package,8.3,6.2,9.2,8.1,Python,Business & Finance,Private sector,Remote/Hybrid,Product Manager
INDYCC01457,22,Female,West,Tier 1,Science,B.Tech/B.E.,82.1,7.84,Parents,5.5,6.2,5.5,6.6,SQL,Research/Education,Private sector,Any city in India,Data Scientist
INDYCC01458,18,Female,Northeast,Tier 2,Commerce,BMS,64.5,6.53,Parents,2.3,5.4,6.3,4.4,SQL,Marketing,Government sector,Hometown,Financial Analyst
INDYCC01459,17,Female,South,Tier 2,Arts/Humanities,LLB,90.5,8.72,Passion/Interest,3.9,5.4,6.0,6.6,,Technology,Startup,Remote/Hybrid,Data Scientist
INDYCC01460,19,Male,West,Tier 3,Science,MBBS/Health Sciences,64.4,6.4,Salary/Package,4.1,6.8,6.6,6.7,Python,Marketing,Government sector,Metro city,Software Engineer
INDYCC01461,23,Male,North,Tier 2,Science,MBBS/Health Sciences,73.1,7.42,Parents,5.6,6.0,6.5,2.3,JavaScript,Government/Public Service,Higher studies,Remote/Hybrid,Software Engineer
INDYCC01462,21,Male,North,Tier 2,Science,BCA,74.9,7.88,Parents,4.6,7.1,6.1,7.1,SQL,Government/Public Service,Government sector,Hometown,Digital Marketer
INDYCC01463,21,Male,Central,Tier 2,Arts/Humanities,BJMC/Media,65.8,6.45,Passion/Interest,1.0,6.1,5.8,7.6,Python,Technology,Private sector,Hometown,UI/UX Designer
INDYCC01464,22,Female,West,Tier 1,Commerce,BCA,49.9,5.15,Parents,6.8,6.5,9.0,3.4,Python,Marketing,Government sector,Hometown,Financial Analyst
INDYCC01465,22,Female,North,Tier 1,Arts/Humanities,B.Des,74.1,7.48,Parents,3.7,6.7,5.8,10.0,,Design & Media,Private sector,Hometown,UI/UX Designer
INDYCC01466,22,Female,West,Tier 1,Science,B.Pharm,77.1,7.86,Friends/Peers,3.9,8.0,5.2,8.3,,Government/Public Service,Self-employed/Freelance,Remote/Hybrid,Government Officer
INDYCC01467,18,Male,South,Tier 1,Science,B.Pharm,72.8,7.29,Parents,3.7,8.8,6.3,6.1,Python,Design & Media,Self-employed/Freelance,Remote/Hybrid,Data Scientist
INDYCC01468,23,Male,West,Tier 2,Commerce,CA/Professional Course,85.4,8.21,Social Media,5.3,5.3,10.0,6.8,JavaScript,Government/Public Service,Self-employed/Freelance,Remote/Hybrid,Product Manager
INDYCC01469,19,Male,West,Tier 1,Commerce,BMS,72.4,7.45,Friends/Peers,5.9,8.3,6.2,1.0,Python,Healthcare,Government sector,Remote/Hybrid,Healthcare Professional
INDYCC01470,23,Female,North,Tier 2,Commerce,BBA,78.4,7.77,Passion/Interest,4.8,2.4,7.3,6.6,Python,Design & Media,Startup,Remote/Hybrid,Financial Analyst
INDYCC01471,18,Female,South,Tier 2,Science,B.Sc.,80.0,8.12,Parents,7.0,5.4,8.4,7.4,,Business & Finance,Startup,Hometown,Data Scientist
INDYCC01472,18,Male,North,Tier 1,Science,B.Tech/B.E.,50.6,5.0,Passion/Interest,6.0,6.8,6.1,7.2,SQL,Government/Public Service,Private sector,Metro city,Healthcare Professional
INDYCC01473,24,Female,South,Tier 1,Commerce,BCA,75.8,7.48,Passion/Interest,2.4,7.0,6.1,7.6,,Healthcare,Private sector,Any city in India,Healthcare Professional
INDYCC01474,21,Male,East,Tier 3,Arts/Humanities,B.A.,67.5,6.55,Passion/Interest,1.0,6.9,6.4,7.4,,Design & Media,Startup,Hometown,UI/UX Designer
INDYCC01475,17,Male,Northeast,Tier 1,Science,B.Pharm,61.2,5.8,Parents,7.6,7.1,9.0,6.0,"Python, SQL",Design & Media,Self-employed/Freelance,Hometown,Data Scientist
INDYCC01476,24,Female,North,Tier 1,Science,B.Pharm,53.3,5.07,Parents,3.4,5.8,9.5,4.8,,Business & Finance,Government sector,Metro city,Software Engineer
INDYCC01477,17,Female,South,Tier 2,Science,BCA,,7.8,Passion/Interest,7.7,5.8,5.9,5.0,C++,Technology,Private sector,Any city in India,Data Scientist
INDYCC01478,17,Male,North,Tier 3,Science,MBBS/Health Sciences,61.9,6.39,Friends/Peers,5.1,7.8,7.4,6.3,C++,Technology,Private sector,Metro city,Software Engineer
INDYCC01479,20,Female,South,Tier 3,Arts/Humanities,LLB,90.5,8.94,Passion/Interest,3.1,7.9,6.3,5.2,Python,Design & Media,Higher studies,Metro city,UI/UX Designer
INDYCC01480,21,Female,West,Tier 1,Science,MBBS/Health Sciences,68.0,7.22,Friends/Peers,4.1,7.7,4.5,5.5,Python,Government/Public Service,Private sector,Any city in India,Government Officer
INDYCC01481,23,Female,West,Tier 2,Science,B.Sc.,73.5,7.2,Social Media,6.1,4.6,7.6,6.3,SQL,Technology,Private sector,Metro city,Software Engineer
INDYCC01482,20,Male,West,Tier 2,Arts/Humanities,BBA,89.4,8.96,Salary/Package,2.9,6.1,6.2,9.2,SQL,Design & Media,Startup,Remote/Hybrid,UI/UX Designer
INDYCC01483,24,Female,North,Tier 1,Arts/Humanities,B.A.,76.0,7.4,Salary/Package,3.7,8.2,5.5,9.3,,Design & Media,Self-employed/Freelance,Remote/Hybrid,Digital Marketer
INDYCC01484,21,Male,East,Tier 3,Science,BCA,60.5,5.7,Parents,7.9,7.1,5.6,5.8,C++,Government/Public Service,Higher studies,Remote/Hybrid,Software Engineer
INDYCC01485,21,Male,South,Tier 3,Commerce,BCA,74.4,8.02,Parents,9.5,5.4,7.4,5.3,C++,Healthcare,Government sector,Any city in India,Financial Analyst
INDYCC01486,24,Female,Northeast,Tier 3,Science,B.Pharm,79.0,7.95,Parents,4.2,6.0,8.7,6.6,Python,Government/Public Service,Government sector,Metro city,Government Officer
INDYCC01487,22,Female,South,Tier 1,Science,B.Tech/B.E.,53.0,5.68,Parents,10.0,6.9,9.8,4.0,"Python, SQL",Research/Education,Higher studies,Remote/Hybrid,Researcher/Academician
INDYCC01488,21,Male,Central,Tier 2,Science,BCA,64.4,6.6,Social Media,6.6,3.2,8.8,6.4,Java,Healthcare,Private sector,Metro city,Healthcare Professional
INDYCC01489,24,Female,South,Tier 3,Commerce,BBA,82.3,7.65,Parents,1.3,5.9,5.8,6.2,Python,Marketing,Private sector,Metro city,Product Manager
INDYCC01490,21,Male,East,Tier 3,Science,BCA,61.0,5.86,Passion/Interest,4.7,5.1,6.6,4.3,,Healthcare,Startup,Remote/Hybrid,Healthcare Professional
INDYCC01491,22,Female,South,Tier 3,Arts/Humanities,B.Des,70.0,6.76,Friends/Peers,3.6,7.6,7.8,8.2,Python,Government/Public Service,Startup,Hometown,Government Officer
INDYCC01492,18,Male,South,Tier 1,Arts/Humanities,LLB,82.6,8.0,Passion/Interest,2.6,8.3,5.9,7.6,SQL,Business & Finance,Startup,Metro city,UI/UX Designer
INDYCC01493,23,Male,East,Tier 3,Arts/Humanities,B.A.,61.9,6.71,Parents,7.6,6.5,8.5,6.8,,Technology,Higher studies,Hometown,Software Engineer
INDYCC01494,22,Male,West,Tier 2,Commerce,BMS,77.6,7.56,Social Media,3.4,6.8,7.1,4.3,,Technology,Startup,Any city in India,Product Manager
INDYCC01495,24,Female,West,Tier 2,Arts/Humanities,BBA,67.2,7.01,Social Media,6.2,7.5,9.9,7.6,C++,Research/Education,Private sector,Metro city,Researcher/Academician
INDYCC01496,19,Female,South,Tier 3,Science,BCA,47.1,5.0,Parents,7.3,3.2,6.3,5.3,Python,Technology,Higher studies,Any city in India,Software Engineer
INDYCC01497,24,Female,Central,Tier 1,Science,B.Pharm,77.2,8.03,Friends/Peers,7.7,6.2,6.0,3.0,SQL,Business & Finance,Government sector,Remote/Hybrid,Data Scientist
INDYCC01498,20,Female,West,Tier 2,Arts/Humanities,LLB,73.0,7.36,Passion/Interest,5.3,7.6,8.7,6.2,C++,Marketing,Government sector,Metro city,UI/UX Designer
INDYCC01499,17,Male,East,Tier 1,Science,B.Pharm,74.0,6.88,Parents,5.9,3.7,7.7,3.4,C++,Healthcare,Higher studies,Hometown,Healthcare Professional
INDYCC01500,22,Male,South,Tier 2,Commerce,B.Com,67.8,6.91,Parents,4.3,8.0,7.5,5.2,,Design & Media,Higher studies,Remote/Hybrid,UI/UX Designer
INDYCC01501,24,Female,West,Tier 2,Science,MBBS/Health Sciences,69.1,7.2,Parents,7.4,3.5,5.3,4.5,JavaScript,Technology,Government sector,Any city in India,Software Engineer
INDYCC01502,24,Female,East,Tier 1,Commerce,BMS,67.1,6.49,Salary/Package,3.6,6.0,6.7,2.4,Python,Design & Media,Startup,Hometown,Digital Marketer
INDYCC01503,19,Male,West,Tier 2,Science,BCA,67.0,6.7,Salary/Package,6.4,7.5,4.8,7.0,Python,Research/Education,Government sector,Metro city,Software Engineer
INDYCC01504,21,Female,North,Tier 1,Science,BCA,65.4,6.81,Passion/Interest,2.9,5.0,5.8,7.5,Python,Government/Public Service,Government sector,Remote/Hybrid,Government Officer
INDYCC01505,22,Male,West,Tier 2,Commerce,B.Com,71.2,6.92,Parents,3.5,4.7,9.0,3.7,SQL,Healthcare,Private sector,Metro city,Healthcare Professional
INDYCC01506,18,Male,West,Tier 2,Arts/Humanities,BBA,85.0,,Passion/Interest,5.0,4.9,5.2,6.5,Java,Government/Public Service,Private sector,Hometown,Government Officer
INDYCC01507,17,Male,East,Tier 2,Commerce,BCA,91.3,9.26,Friends/Peers,5.1,6.2,6.5,5.9,SQL,Marketing,Higher studies,Metro city,Financial Analyst
INDYCC01508,24,Female,East,Tier 2,Arts/Humanities,B.A.,57.2,5.79,Social Media,6.2,7.0,5.2,9.7,Python,Business & Finance,Government sector,Remote/Hybrid,UI/UX Designer
INDYCC01509,17,Male,South,Tier 3,Commerce,BMS,65.6,6.74,Social Media,4.9,8.2,6.1,6.6,SQL,Design & Media,Government sector,Remote/Hybrid,Government Officer
INDYCC01510,23,Male,Central,Tier 2,Science,B.Pharm,73.6,7.57,Salary/Package,8.9,5.9,10.0,5.7,JavaScript,Healthcare,Self-employed/Freelance,Metro city,Data Scientist
INDYCC01511,18,Male,East,Tier 2,Science,MBBS/Health Sciences,84.1,8.75,Social Media,5.6,9.2,8.8,6.1,,Business & Finance,Private sector,Any city in India,Data Scientist
INDYCC01512,19,Non-binary/Prefer not to say,North,Tier 3,Commerce,BBA,94.6,9.8,Parents,6.7,5.4,4.5,3.8,JavaScript,Business & Finance,Private sector,Metro city,Financial Analyst
INDYCC01513,17,Male,Northeast,Tier 2,Science,BCA,82.5,8.29,Passion/Interest,6.6,3.8,8.2,7.0,JavaScript,Technology,Startup,Any city in India,Software Engineer
INDYCC01514,19,Male,North,Tier 2,Commerce,B.Com,67.3,6.36,Parents,8.4,3.3,6.7,5.5,C++,Research/Education,Higher studies,Hometown,Researcher/Academician
INDYCC01515,19,Male,Central,Tier 2,Science,B.Sc.,68.6,7.03,Parents,4.9,8.5,8.2,4.3,,Technology,Private sector,Any city in India,Data Scientist
INDYCC01516,17,Male,North,Tier 2,Science,MBBS/Health Sciences,67.1,7.06,Passion/Interest,1.8,8.8,8.1,2.8,,Technology,Private sector,Any city in India,Data Scientist
INDYCC01517,23,Female,North,Tier 2,Science,B.Tech/B.E.,76.3,7.28,Friends/Peers,6.7,8.5,4.8,9.6,SQL,Business & Finance,Self-employed/Freelance,Hometown,Digital Marketer
INDYCC01518,23,Female,South,Tier 2,Arts/Humanities,LLB,74.0,7.43,Parents,5.2,8.0,5.4,9.7,"Python, SQL",Healthcare,Private sector,Hometown,Digital Marketer
INDYCC01519,23,Male,South,Tier 2,Science,B.Pharm,81.6,7.93,Parents,3.6,8.5,5.0,7.9,SQL,Business & Finance,Private sector,Hometown,Digital Marketer
INDYCC01520,21,Male,East,Tier 2,Science,B.Sc.,81.7,8.27,Parents,5.5,9.3,3.2,7.8,C++,Government/Public Service,Government sector,Metro city,Data Scientist
INDYCC01521,18,Female,West,Tier 1,Science,MBBS/Health Sciences,65.9,6.98,Salary/Package,8.5,7.6,5.2,4.2,Java,Design & Media,Self-employed/Freelance,Hometown,Data Scientist
INDYCC01522,23,Male,Central,Tier 2,Science,B.Tech/B.E.,66.5,6.78,Salary/Package,4.6,5.2,5.6,7.4,Python,Technology,Private sector,Any city in India,Software Engineer
INDYCC01523,23,Male,West,Tier 1,Science,MBBS/Health Sciences,72.4,6.98,Social Media,4.8,3.2,8.3,9.1,Python,Technology,Private sector,Metro city,Data Scientist
INDYCC01524,24,Female,Northeast,Tier 2,Commerce,BBA,69.6,7.3,Social Media,3.7,9.5,7.9,3.2,,Government/Public Service,Government sector,Any city in India,Government Officer
INDYCC01525,17,Male,North,Tier 3,Science,B.Pharm,65.7,6.65,Social Media,6.8,8.2,6.1,5.8,,Technology,Self-employed/Freelance,Remote/Hybrid,Software Engineer
INDYCC01526,17,Female,East,Tier 2,Commerce,BMS,79.0,8.29,Parents,8.0,8.0,7.9,5.5,SQL,Government/Public Service,Private sector,Remote/Hybrid,Government Officer
INDYCC01527,24,Female,North,Tier 2,Arts/Humanities,BJMC/Media,,6.73,Social Media,2.4,6.8,5.4,4.5,,Technology,Private sector,Hometown,Digital Marketer
INDYCC01528,18,Female,North,Tier 2,Science,B.Pharm,54.7,5.38,Social Media,4.9,2.1,6.1,4.6,,Business & Finance,Private sector,Remote/Hybrid,Data Scientist
INDYCC01529,24,Female,South,Tier 3,Commerce,B.Com,73.7,7.5,Parents,3.4,6.2,3.3,3.9,Python,Technology,Private sector,Any city in India,Product Manager
INDYCC01530,22,Female,East,Tier 2,Commerce,CA/Professional Course,81.1,8.15,Friends/Peers,5.3,6.3,7.5,4.3,Java,Business & Finance,Private sector,Hometown,Financial Analyst
INDYCC01531,21,Male,Northeast,Tier 2,Arts/Humanities,B.Des,50.7,5.23,Parents,7.3,9.3,3.9,6.9,"Python, SQL",Healthcare,Startup,Hometown,Healthcare Professional
INDYCC01532,18,Male,South,Tier 1,Arts/Humanities,BJMC/Media,72.6,7.09,Friends/Peers,4.9,8.3,5.5,10.0,,Marketing,Private sector,Metro city,Digital Marketer
INDYCC01533,22,Male,West,Tier 3,Science,B.Tech/B.E.,50.1,5.18,Parents,8.8,6.6,5.6,5.7,C++,Marketing,Government sector,Metro city,Data Scientist
INDYCC01534,22,Female,West,Tier 2,Arts/Humanities,LLB,69.7,6.94,Passion/Interest,4.2,8.0,6.2,5.2,SQL,Technology,Private sector,Metro city,Digital Marketer
INDYCC01535,21,Male,Central,Tier 3,Science,MBBS/Health Sciences,61.7,6.17,Social Media,5.6,6.6,6.9,8.1,Python,Technology,Startup,Any city in India,Data Scientist
INDYCC01536,22,Male,Central,Tier 3,Commerce,B.Com,90.0,9.1,Salary/Package,5.2,5.7,9.6,5.1,JavaScript,Business & Finance,Startup,Any city in India,Financial Analyst
INDYCC01537,22,Male,East,Tier 1,Science,BCA,88.6,9.05,Social Media,7.6,5.9,6.8,7.3,,Research/Education,Government sector,Metro city,Software Engineer
INDYCC01538,20,Male,East,Tier 3,Science,MBBS/Health Sciences,72.5,7.15,Friends/Peers,4.4,4.4,6.0,7.8,Python,Government/Public Service,Government sector,Hometown,Digital Marketer
INDYCC01539,22,Male,East,Tier 1,Science,B.Sc.,86.1,8.11,Passion/Interest,7.1,6.9,4.6,5.4,JavaScript,Design & Media,Private sector,Any city in India,Software Engineer
INDYCC01540,18,Male,North,Tier 1,Arts/Humanities,B.Des,83.2,8.42,Friends/Peers,3.6,7.2,6.7,4.2,,Healthcare,Startup,Metro city,Healthcare Professional
INDYCC01541,17,Male,West,Tier 2,Science,B.Sc.,73.0,7.31,Passion/Interest,5.8,5.7,5.8,4.2,,Technology,Private sector,Any city in India,Data Scientist
INDYCC01542,24,Male,Northeast,Tier 1,Commerce,BMS,65.7,6.31,Friends/Peers,3.7,6.6,8.2,5.8,,Healthcare,Private sector,Remote/Hybrid,Product Manager
INDYCC01543,22,Female,North,Tier 1,Science,BCA,65.7,6.73,Parents,9.6,5.1,3.7,5.3,SQL,Technology,Government sector,Metro city,Software Engineer
INDYCC01544,20,Female,North,Tier 2,Science,B.Pharm,68.4,6.98,Parents,5.0,2.2,6.4,3.4,JavaScript,Healthcare,Self-employed/Freelance,Metro city,Healthcare Professional
INDYCC01545,18,Male,Central,Tier 2,Arts/Humanities,B.Des,62.3,6.92,Parents,5.7,7.4,2.4,7.6,Python,Technology,Private sector,Remote/Hybrid,UI/UX Designer
INDYCC01546,24,Male,North,Tier 3,Commerce,CA/Professional Course,90.1,9.2,Passion/Interest,3.6,5.6,6.8,6.1,SQL,Marketing,Private sector,Metro city,Researcher/Academician
INDYCC01547,23,Male,South,Tier 1,Science,BCA,85.0,9.04,Friends/Peers,7.7,5.6,3.7,2.3,Java,Government/Public Service,Private sector,Any city in India,Data Scientist
INDYCC01548,20,Male,North,Tier 2,Science,BCA,61.2,6.26,Social Media,6.6,6.8,7.8,2.7,JavaScript,Marketing,Self-employed/Freelance,Hometown,Data Scientist
INDYCC01549,18,Female,East,Tier 2,Science,MBBS/Health Sciences,72.1,7.11,Social Media,6.4,5.9,6.7,3.6,JavaScript,Business & Finance,Startup,Any city in India,Data Scientist
INDYCC01550,20,Female,South,Tier 2,Science,B.Pharm,74.4,7.17,Social Media,9.2,5.9,7.9,5.4,SQL,Healthcare,Startup,Remote/Hybrid,Healthcare Professional
INDYCC01551,24,Male,North,Tier 2,Arts/Humanities,LLB,49.6,5.0,Salary/Package,1.0,6.8,4.0,4.8,,Design & Media,Private sector,Remote/Hybrid,UI/UX Designer
INDYCC01552,23,Female,East,Tier 1,Science,B.Sc.,74.6,7.52,Parents,6.2,7.1,9.0,4.9,Python,Government/Public Service,Private sector,Hometown,Government Officer
INDYCC01553,23,Male,Northeast,Tier 1,Commerce,CA/Professional Course,85.9,9.0,Salary/Package,4.2,6.1,5.1,7.5,SQL,Technology,Private sector,Remote/Hybrid,Product Manager
INDYCC01554,23,Male,Northeast,Tier 3,Science,MBBS/Health Sciences,85.3,8.78,Social Media,8.7,6.2,6.5,7.0,Java,Technology,Government sector,Metro city,Software Engineer
INDYCC01555,20,Female,Northeast,Tier 2,Commerce,B.Com,80.7,8.06,Friends/Peers,5.4,7.1,4.8,7.4,C++,Business & Finance,Startup,Metro city,Financial Analyst
INDYCC01556,18,Female,West,Tier 2,Commerce,BMS,64.7,6.23,Salary/Package,5.9,9.0,7.2,4.1,SQL,Government/Public Service,Government sector,Metro city,Government Officer
INDYCC01557,17,Male,West,Tier 2,Arts/Humanities,BBA,74.5,7.15,Parents,2.3,8.8,2.7,6.7,Python,Business & Finance,Higher studies,Remote/Hybrid,Financial Analyst
INDYCC01558,22,Female,West,Tier 1,Arts/Humanities,BJMC/Media,69.8,6.66,Friends/Peers,5.7,4.2,1.9,9.0,Java,Business & Finance,Self-employed/Freelance,Remote/Hybrid,Digital Marketer
INDYCC01559,24,Male,South,Tier 1,Science,B.Tech/B.E.,55.4,5.74,Parents,7.6,4.8,9.2,9.1,Python,Research/Education,Self-employed/Freelance,Metro city,Software Engineer
INDYCC01560,20,Male,West,Tier 1,Science,MBBS/Health Sciences,78.3,7.93,Parents,5.8,9.4,7.3,9.2,"Python, SQL",Research/Education,Private sector,Any city in India,Data Scientist
INDYCC01561,22,Male,West,Tier 2,Science,BCA,70.2,7.21,Passion/Interest,7.3,6.9,6.7,6.7,JavaScript,Government/Public Service,Government sector,Any city in India,Software Engineer
INDYCC01562,24,Female,North,Tier 2,Commerce,CA/Professional Course,58.0,5.97,Social Media,4.4,5.9,6.0,3.5,,Technology,Private sector,Remote/Hybrid,Product Manager
INDYCC01563,18,Male,Northeast,Tier 2,Science,B.Tech/B.E.,62.3,6.11,Parents,4.8,6.2,7.3,6.6,,Marketing,Startup,Any city in India,Software Engineer
INDYCC01564,22,Male,Central,Tier 3,Science,B.Sc.,,6.73,Salary/Package,8.2,5.7,9.3,7.7,,Technology,Government sector,Remote/Hybrid,Data Scientist
INDYCC01565,24,Male,North,Tier 2,Arts/Humanities,BJMC/Media,84.0,8.17,Social Media,3.4,9.3,3.2,6.7,,Research/Education,Higher studies,Any city in India,Researcher/Academician
INDYCC01566,17,Female,West,Tier 3,Commerce,BCA,75.8,7.27,Passion/Interest,4.9,5.4,8.4,5.4,,Business & Finance,Government sector,Metro city,Financial Analyst
INDYCC01567,19,Male,South,Tier 2,Science,B.Tech/B.E.,74.0,7.68,Friends/Peers,6.2,2.6,5.5,3.0,JavaScript,Government/Public Service,Government sector,Remote/Hybrid,Software Engineer
INDYCC01568,18,Female,East,Tier 3,Commerce,B.Com,80.1,7.63,Parents,3.9,5.6,7.3,6.6,,Business & Finance,Private sector,Hometown,Product Manager
INDYCC01569,24,Male,North,Tier 2,Commerce,BBA,92.7,9.35,Salary/Package,3.5,5.3,3.4,7.5,,Healthcare,Private sector,Remote/Hybrid,Researcher/Academician
INDYCC01570,18,Female,East,Tier 2,Commerce,BMS,76.6,7.78,Parents,4.9,3.2,6.5,6.3,Python,Business & Finance,Private sector,Metro city,Financial Analyst
INDYCC01571,21,Female,East,Tier 1,Science,B.Pharm,85.0,8.83,Parents,7.3,5.5,9.0,5.1,"Python, SQL",Healthcare,Startup,Metro city,Data Scientist
INDYCC01572,23,Female,West,Tier 1,Science,B.Pharm,78.9,7.79,Social Media,6.8,5.5,6.7,4.8,,Design & Media,Higher studies,Hometown,UI/UX Designer
INDYCC01573,21,Male,North,Tier 2,Commerce,BCA,72.7,7.19,Passion/Interest,4.6,7.3,5.6,6.9,,Design & Media,Private sector,Hometown,UI/UX Designer
INDYCC01574,21,Male,South,Tier 1,Arts/Humanities,BJMC/Media,81.5,8.61,Passion/Interest,3.8,8.2,3.1,6.3,SQL,Business & Finance,Private sector,Hometown,Digital Marketer
INDYCC01575,17,Male,North,Tier 3,Arts/Humanities,B.Des,72.2,7.21,Social Media,1.7,4.7,5.1,7.2,,Healthcare,Private sector,Remote/Hybrid,Healthcare Professional
INDYCC01576,20,Female,South,Tier 2,Commerce,BBA,65.8,6.74,Parents,6.0,4.8,7.5,4.0,SQL,Marketing,Startup,Remote/Hybrid,Data Scientist
INDYCC01577,21,Male,North,Tier 1,Science,B.Sc.,56.3,5.76,Parents,3.4,5.9,4.5,8.5,SQL,Government/Public Service,Private sector,Remote/Hybrid,Software Engineer
INDYCC01578,19,Female,East,Tier 2,Commerce,CA/Professional Course,76.6,8.45,Salary/Package,6.9,5.7,5.2,1.9,"Python, SQL",Technology,Self-employed/Freelance,Any city in India,Software Engineer
INDYCC01579,18,Female,Central,Tier 2,Arts/Humanities,B.A.,86.6,8.6,,5.3,4.7,7.0,7.4,Python,Government/Public Service,Private sector,Hometown,Government Officer
INDYCC01580,23,Non-binary/Prefer not to say,East,Tier 1,Science,B.Pharm,45.0,5.0,Passion/Interest,3.7,7.9,9.0,5.8,,Technology,Private sector,Metro city,Software Engineer
INDYCC01581,17,Female,North,Tier 3,Commerce,BBA,76.7,7.58,Passion/Interest,9.1,5.3,6.9,2.5,,Technology,Private sector,Metro city,Product Manager
INDYCC01582,21,Female,Northeast,Tier 1,Science,BCA,50.3,5.13,Friends/Peers,5.4,3.7,6.1,6.7,SQL,Marketing,Private sector,Remote/Hybrid,Software Engineer
INDYCC01583,17,Male,West,Tier 2,Science,B.Tech/B.E.,78.2,7.74,Social Media,7.2,7.3,6.5,6.2,,Research/Education,Higher studies,Metro city,Product Manager
INDYCC01584,20,Male,South,Tier 3,Science,B.Tech/B.E.,78.2,8.2,Salary/Package,6.3,3.7,7.4,6.6,Python,Business & Finance,Private sector,Metro city,Product Manager
INDYCC01585,17,Female,North,Tier 3,Arts/Humanities,BBA,97.7,9.62,Social Media,3.0,7.1,7.4,6.1,Python,Research/Education,Government sector,Any city in India,Researcher/Academician
INDYCC01586,24,Female,South,Tier 1,Science,B.Pharm,66.9,6.92,Friends/Peers,7.0,5.0,5.9,5.1,C++,Research/Education,Government sector,Metro city,Software Engineer
INDYCC01587,24,Female,South,Tier 3,Arts/Humanities,B.A.,63.4,6.62,Parents,6.6,8.5,6.4,7.6,JavaScript,Research/Education,Private sector,Remote/Hybrid,Researcher/Academician
INDYCC01588,20,Male,North,Tier 2,Commerce,BBA,68.5,6.96,Passion/Interest,8.6,5.5,8.2,5.5,JavaScript,Technology,Self-employed/Freelance,Any city in India,Product Manager
INDYCC01589,17,Male,South,Tier 1,Commerce,CA/Professional Course,69.6,6.88,Salary/Package,6.2,4.2,7.5,5.3,SQL,Business & Finance,Private sector,Hometown,Product Manager
INDYCC01590,21,Female,South,Tier 2,Science,MBBS/Health Sciences,85.1,8.62,Salary/Package,4.1,5.5,6.9,2.8,,Marketing,Higher studies,Metro city,Software Engineer
INDYCC01591,18,Female,West,Tier 3,Commerce,B.Com,81.0,,Parents,5.0,5.9,4.5,7.5,"Python, SQL",Design & Media,Self-employed/Freelance,Any city in India,UI/UX Designer
INDYCC01592,20,Male,South,Tier 3,Commerce,B.Com,64.6,6.64,Friends/Peers,3.1,7.8,6.1,4.8,SQL,Business & Finance,Higher studies,Metro city,Product Manager
INDYCC01593,21,Male,North,Tier 1,Science,B.Tech/B.E.,64.1,6.66,Parents,8.6,4.7,7.2,5.2,Java,Government/Public Service,Private sector,Remote/Hybrid,Software Engineer
INDYCC01594,17,Female,Northeast,Tier 3,Science,MBBS/Health Sciences,70.0,6.88,Friends/Peers,4.9,6.8,7.3,4.4,SQL,Healthcare,Private sector,Hometown,Healthcare Professional
INDYCC01595,20,Non-binary/Prefer not to say,West,Tier 1,Science,MBBS/Health Sciences,59.0,5.86,Friends/Peers,8.4,4.8,8.9,6.0,"Python, SQL",Technology,Self-employed/Freelance,Metro city,Data Scientist
INDYCC01596,21,Female,West,Tier 1,Commerce,BMS,71.4,6.91,Salary/Package,2.3,4.9,5.2,5.4,Python,Marketing,Higher studies,Remote/Hybrid,Financial Analyst
INDYCC01597,24,Female,Northeast,Tier 2,Science,BCA,77.5,7.6,Passion/Interest,9.4,5.5,8.3,2.7,Java,Design & Media,Private sector,Any city in India,Data Scientist
INDYCC01598,17,Male,North,Tier 2,Science,B.Tech/B.E.,80.7,8.04,Salary/Package,4.6,7.0,5.7,9.7,,Business & Finance,Private sector,Remote/Hybrid,Product Manager
INDYCC01599,22,Female,Central,Tier 2,Science,B.Pharm,70.4,7.17,Parents,7.8,4.5,7.1,7.2,Python,Healthcare,Higher studies,Metro city,Data Scientist
INDYCC01600,18,Female,South,Tier 3,Arts/Humanities,B.A.,60.0,5.94,Passion/Interest,3.1,7.8,4.1,6.0,,Design & Media,Private sector,Metro city,UI/UX Designer
INDYCC01601,20,Male,North,Tier 2,Commerce,BCA,61.5,5.94,Parents,5.1,4.6,4.9,5.8,C++,Technology,Private sector,Remote/Hybrid,Product Manager
INDYCC01602,17,Female,East,Tier 3,Arts/Humanities,B.A.,70.7,7.08,Passion/Interest,3.1,5.5,7.3,5.2,Python,Government/Public Service,Private sector,Remote/Hybrid,Government Officer
INDYCC01603,17,Female,East,Tier 1,Science,B.Pharm,55.9,5.59,Parents,3.6,1.7,7.2,6.9,,Technology,Private sector,Any city in India,Data Scientist
INDYCC01604,21,Female,West,Tier 2,Science,MBBS/Health Sciences,77.3,7.55,Friends/Peers,6.0,4.0,7.1,5.3,"Python, SQL",Technology,Private sector,Any city in India,Data Scientist
INDYCC01605,20,Male,West,Tier 2,Arts/Humanities,LLB,78.3,7.87,Parents,3.8,3.7,2.5,7.9,Python,Technology,Higher studies,Remote/Hybrid,Digital Marketer
INDYCC01606,22,Female,South,Tier 3,Science,B.Sc.,71.9,7.5,Parents,7.4,2.9,5.5,6.7,JavaScript,Marketing,Government sector,Metro city,Software Engineer
INDYCC01607,20,Female,South,Tier 1,Arts/Humanities,B.Des,71.6,7.48,Social Media,2.8,4.9,8.1,4.5,,Government/Public Service,Private sector,Remote/Hybrid,Government Officer
INDYCC01608,21,Male,South,Tier 1,Science,MBBS/Health Sciences,78.9,7.66,Social Media,3.2,8.8,8.8,4.7,Python,Government/Public Service,Higher studies,Hometown,Government Officer
INDYCC01609,19,Male,North,Tier 2,Arts/Humanities,BJMC/Media,53.7,5.42,Salary/Package,4.3,7.0,3.9,7.2,SQL,Design & Media,Government sector,Hometown,Digital Marketer
INDYCC01610,23,Male,Central,Tier 2,Science,B.Tech/B.E.,58.2,5.89,Parents,5.4,7.3,9.0,2.4,Java,Research/Education,Government sector,Any city in India,Researcher/Academician
INDYCC01611,18,Male,Northeast,Tier 3,Commerce,BCA,74.3,7.3,Social Media,6.8,5.7,6.1,4.3,JavaScript,Government/Public Service,Private sector,Remote/Hybrid,Government Officer
INDYCC01612,20,Female,Central,Tier 1,Science,B.Pharm,76.8,7.79,Salary/Package,6.7,6.6,5.9,3.8,SQL,Healthcare,Self-employed/Freelance,Remote/Hybrid,Healthcare Professional
INDYCC01613,17,Male,North,Tier 2,Commerce,BMS,68.1,7.21,Friends/Peers,1.9,8.8,7.4,6.3,SQL,Business & Finance,Private sector,Metro city,Product Manager
INDYCC01614,22,Male,South,Tier 3,Arts/Humanities,BBA,77.3,8.12,Parents,1.0,6.8,5.0,4.9,SQL,Healthcare,Government sector,Any city in India,Healthcare Professional
INDYCC01615,23,Female,North,Tier 2,Arts/Humanities,B.Des,79.1,7.61,Parents,4.1,8.1,4.9,10.0,SQL,Technology,Private sector,Any city in India,Product Manager
INDYCC01616,17,Male,South,Tier 2,Commerce,CA/Professional Course,75.4,7.89,Passion/Interest,1.7,4.1,7.4,3.2,SQL,Business & Finance,Higher studies,Metro city,Product Manager
INDYCC01617,21,Female,West,Tier 2,Commerce,CA/Professional Course,83.7,8.87,Salary/Package,2.3,6.9,9.8,6.5,,Research/Education,Government sector,Metro city,Financial Analyst
INDYCC01618,22,Male,North,Tier 3,Commerce,BMS,74.6,7.07,Passion/Interest,4.5,6.1,5.3,6.5,Python,Healthcare,Higher studies,Metro city,Healthcare Professional
INDYCC01619,21,Male,North,Tier 1,Science,MBBS/Health Sciences,65.1,6.63,Parents,6.3,7.0,3.5,8.4,C++,Technology,Startup,Remote/Hybrid,Government Officer
INDYCC01620,23,Female,East,Tier 1,Science,BCA,71.5,7.13,Salary/Package,5.9,4.8,6.6,5.9,,Business & Finance,Private sector,Remote/Hybrid,Digital Marketer
INDYCC01621,24,Male,Central,Tier 1,Science,B.Sc.,78.5,8.77,Parents,7.1,6.4,5.1,6.4,C++,Design & Media,Private sector,Metro city,Software Engineer
INDYCC01622,24,Male,Northeast,Tier 1,Arts/Humanities,B.A.,64.8,6.5,Parents,7.3,8.7,6.8,7.2,C++,Design & Media,Startup,Any city in India,UI/UX Designer
INDYCC01623,22,Male,South,Tier 3,Science,BCA,61.6,5.94,Passion/Interest,7.4,4.1,6.0,6.2,Python,Research/Education,Private sector,Hometown,Software Engineer
INDYCC01624,17,Female,North,Tier 1,Commerce,CA/Professional Course,55.2,5.63,Parents,3.7,6.5,5.4,6.9,SQL,Business & Finance,Startup,Hometown,Product Manager
INDYCC01625,19,Male,West,Tier 2,Commerce,CA/Professional Course,80.0,7.9,Friends/Peers,5.1,8.3,6.7,3.8,JavaScript,Design & Media,Private sector,Metro city,Digital Marketer
INDYCC01626,18,Male,South,Tier 2,Arts/Humanities,LLB,70.5,7.42,Passion/Interest,5.6,6.6,4.3,8.8,C++,Design & Media,Private sector,Hometown,UI/UX Designer
INDYCC01627,17,Female,Central,Tier 2,Science,B.Tech/B.E.,77.2,7.44,Salary/Package,5.6,6.9,6.3,5.5,Python,Research/Education,Private sector,Metro city,Software Engineer
INDYCC01628,19,Female,Northeast,Tier 1,Science,B.Tech/B.E.,75.7,7.49,Salary/Package,8.1,8.6,7.0,6.2,Java,Design & Media,Government sector,Remote/Hybrid,Data Scientist
INDYCC01629,22,Male,North,Tier 2,Science,B.Tech/B.E.,90.6,8.83,Salary/Package,3.2,5.5,4.9,6.6,,Business & Finance,Private sector,Metro city,Software Engineer
INDYCC01630,18,Female,Northeast,Tier 2,Science,BCA,98.0,9.8,Passion/Interest,6.8,2.4,6.8,2.9,Java,Business & Finance,Private sector,Metro city,Financial Analyst
INDYCC01631,18,Female,West,Tier 1,Commerce,BCA,84.2,8.79,Salary/Package,4.1,8.6,5.9,5.4,,Government/Public Service,Private sector,Remote/Hybrid,Financial Analyst
INDYCC01632,20,Non-binary/Prefer not to say,Northeast,Tier 1,Commerce,B.Com,97.8,9.71,Salary/Package,3.2,6.4,8.1,5.4,Python,Marketing,Private sector,Any city in India,Financial Analyst
INDYCC01633,23,Male,South,Tier 3,Commerce,BBA,68.4,6.62,Parents,6.1,5.3,8.4,6.5,,Healthcare,Private sector,Remote/Hybrid,Healthcare Professional
INDYCC01634,21,Male,Central,Tier 2,Commerce,CA/Professional Course,86.8,8.67,Salary/Package,5.3,5.8,4.0,6.5,C++,Healthcare,Startup,Any city in India,Healthcare Professional
INDYCC01635,20,Female,West,Tier 2,Arts/Humanities,LLB,58.0,5.77,Friends/Peers,3.8,4.7,3.1,3.2,SQL,Government/Public Service,Startup,Remote/Hybrid,Government Officer
INDYCC01636,22,Female,East,Tier 3,Science,MBBS/Health Sciences,79.9,7.52,Parents,5.5,6.7,8.6,7.2,Java,Technology,Private sector,Any city in India,Data Scientist
INDYCC01637,23,Female,West,Tier 1,Science,B.Sc.,67.7,7.1,Parents,10.0,5.4,5.9,3.9,C++,Marketing,Private sector,Hometown,Data Scientist
INDYCC01638,18,Male,South,Tier 1,Commerce,CA/Professional Course,93.4,9.54,Social Media,5.3,5.9,6.2,5.1,JavaScript,Healthcare,Startup,Any city in India,Financial Analyst
INDYCC01639,21,Female,East,Tier 3,Science,B.Sc.,58.0,5.88,Social Media,3.5,7.6,5.6,4.6,,Research/Education,Private sector,Remote/Hybrid,Software Engineer
INDYCC01640,24,Male,Central,Tier 2,Science,BCA,90.7,9.17,Salary/Package,7.6,5.2,10.0,7.6,SQL,Research/Education,Government sector,Hometown,Software Engineer
INDYCC01641,23,Female,Northeast,Tier 3,Science,B.Pharm,75.2,7.33,Passion/Interest,4.2,5.9,4.3,6.7,SQL,Technology,Self-employed/Freelance,Metro city,Software Engineer
INDYCC01642,23,Male,Central,Tier 2,Commerce,CA/Professional Course,78.1,7.72,Passion/Interest,4.9,7.5,7.7,5.8,SQL,Government/Public Service,Startup,Any city in India,Government Officer
INDYCC01643,24,Male,West,Tier 2,Commerce,BBA,62.3,6.32,Passion/Interest,4.3,5.2,4.6,3.6,Python,Technology,Government sector,Metro city,Software Engineer
INDYCC01644,23,Male,West,Tier 2,Science,B.Tech/B.E.,67.2,6.78,Friends/Peers,7.1,5.3,6.7,5.7,C++,Healthcare,Self-employed/Freelance,Any city in India,Data Scientist
INDYCC01645,22,Female,Central,Tier 2,Commerce,B.Com,67.6,6.53,Parents,2.5,8.3,7.2,7.8,,Healthcare,Government sector,Any city in India,Government Officer
INDYCC01646,24,Non-binary/Prefer not to say,Central,Tier 3,Commerce,BBA,74.8,7.57,Passion/Interest,3.1,5.3,6.1,4.4,Python,Design & Media,Private sector,Any city in India,Government Officer
INDYCC01647,23,Non-binary/Prefer not to say,Northeast,Tier 3,Commerce,BCA,88.6,8.82,Social Media,4.3,5.3,7.2,8.3,Python,Government/Public Service,Government sector,Remote/Hybrid,Financial Analyst
INDYCC01648,23,Male,Central,Tier 2,Commerce,BBA,93.9,9.51,Salary/Package,1.8,3.2,7.8,7.9,,Business & Finance,Private sector,Hometown,Financial Analyst
INDYCC01649,18,Male,South,Tier 1,Science,B.Pharm,71.8,7.1,Parents,3.2,4.6,6.4,1.3,Python,Technology,Startup,Metro city,Software Engineer
INDYCC01650,21,Male,South,Tier 2,Science,B.Tech/B.E.,73.7,7.7,Salary/Package,6.5,8.1,6.3,5.9,Java,Research/Education,Higher studies,Any city in India,Researcher/Academician
INDYCC01651,22,Male,South,Tier 1,Arts/Humanities,B.A.,72.1,7.49,Social Media,5.2,7.7,4.7,7.8,Java,Technology,Private sector,Any city in India,UI/UX Designer
INDYCC01652,24,Male,North,Tier 1,Commerce,BCA,66.3,6.92,Salary/Package,4.6,5.3,8.9,6.7,SQL,Business & Finance,Self-employed/Freelance,Any city in India,Financial Analyst
INDYCC01653,24,Female,South,Tier 2,Science,BCA,92.8,9.56,Parents,3.0,5.4,6.8,6.2,,Business & Finance,Government sector,Hometown,Financial Analyst
INDYCC01654,23,Female,West,Tier 2,Science,MBBS/Health Sciences,57.9,5.86,Friends/Peers,6.4,3.1,6.0,8.4,C++,Technology,Private sector,Remote/Hybrid,Software Engineer
INDYCC01655,21,Male,East,Tier 1,Science,B.Sc.,72.8,7.53,Parents,7.1,5.6,6.1,7.3,JavaScript,Business & Finance,Government sector,Remote/Hybrid,Software Engineer
INDYCC01656,18,Female,South,Tier 3,Science,BCA,65.6,6.62,Passion/Interest,6.2,6.1,5.6,6.1,Java,Business & Finance,Private sector,Any city in India,Software Engineer
INDYCC01657,23,Male,South,Tier 2,Science,MBBS/Health Sciences,86.3,8.72,Salary/Package,9.9,5.1,6.8,8.9,Python,Technology,Startup,Metro city,Software Engineer
INDYCC01658,21,Female,Central,Tier 1,Science,B.Sc.,73.3,7.62,Salary/Package,4.8,8.5,6.7,4.4,SQL,Marketing,Private sector,Remote/Hybrid,Software Engineer
INDYCC01659,24,Male,North,Tier 1,Arts/Humanities,LLB,57.5,5.73,Social Media,7.1,7.2,3.1,9.2,,Government/Public Service,Government sector,Metro city,Government Officer
INDYCC01660,21,Male,South,Tier 2,Science,B.Sc.,88.6,8.35,Salary/Package,5.4,6.1,6.4,5.7,Python,Healthcare,Higher studies,Remote/Hybrid,Healthcare Professional
INDYCC01661,21,Female,Central,Tier 1,Science,BCA,78.3,7.89,Social Media,7.1,5.7,8.5,4.2,JavaScript,Government/Public Service,Private sector,Remote/Hybrid,Data Scientist
INDYCC01662,20,Female,Central,Tier 3,Science,B.Pharm,65.1,6.26,Passion/Interest,8.8,3.0,7.1,6.3,JavaScript,Government/Public Service,Private sector,Metro city,Government Officer
INDYCC01663,19,Female,East,Tier 2,Commerce,B.Com,78.0,7.51,Social Media,5.8,6.1,7.6,6.3,Java,Research/Education,Self-employed/Freelance,Metro city,Government Officer
INDYCC01664,22,Male,West,Tier 3,Science,B.Pharm,62.7,6.57,Parents,6.1,8.6,6.7,5.8,"Python, SQL",Healthcare,Private sector,Remote/Hybrid,Healthcare Professional
INDYCC01665,20,Male,Central,Tier 2,Science,B.Sc.,60.1,5.85,Passion/Interest,8.3,7.2,7.4,3.7,SQL,Marketing,Private sector,Hometown,Software Engineer
INDYCC01666,21,Male,Northeast,Tier 1,Science,B.Sc.,68.3,6.2,Passion/Interest,6.4,7.5,4.9,4.6,Java,Research/Education,Higher studies,Metro city,Researcher/Academician
INDYCC01667,22,Male,South,Tier 2,Commerce,BCA,70.4,7.51,Salary/Package,3.9,3.4,5.6,2.2,SQL,Marketing,Higher studies,Hometown,Financial Analyst
INDYCC01668,18,Male,West,Tier 2,Commerce,B.Com,72.1,7.49,Parents,5.5,4.2,4.1,5.6,JavaScript,Technology,Self-employed/Freelance,Hometown,Product Manager
INDYCC01669,18,Female,North,Tier 2,Science,B.Pharm,61.2,5.94,,6.7,8.3,7.9,5.4,"Python, SQL",Design & Media,Government sector,Metro city,UI/UX Designer
INDYCC01670,19,Male,South,Tier 3,Science,B.Sc.,73.5,7.11,Passion/Interest,7.3,8.1,9.0,4.5,"Python, SQL",Design & Media,Private sector,Metro city,Software Engineer
INDYCC01671,21,Male,East,Tier 3,Commerce,BCA,65.4,6.57,Passion/Interest,2.7,3.8,6.7,8.4,,Healthcare,Self-employed/Freelance,Hometown,Financial Analyst
INDYCC01672,19,Female,East,Tier 2,Commerce,BCA,68.6,7.09,Parents,5.5,6.0,8.4,5.5,C++,Technology,Higher studies,Metro city,Product Manager
INDYCC01673,22,Male,South,Tier 3,Arts/Humanities,B.A.,67.2,6.6,Passion/Interest,2.4,6.9,4.3,5.8,,Business & Finance,Startup,Metro city,Digital Marketer
INDYCC01674,24,Male,North,Tier 2,Arts/Humanities,BBA,65.8,6.4,Parents,4.3,7.5,5.1,8.8,,Business & Finance,Private sector,Remote/Hybrid,Digital Marketer
INDYCC01675,24,Male,West,Tier 2,Arts/Humanities,B.Des,72.3,7.53,Passion/Interest,2.9,6.9,7.4,10.0,SQL,Marketing,Government sector,Hometown,UI/UX Designer
INDYCC01676,23,Female,Central,Tier 1,Arts/Humanities,B.A.,75.1,7.04,Salary/Package,2.1,7.5,1.9,6.4,SQL,Business & Finance,Private sector,Hometown,Digital Marketer
INDYCC01677,24,Female,West,Tier 2,Science,B.Pharm,67.8,6.78,Social Media,8.0,7.7,7.0,5.3,JavaScript,Technology,Government sector,Remote/Hybrid,Data Scientist
INDYCC01678,24,Female,North,Tier 2,Commerce,B.Com,97.5,9.36,Parents,5.9,3.9,5.7,6.0,,Government/Public Service,Government sector,Any city in India,Product Manager
INDYCC01679,23,Female,East,Tier 1,Science,B.Pharm,75.5,7.73,Salary/Package,8.1,6.8,6.7,4.8,Java,Government/Public Service,Higher studies,Hometown,Software Engineer
INDYCC01680,23,Female,West,Tier 2,Commerce,BCA,65.9,6.48,Passion/Interest,5.0,3.5,4.4,3.0,Java,Healthcare,Government sector,Remote/Hybrid,Financial Analyst
INDYCC01681,17,Female,South,Tier 3,Science,BCA,68.2,6.71,Passion/Interest,8.1,6.7,8.1,3.5,Python,Business & Finance,Self-employed/Freelance,Hometown,Data Scientist
INDYCC01682,17,Female,West,Tier 1,Science,B.Pharm,78.4,8.17,Friends/Peers,10.0,4.3,6.5,6.8,"Python, SQL",Technology,Startup,Hometown,Data Scientist
INDYCC01683,17,Male,South,Tier 1,Arts/Humanities,BJMC/Media,64.5,6.38,Parents,5.5,5.9,7.0,8.0,JavaScript,Marketing,Higher studies,Metro city,Digital Marketer
INDYCC01684,23,Female,North,Tier 1,Commerce,CA/Professional Course,70.6,7.37,Passion/Interest,4.7,4.2,5.9,1.4,Python,Marketing,Startup,Any city in India,Financial Analyst
INDYCC01685,17,Female,North,Tier 2,Science,BCA,65.2,6.05,Salary/Package,6.3,5.4,5.8,4.8,Python,Marketing,Private sector,Any city in India,UI/UX Designer
INDYCC01686,18,Female,Central,Tier 2,Science,B.Tech/B.E.,77.7,8.13,Parents,7.2,7.5,8.6,4.5,Java,Government/Public Service,Private sector,Metro city,Software Engineer
INDYCC01687,22,Female,South,Tier 2,Science,BCA,46.6,5.0,Social Media,8.2,8.5,5.6,4.5,Java,Healthcare,Private sector,Metro city,Healthcare Professional
INDYCC01688,24,Male,West,Tier 1,Commerce,BBA,83.0,8.43,Salary/Package,6.1,5.3,8.3,8.2,Java,Design & Media,Private sector,Metro city,UI/UX Designer
INDYCC01689,19,Female,North,Tier 2,Science,MBBS/Health Sciences,48.6,5.0,Social Media,6.7,3.3,8.5,5.4,,Technology,Self-employed/Freelance,Metro city,Data Scientist
INDYCC01690,21,Female,North,Tier 1,Science,BCA,66.7,6.99,Social Media,3.4,3.9,3.7,4.8,,Government/Public Service,Government sector,Remote/Hybrid,Software Engineer
INDYCC01691,24,Male,Central,Tier 1,Arts/Humanities,BBA,74.0,7.7,Parents,4.7,8.0,5.5,7.8,Python,Design & Media,Government sector,Metro city,UI/UX Designer
INDYCC01692,19,Male,East,Tier 2,Commerce,BMS,70.0,7.44,Passion/Interest,4.6,4.5,3.9,6.1,SQL,Technology,Higher studies,Remote/Hybrid,Product Manager
INDYCC01693,22,Male,South,Tier 1,Commerce,BCA,74.1,7.37,Parents,5.3,5.5,6.0,4.9,"Python, SQL",Business & Finance,Private sector,Metro city,Financial Analyst
INDYCC01694,23,Female,West,Tier 3,Arts/Humanities,LLB,74.3,7.49,Parents,1.6,6.2,7.1,5.6,,Government/Public Service,Private sector,Metro city,Healthcare Professional
INDYCC01695,24,Female,South,Tier 1,Science,MBBS/Health Sciences,58.3,5.62,Social Media,7.4,6.6,9.5,3.7,"Python, SQL",Healthcare,Private sector,Metro city,Healthcare Professional
INDYCC01696,20,Male,West,Tier 2,Arts/Humanities,B.A.,61.5,5.85,Salary/Package,3.8,6.4,5.3,5.4,Python,Marketing,Higher studies,Remote/Hybrid,UI/UX Designer
INDYCC01697,17,Female,West,Tier 1,Arts/Humanities,BJMC/Media,73.0,7.03,Friends/Peers,6.1,5.7,6.4,7.9,,Government/Public Service,Private sector,Any city in India,Government Officer
INDYCC01698,19,Male,East,Tier 1,Commerce,BBA,76.3,7.17,Parents,5.9,7.5,8.0,8.3,"Python, SQL",Business & Finance,Higher studies,Remote/Hybrid,Financial Analyst
INDYCC01699,20,Male,North,Tier 2,Science,B.Pharm,64.8,6.6,Salary/Package,6.1,6.6,5.7,7.5,Python,Design & Media,Higher studies,Any city in India,Software Engineer
INDYCC01700,19,Male,North,Tier 3,Science,BCA,79.6,8.13,Salary/Package,6.8,4.5,7.0,3.8,"Python, SQL",Design & Media,Higher studies,Hometown,Data Scientist
INDYCC01701,23,Male,South,Tier 3,Science,B.Pharm,58.8,5.85,Parents,7.7,6.3,8.2,3.8,Java,Design & Media,Startup,Hometown,Data Scientist
INDYCC01702,23,Female,North,Tier 3,Science,BCA,62.2,6.22,Parents,7.4,4.9,6.2,2.9,"Python, SQL",Healthcare,Private sector,Hometown,Researcher/Academician
INDYCC01703,24,Female,North,Tier 2,Arts/Humanities,BBA,71.3,7.8,Passion/Interest,2.8,7.9,3.8,7.4,,Business & Finance,Private sector,Any city in India,Digital Marketer
INDYCC01704,19,Male,South,Tier 2,Science,MBBS/Health Sciences,68.5,7.17,Parents,7.4,7.1,7.3,3.5,JavaScript,Design & Media,Startup,Metro city,Software Engineer
INDYCC01705,24,Male,North,Tier 2,Commerce,B.Com,83.8,8.29,Passion/Interest,4.3,7.3,3.2,5.9,SQL,Marketing,Higher studies,Hometown,Product Manager
INDYCC01706,17,Female,South,Tier 3,Commerce,CA/Professional Course,62.3,6.17,,4.1,6.6,4.5,3.8,SQL,Technology,Government sector,Hometown,Data Scientist
INDYCC01707,17,Male,North,Tier 2,Commerce,B.Com,60.1,5.79,Parents,6.6,3.5,6.7,3.5,Java,Technology,Self-employed/Freelance,Remote/Hybrid,Financial Analyst
INDYCC01708,20,Male,West,Tier 1,Commerce,BCA,57.1,5.64,Salary/Package,2.5,7.7,7.1,4.9,Python,Design & Media,Government sector,Any city in India,Government Officer
INDYCC01709,24,Female,East,Tier 3,Commerce,BBA,81.3,8.12,Parents,3.7,6.5,7.0,2.5,SQL,Design & Media,Higher studies,Any city in India,UI/UX Designer
INDYCC01710,18,Male,Central,Tier 1,Science,MBBS/Health Sciences,96.1,9.47,Friends/Peers,8.6,7.8,7.2,5.9,C++,Technology,Government sector,Hometown,Data Scientist
INDYCC01711,24,Male,North,Tier 3,Science,BCA,78.4,7.89,Friends/Peers,5.1,5.9,6.6,10.0,,Technology,Private sector,Metro city,Software Engineer
INDYCC01712,24,Male,North,Tier 3,Arts/Humanities,B.Des,,5.84,Passion/Interest,3.6,7.2,6.6,5.0,,Design & Media,Private sector,Hometown,UI/UX Designer
INDYCC01713,20,Male,West,Tier 1,Arts/Humanities,BBA,47.9,5.34,Passion/Interest,4.1,5.1,5.5,5.3,Python,Healthcare,Self-employed/Freelance,Hometown,Government Officer
INDYCC01714,20,Female,South,Tier 1,Science,B.Tech/B.E.,57.8,5.71,Salary/Package,7.2,10.0,5.1,5.5,,Business & Finance,Private sector,Remote/Hybrid,Software Engineer
INDYCC01715,18,Female,Central,Tier 1,Commerce,BBA,69.1,6.95,Social Media,4.2,5.7,7.3,6.3,Python,Technology,Private sector,Remote/Hybrid,Product Manager
INDYCC01716,18,Female,North,Tier 2,Science,B.Tech/B.E.,,7.55,Parents,6.1,6.3,5.6,7.3,"Python, SQL",Government/Public Service,Higher studies,Metro city,Data Scientist
INDYCC01717,20,Male,West,Tier 1,Science,B.Tech/B.E.,76.4,7.72,Passion/Interest,5.3,7.0,5.6,6.5,,Healthcare,Private sector,Remote/Hybrid,Healthcare Professional
INDYCC01718,21,Male,North,Tier 3,Commerce,B.Com,73.1,7.41,Parents,6.5,6.2,5.2,5.6,Java,Design & Media,Private sector,Metro city,Digital Marketer
INDYCC01719,21,Female,Northeast,Tier 2,Commerce,CA/Professional Course,82.9,8.15,Passion/Interest,3.0,8.6,7.9,7.1,SQL,Design & Media,Government sector,Hometown,Digital Marketer
INDYCC01720,17,Female,West,Tier 2,Arts/Humanities,B.A.,78.6,8.04,Parents,7.1,6.2,2.8,5.6,,Business & Finance,Private sector,Hometown,Financial Analyst
INDYCC01721,24,Male,North,Tier 2,Commerce,CA/Professional Course,66.0,6.51,Passion/Interest,3.3,5.9,6.7,4.2,SQL,Research/Education,Private sector,Any city in India,Product Manager
INDYCC01722,17,Female,South,Tier 3,Science,MBBS/Health Sciences,72.1,,Parents,6.9,5.8,7.9,4.8,SQL,Research/Education,Private sector,Metro city,Researcher/Academician
INDYCC01723,24,Female,East,Tier 3,Science,B.Sc.,94.8,9.58,Social Media,7.4,6.5,8.7,7.8,JavaScript,Business & Finance,Higher studies,Hometown,Financial Analyst
INDYCC01724,21,Male,South,Tier 3,Commerce,CA/Professional Course,66.5,6.74,Social Media,5.4,4.9,5.0,5.6,Java,Marketing,Private sector,Any city in India,Financial Analyst
INDYCC01725,21,Male,South,Tier 3,Arts/Humanities,B.Des,57.9,5.88,Parents,2.7,8.0,7.2,8.1,Python,Marketing,Startup,Hometown,Digital Marketer
INDYCC01726,24,Female,West,Tier 2,Commerce,B.Com,67.5,6.39,Social Media,5.6,6.9,5.6,2.0,Python,Research/Education,Government sector,Hometown,Researcher/Academician
INDYCC01727,17,Male,West,Tier 3,Science,B.Tech/B.E.,,8.57,Friends/Peers,5.6,4.7,7.1,6.8,,Business & Finance,Higher studies,Any city in India,Financial Analyst
INDYCC01728,17,Female,North,Tier 3,Arts/Humanities,B.A.,87.4,8.97,Social Media,4.9,7.5,5.6,8.7,Python,Design & Media,Private sector,Metro city,UI/UX Designer
INDYCC01729,21,Male,North,Tier 2,Science,B.Pharm,68.7,6.64,Friends/Peers,6.9,3.6,9.2,7.0,C++,Healthcare,Government sector,Remote/Hybrid,Healthcare Professional
INDYCC01730,20,Male,South,Tier 2,Arts/Humanities,BJMC/Media,74.2,7.51,Salary/Package,5.1,7.5,4.3,7.0,Java,Technology,Private sector,Hometown,UI/UX Designer
INDYCC01731,21,Male,South,Tier 1,Arts/Humanities,B.Des,85.7,8.44,Social Media,4.8,8.0,4.3,5.6,Python,Technology,Private sector,Remote/Hybrid,Product Manager
INDYCC01732,23,Male,North,Tier 1,Commerce,BBA,98.0,9.8,Parents,2.9,5.0,7.3,3.6,,Technology,Private sector,Remote/Hybrid,Product Manager
INDYCC01733,24,Female,North,Tier 3,Science,MBBS/Health Sciences,59.9,5.79,Salary/Package,7.8,6.7,6.2,7.1,Java,Technology,Private sector,Any city in India,Data Scientist
INDYCC01734,24,Female,South,Tier 1,Commerce,BMS,54.1,5.15,Friends/Peers,4.7,7.1,7.6,4.4,,Government/Public Service,Private sector,Any city in India,Government Officer
INDYCC01735,23,Female,West,Tier 3,Science,B.Sc.,65.4,6.77,Salary/Package,2.9,3.1,6.2,7.6,,Business & Finance,Government sector,Any city in India,Software Engineer
INDYCC01736,17,Male,North,Tier 1,Science,B.Tech/B.E.,81.0,8.38,Salary/Package,4.5,4.6,9.7,9.2,SQL,Design & Media,Private sector,Remote/Hybrid,UI/UX Designer
INDYCC01737,21,Female,Central,Tier 3,Science,B.Sc.,56.4,5.54,Salary/Package,4.8,7.4,7.4,6.1,,Technology,Startup,Metro city,Software Engineer
INDYCC01738,19,Female,Central,Tier 2,Commerce,CA/Professional Course,78.6,7.63,Salary/Package,5.3,5.7,8.3,6.8,JavaScript,Research/Education,Private sector,Metro city,Financial Analyst
INDYCC01739,20,Male,South,Tier 3,Commerce,B.Com,62.5,6.24,Passion/Interest,5.2,5.7,6.6,4.2,JavaScript,Business & Finance,Self-employed/Freelance,Any city in India,Financial Analyst
INDYCC01740,21,Female,South,Tier 3,Arts/Humanities,LLB,78.4,8.3,Social Media,3.5,6.1,6.2,5.9,SQL,Technology,Private sector,Any city in India,Data Scientist
INDYCC01741,19,Female,Central,Tier 3,Commerce,BCA,,6.6,Salary/Package,3.5,5.4,7.1,8.1,Python,Design & Media,Higher studies,Metro city,Digital Marketer
INDYCC01742,22,Male,North,Tier 2,Commerce,BCA,71.6,6.87,Passion/Interest,6.3,7.2,5.5,4.9,JavaScript,Business & Finance,Private sector,Any city in India,Financial Analyst
INDYCC01743,23,Male,East,Tier 3,Commerce,BCA,79.4,7.52,Parents,4.5,6.1,4.7,6.0,SQL,Technology,Startup,Metro city,Data Scientist
INDYCC01744,20,Female,East,Tier 2,Commerce,BCA,60.8,5.89,Passion/Interest,8.2,7.1,8.6,5.7,,Marketing,Private sector,Metro city,Product Manager
INDYCC01745,18,Male,East,Tier 1,Commerce,CA/Professional Course,67.1,6.79,Passion/Interest,8.6,4.7,5.0,8.9,,Marketing,Private sector,Any city in India,Data Scientist
INDYCC01746,17,Female,South,Tier 2,Arts/Humanities,BBA,84.2,8.55,Parents,3.7,8.1,6.4,7.0,Python,Government/Public Service,Higher studies,Metro city,Digital Marketer
INDYCC01747,21,Female,Northeast,Tier 2,Arts/Humanities,BJMC/Media,65.5,6.82,Friends/Peers,3.4,7.0,6.9,7.6,Python,Design & Media,Self-employed/Freelance,Any city in India,UI/UX Designer
INDYCC01748,17,Female,North,Tier 1,Science,MBBS/Health Sciences,83.0,8.12,Friends/Peers,9.6,6.0,7.3,6.2,"Python, SQL",Marketing,Startup,Any city in India,Data Scientist
INDYCC01749,18,Female,South,Tier 2,Commerce,BBA,72.8,6.77,Passion/Interest,7.0,6.5,6.8,3.6,,Technology,Government sector,Remote/Hybrid,Data Scientist
INDYCC01750,18,Male,West,Tier 3,Science,B.Pharm,66.4,6.96,Friends/Peers,4.6,3.8,7.3,5.0,Python,Technology,Private sector,Metro city,Data Scientist
INDYCC01751,24,Female,South,Tier 2,Science,B.Sc.,71.7,7.07,Parents,3.7,6.9,5.1,7.1,SQL,Design & Media,Private sector,Any city in India,Digital Marketer
INDYCC01752,24,Female,North,Tier 2,Commerce,CA/Professional Course,75.0,7.39,Passion/Interest,2.8,5.4,3.9,3.3,,Healthcare,Government sector,Any city in India,Healthcare Professional
INDYCC01753,21,Female,South,Tier 1,Commerce,BBA,73.4,7.29,Parents,2.9,5.9,7.3,5.5,SQL,Marketing,Government sector,Remote/Hybrid,Financial Analyst
INDYCC01754,18,Male,West,Tier 1,Science,B.Pharm,88.0,9.21,Social Media,5.0,5.3,5.9,5.8,"Python, SQL",Design & Media,Startup,Any city in India,UI/UX Designer
INDYCC01755,20,Female,South,Tier 1,Science,B.Sc.,78.5,7.59,Salary/Package,10.0,4.8,5.8,5.5,SQL,Design & Media,Private sector,Remote/Hybrid,Data Scientist
INDYCC01756,22,Female,Northeast,Tier 1,Commerce,BCA,78.2,8.05,Parents,8.2,5.8,8.0,5.1,"Python, SQL",Design & Media,Higher studies,Metro city,Data Scientist
INDYCC01757,24,Female,South,Tier 2,Commerce,BBA,49.4,5.0,Parents,3.8,6.7,6.4,4.7,Python,Business & Finance,Self-employed/Freelance,Remote/Hybrid,Financial Analyst
INDYCC01758,19,Male,South,Tier 2,Arts/Humanities,B.A.,67.8,6.91,Parents,2.7,6.1,6.7,5.8,,Business & Finance,Government sector,Any city in India,Government Officer
INDYCC01759,21,Female,South,Tier 3,Science,MBBS/Health Sciences,74.8,7.6,Social Media,7.4,5.4,5.0,4.1,C++,Technology,Private sector,Any city in India,Software Engineer
INDYCC01760,23,Male,South,Tier 1,Science,B.Tech/B.E.,77.7,,Social Media,7.8,3.5,7.4,4.8,Java,Technology,Private sector,Metro city,Software Engineer
INDYCC01761,21,Male,North,Tier 3,Commerce,CA/Professional Course,91.3,9.35,Friends/Peers,8.2,6.6,6.6,8.7,Java,Government/Public Service,Startup,Remote/Hybrid,Government Officer
INDYCC01762,24,Male,West,Tier 1,Commerce,BBA,75.1,7.59,Parents,3.7,4.5,4.3,8.0,,Government/Public Service,Self-employed/Freelance,Hometown,Government Officer
INDYCC01763,24,Non-binary/Prefer not to say,North,Tier 1,Commerce,BCA,68.4,6.85,Friends/Peers,9.1,8.0,5.9,5.5,Java,Business & Finance,Government sector,Remote/Hybrid,Product Manager
INDYCC01764,23,Female,Central,Tier 2,Commerce,BMS,63.1,6.6,Friends/Peers,3.7,5.3,9.1,6.2,,Technology,Private sector,Any city in India,Product Manager
INDYCC01765,20,Female,North,Tier 2,Commerce,BCA,63.8,6.29,Social Media,3.8,8.9,7.0,7.4,,Research/Education,Government sector,Any city in India,Financial Analyst
INDYCC01766,21,Female,South,Tier 2,Science,BCA,67.4,6.8,Social Media,5.3,2.7,8.0,5.6,JavaScript,Marketing,Private sector,Metro city,Software Engineer
INDYCC01767,17,Male,Central,Tier 2,Science,B.Tech/B.E.,73.9,7.63,Parents,9.1,4.0,7.8,6.1,JavaScript,Healthcare,Government sector,Remote/Hybrid,Healthcare Professional
INDYCC01768,19,Male,North,Tier 3,Science,B.Tech/B.E.,58.6,5.66,Parents,8.0,4.4,6.9,4.4,Python,Design & Media,Private sector,Any city in India,Software Engineer
INDYCC01769,18,Male,South,Tier 2,Science,B.Pharm,85.7,8.28,Parents,6.9,7.6,9.1,5.3,Java,Marketing,Private sector,Metro city,Product Manager
INDYCC01770,18,Female,Northeast,Tier 2,Science,B.Sc.,62.7,6.32,Parents,7.8,6.8,6.8,6.4,C++,Design & Media,Higher studies,Any city in India,Healthcare Professional
INDYCC01771,21,Female,West,Tier 2,Science,B.Sc.,60.8,6.46,Social Media,7.2,6.3,7.3,4.4,JavaScript,Marketing,Higher studies,Any city in India,Data Scientist
INDYCC01772,21,Male,West,Tier 3,Science,BCA,62.9,6.26,Parents,3.7,4.8,7.1,5.2,SQL,Design & Media,Private sector,Remote/Hybrid,UI/UX Designer
INDYCC01773,21,Male,Central,Tier 1,Science,B.Tech/B.E.,71.9,7.32,Passion/Interest,6.2,7.8,6.8,5.4,Java,Technology,Private sector,Any city in India,Data Scientist
INDYCC01774,19,Female,West,Tier 2,Commerce,CA/Professional Course,75.1,7.65,Salary/Package,2.5,3.3,7.3,6.0,Python,Technology,Startup,Hometown,Product Manager
INDYCC01775,18,Male,East,Tier 3,Commerce,B.Com,71.1,7.32,Social Media,6.4,4.3,6.9,5.6,C++,Technology,Private sector,Metro city,Product Manager
INDYCC01776,21,Female,Central,Tier 3,Commerce,BMS,59.8,5.69,Parents,7.8,6.0,9.2,1.2,JavaScript,Business & Finance,Startup,Hometown,Healthcare Professional
INDYCC01777,21,Male,Central,Tier 1,Science,BCA,80.3,7.6,Parents,6.1,4.5,6.4,3.0,JavaScript,Design & Media,Higher studies,Remote/Hybrid,Software Engineer
INDYCC01778,23,Female,South,Tier 2,Science,B.Pharm,59.4,5.82,Parents,8.1,5.6,6.5,4.9,JavaScript,Research/Education,Private sector,Metro city,Software Engineer
INDYCC01779,19,Male,Central,Tier 3,Arts/Humanities,B.A.,67.4,6.6,Social Media,6.6,9.0,7.3,10.0,"Python, SQL",Design & Media,Startup,Remote/Hybrid,UI/UX Designer
INDYCC01780,17,Female,South,Tier 1,Arts/Humanities,B.A.,75.1,7.81,Salary/Package,2.7,8.9,3.7,9.4,Python,Business & Finance,Private sector,Metro city,Product Manager
INDYCC01781,24,Female,South,Tier 2,Arts/Humanities,B.A.,75.5,8.09,Friends/Peers,5.1,7.3,3.9,8.0,Java,Marketing,Government sector,Metro city,Government Officer
INDYCC01782,17,Female,North,Tier 1,Arts/Humanities,BBA,73.8,7.47,Salary/Package,6.2,7.0,5.4,4.3,Java,Technology,Private sector,Any city in India,Software Engineer
INDYCC01783,17,Male,North,Tier 3,Arts/Humanities,BJMC/Media,65.2,6.68,Friends/Peers,3.8,6.3,3.8,10.0,,Research/Education,Private sector,Any city in India,Digital Marketer
INDYCC01784,22,Male,Northeast,Tier 3,Science,B.Sc.,68.5,6.99,Parents,9.3,7.5,6.5,7.3,Python,Business & Finance,Private sector,Hometown,Data Scientist
INDYCC01785,23,Male,West,Tier 2,Science,B.Sc.,51.8,5.25,Passion/Interest,5.8,6.8,9.1,3.8,Python,Technology,Private sector,Any city in India,Software Engineer
INDYCC01786,22,Female,North,Tier 3,Commerce,BMS,85.4,8.32,Parents,2.7,7.2,5.4,6.7,SQL,Government/Public Service,Higher studies,Any city in India,Government Officer
INDYCC01787,21,Male,Central,Tier 3,Science,B.Pharm,67.0,7.04,Passion/Interest,6.6,7.3,4.7,8.7,JavaScript,Healthcare,Higher studies,Metro city,Software Engineer
INDYCC01788,20,Female,South,Tier 3,Arts/Humanities,BBA,87.3,9.01,Passion/Interest,3.9,5.9,6.5,7.0,SQL,Business & Finance,Government sector,Any city in India,Digital Marketer
INDYCC01789,22,Male,East,Tier 1,Science,B.Tech/B.E.,53.9,5.52,Parents,7.6,6.0,8.2,5.1,,Government/Public Service,Government sector,Any city in India,Data Scientist
INDYCC01790,18,Female,Northeast,Tier 1,Science,BCA,60.9,6.34,Friends/Peers,8.3,8.4,6.3,5.4,JavaScript,Design & Media,Government sector,Remote/Hybrid,Software Engineer
INDYCC01791,24,Female,East,Tier 2,Commerce,BBA,74.0,7.42,Salary/Package,3.9,7.6,6.9,6.9,,Healthcare,Private sector,Metro city,Financial Analyst
INDYCC01792,22,Male,West,Tier 2,Commerce,CA/Professional Course,87.5,8.64,Friends/Peers,6.5,5.9,7.0,5.3,C++,Business & Finance,Private sector,Metro city,Financial Analyst
INDYCC01793,22,Male,North,Tier 1,Science,B.Pharm,81.2,7.93,Social Media,4.6,5.3,8.4,6.0,Python,Business & Finance,Government sector,Metro city,Product Manager
INDYCC01794,20,Female,South,Tier 2,Commerce,B.Com,64.9,6.48,,6.7,10.0,7.2,5.4,Java,Technology,Private sector,Remote/Hybrid,Data Scientist
INDYCC01795,23,Male,East,Tier 2,Science,B.Pharm,85.8,8.49,Friends/Peers,1.8,6.7,4.2,6.8,,Healthcare,Private sector,Remote/Hybrid,Healthcare Professional
INDYCC01796,20,Male,South,Tier 1,Science,B.Sc.,78.2,7.88,Social Media,5.6,3.3,8.9,6.7,SQL,Government/Public Service,Private sector,Hometown,Healthcare Professional
INDYCC01797,22,Male,South,Tier 2,Commerce,BBA,74.1,7.1,Salary/Package,5.3,7.2,4.9,5.2,"Python, SQL",Healthcare,Private sector,Any city in India,Financial Analyst
INDYCC01798,19,Female,South,Tier 2,Science,BCA,73.2,7.19,Friends/Peers,2.9,7.1,7.3,4.4,Python,Technology,Private sector,Any city in India,Software Engineer
INDYCC01799,21,Male,South,Tier 1,Science,MBBS/Health Sciences,72.1,7.37,Parents,5.7,3.7,7.0,4.2,JavaScript,Business & Finance,Private sector,Any city in India,Digital Marketer
INDYCC01800,21,Female,East,Tier 1,Science,B.Pharm,83.8,8.35,Passion/Interest,6.5,5.3,9.1,6.7,C++,Healthcare,Government sector,Metro city,Healthcare Professional
INDYCC01801,24,Male,East,Tier 1,Science,BCA,71.7,7.39,Social Media,7.9,7.1,8.3,7.5,"Python, SQL",Marketing,Higher studies,Any city in India,Software Engineer
INDYCC01802,20,Female,North,Tier 3,Arts/Humanities,B.Des,98.0,9.8,Social Media,3.9,6.7,3.3,5.4,,Technology,Government sector,Metro city,UI/UX Designer
INDYCC01803,18,Male,Northeast,Tier 1,Science,BCA,75.8,7.7,Passion/Interest,5.2,6.4,7.1,6.0,JavaScript,Research/Education,Private sector,Metro city,Software Engineer
INDYCC01804,22,Non-binary/Prefer not to say,West,Tier 1,Commerce,BMS,86.4,9.18,Friends/Peers,6.1,6.5,5.1,8.5,SQL,Research/Education,Startup,Remote/Hybrid,Financial Analyst
INDYCC01805,24,Male,North,Tier 3,Science,B.Pharm,77.6,8.0,Parents,5.3,5.4,8.1,2.0,,Technology,Private sector,Metro city,Software Engineer
INDYCC01806,18,Female,West,Tier 3,Arts/Humanities,LLB,83.4,8.61,Passion/Interest,8.2,5.8,4.3,7.8,Java,Technology,Private sector,Remote/Hybrid,UI/UX Designer
INDYCC01807,20,Male,West,Tier 1,Science,B.Pharm,62.4,6.35,Passion/Interest,6.4,7.2,6.9,5.0,JavaScript,Business & Finance,Self-employed/Freelance,Remote/Hybrid,Software Engineer
INDYCC01808,24,Male,West,Tier 1,Science,B.Pharm,50.1,5.37,Salary/Package,5.6,6.9,6.1,8.1,Java,Healthcare,Government sector,Hometown,Data Scientist
INDYCC01809,18,Female,North,Tier 2,Science,B.Sc.,80.0,7.7,Parents,8.9,6.2,5.5,5.6,JavaScript,Healthcare,Higher studies,Metro city,Healthcare Professional
INDYCC01810,22,Female,Northeast,Tier 3,Science,MBBS/Health Sciences,66.1,6.51,Parents,7.1,5.9,8.0,5.1,C++,Technology,Startup,Metro city,Software Engineer
INDYCC01811,24,Male,Central,Tier 1,Commerce,BMS,80.0,7.44,Parents,6.9,7.9,8.4,4.0,C++,Business & Finance,Government sector,Metro city,Product Manager
INDYCC01812,19,Male,North,Tier 3,Science,BCA,71.8,6.96,Passion/Interest,6.8,6.1,7.8,7.5,Java,Technology,Higher studies,Hometown,Data Scientist
INDYCC01813,17,Female,South,Tier 1,Science,B.Sc.,51.5,5.25,Passion/Interest,5.6,5.6,6.0,5.4,"Python, SQL",Research/Education,Startup,Metro city,Researcher/Academician
INDYCC01814,19,Female,East,Tier 1,Arts/Humanities,LLB,64.7,6.75,Parents,5.2,8.8,5.5,8.2,SQL,Business & Finance,Private sector,Any city in India,Digital Marketer
INDYCC01815,23,Male,Central,Tier 1,Science,B.Pharm,60.4,5.85,Friends/Peers,10.0,4.9,6.3,4.5,Python,Business & Finance,Private sector,Metro city,Software Engineer
INDYCC01816,21,Female,East,Tier 2,Science,B.Sc.,60.3,5.9,Salary/Package,4.5,5.1,7.2,6.2,,Design & Media,Private sector,Metro city,Software Engineer
INDYCC01817,21,Male,Central,Tier 2,Arts/Humanities,BJMC/Media,70.2,7.62,Parents,2.3,5.9,5.3,9.5,,Healthcare,Self-employed/Freelance,Any city in India,Digital Marketer
INDYCC01818,24,Male,Northeast,Tier 2,Commerce,CA/Professional Course,84.4,8.36,Parents,4.1,4.4,6.2,4.7,SQL,Healthcare,Private sector,Metro city,Healthcare Professional
INDYCC01819,18,Male,Northeast,Tier 2,Science,B.Sc.,58.2,,Social Media,9.2,6.2,6.5,5.8,JavaScript,Business & Finance,Self-employed/Freelance,Metro city,Data Scientist
INDYCC01820,21,Female,North,Tier 3,Arts/Humanities,BBA,78.9,7.71,Salary/Package,5.3,4.5,4.6,7.1,,Business & Finance,Government sector,Remote/Hybrid,Digital Marketer
INDYCC01821,18,Female,South,Tier 2,Science,B.Pharm,78.6,7.86,Parents,6.2,6.1,5.7,3.4,Java,Technology,Private sector,Hometown,Data Scientist
INDYCC01822,24,Male,South,Tier 2,Arts/Humanities,BBA,61.3,6.5,Friends/Peers,4.6,8.9,7.3,2.6,SQL,Technology,Private sector,Metro city,Data Scientist
INDYCC01823,19,Male,West,Tier 3,Science,MBBS/Health Sciences,67.1,6.96,Friends/Peers,7.6,5.2,7.6,8.1,"Python, SQL",Marketing,Higher studies,Metro city,Data Scientist
INDYCC01824,18,Male,West,Tier 2,Arts/Humanities,BJMC/Media,69.7,7.22,Social Media,3.1,5.3,5.6,6.6,SQL,Marketing,Government sector,Hometown,UI/UX Designer
INDYCC01825,21,Female,South,Tier 1,Science,B.Pharm,68.0,6.81,Salary/Package,9.8,6.9,5.9,2.6,Python,Technology,Higher studies,Metro city,Data Scientist
INDYCC01826,24,Female,Central,Tier 2,Arts/Humanities,B.Des,60.6,6.24,Social Media,2.7,5.3,6.3,9.2,,Business & Finance,Private sector,Metro city,Researcher/Academician
INDYCC01827,17,Male,North,Tier 1,Science,BCA,72.4,7.45,Salary/Package,3.9,6.5,7.1,5.7,SQL,Government/Public Service,Startup,Metro city,UI/UX Designer
INDYCC01828,18,Male,East,Tier 2,Science,BCA,67.7,6.77,Salary/Package,7.2,7.2,8.8,8.7,JavaScript,Technology,Startup,Metro city,Software Engineer
INDYCC01829,22,Male,West,Tier 1,Science,B.Sc.,81.7,7.69,Parents,9.8,4.6,5.7,5.3,Java,Design & Media,Government sector,Metro city,Data Scientist
INDYCC01830,20,Male,West,Tier 2,Commerce,BBA,74.8,7.46,Parents,1.9,7.6,5.8,4.3,SQL,Business & Finance,Private sector,Remote/Hybrid,Financial Analyst
INDYCC01831,18,Female,North,Tier 2,Science,MBBS/Health Sciences,71.6,7.38,Passion/Interest,5.2,6.0,7.2,7.5,SQL,Business & Finance,Higher studies,Any city in India,Software Engineer
INDYCC01832,24,Male,North,Tier 1,Science,B.Sc.,66.7,7.16,Parents,8.1,7.7,7.7,7.7,,Design & Media,Startup,Metro city,Software Engineer
INDYCC01833,22,Male,Northeast,Tier 1,Science,MBBS/Health Sciences,79.8,7.78,Passion/Interest,6.4,6.4,6.2,4.5,Python,Marketing,Higher studies,Metro city,Data Scientist
INDYCC01834,18,Female,West,Tier 3,Science,BCA,55.9,5.76,Parents,4.7,5.1,8.0,4.7,,Research/Education,Startup,Any city in India,Data Scientist
INDYCC01835,21,Female,West,Tier 2,Science,B.Tech/B.E.,82.0,8.29,Social Media,7.1,3.7,8.9,7.5,,Healthcare,Government sector,Metro city,Healthcare Professional
INDYCC01836,22,Male,East,Tier 1,Science,MBBS/Health Sciences,82.4,8.1,Parents,8.9,4.1,9.2,4.4,Java,Healthcare,Startup,Hometown,Healthcare Professional
INDYCC01837,20,Male,East,Tier 1,Science,B.Sc.,84.0,8.61,,4.9,6.8,6.9,5.4,,Government/Public Service,Private sector,Any city in India,Data Scientist
INDYCC01838,21,Male,South,Tier 1,Commerce,BMS,77.2,7.73,Parents,5.1,6.3,10.0,6.2,SQL,Technology,Private sector,Metro city,Product Manager
INDYCC01839,18,Male,North,Tier 3,Science,B.Sc.,71.4,7.34,Social Media,5.7,6.3,9.9,4.8,SQL,Business & Finance,Private sector,Metro city,Researcher/Academician
INDYCC01840,23,Male,West,Tier 1,Arts/Humanities,BJMC/Media,66.6,6.73,Parents,6.3,7.1,5.2,9.9,Python,Technology,Self-employed/Freelance,Hometown,Data Scientist
INDYCC01841,18,Male,North,Tier 2,Science,B.Tech/B.E.,84.6,8.42,Passion/Interest,6.2,5.9,5.9,4.9,JavaScript,Marketing,Higher studies,Metro city,Data Scientist
INDYCC01842,20,Female,Central,Tier 2,Commerce,B.Com,62.3,5.98,Parents,1.7,8.8,7.4,4.6,,Design & Media,Private sector,Hometown,Product Manager
INDYCC01843,20,Female,North,Tier 1,Science,B.Tech/B.E.,85.4,8.58,Parents,4.2,7.7,5.6,4.4,Python,Technology,Startup,Remote/Hybrid,Data Scientist
INDYCC01844,22,Female,West,Tier 3,Arts/Humanities,BJMC/Media,61.2,6.34,Parents,3.4,8.4,8.0,8.6,SQL,Technology,Government sector,Hometown,Software Engineer
INDYCC01845,24,Female,Central,Tier 1,Arts/Humanities,B.A.,71.0,6.91,Social Media,3.5,6.4,6.4,4.8,SQL,Technology,Government sector,Metro city,UI/UX Designer
INDYCC01846,20,Male,South,Tier 3,Commerce,BMS,73.7,6.99,Social Media,4.4,7.5,5.0,5.0,Python,Design & Media,Private sector,Any city in India,Digital Marketer
INDYCC01847,19,Male,North,Tier 1,Science,B.Tech/B.E.,72.8,7.44,Salary/Package,7.4,2.7,5.7,5.6,Python,Healthcare,Private sector,Metro city,Software Engineer
INDYCC01848,20,Male,South,Tier 1,Science,BCA,61.9,6.2,Parents,7.0,9.2,4.1,7.6,"Python, SQL",Research/Education,Private sector,Any city in India,Software Engineer
INDYCC01849,22,Female,Northeast,Tier 1,Arts/Humanities,BJMC/Media,78.8,7.99,Salary/Package,6.2,6.2,5.1,5.9,Python,Healthcare,Startup,Remote/Hybrid,Healthcare Professional
INDYCC01850,23,Male,West,Tier 3,Science,B.Tech/B.E.,76.2,8.44,Friends/Peers,5.4,6.3,7.7,6.1,Java,Business & Finance,Government sector,Metro city,Data Scientist
INDYCC01851,22,Male,Central,Tier 1,Arts/Humanities,BBA,81.0,7.64,Parents,3.2,5.7,6.6,6.8,SQL,Business & Finance,Private sector,Metro city,Financial Analyst
INDYCC01852,23,Male,North,Tier 2,Commerce,CA/Professional Course,70.3,6.99,Parents,6.1,7.1,5.7,4.1,SQL,Technology,Private sector,Hometown,Product Manager
INDYCC01853,19,Female,East,Tier 2,Commerce,BBA,50.2,5.0,Parents,1.8,5.1,6.8,5.0,,Design & Media,Higher studies,Remote/Hybrid,Product Manager
INDYCC01854,18,Male,East,Tier 2,Commerce,B.Com,79.5,8.2,Parents,6.3,4.3,5.9,6.2,SQL,Technology,Private sector,Any city in India,Product Manager
INDYCC01855,19,Male,Northeast,Tier 2,Arts/Humanities,B.Des,77.1,7.5,Salary/Package,1.0,7.0,4.4,8.3,Python,Government/Public Service,Startup,Metro city,Digital Marketer
INDYCC01856,20,Female,West,Tier 2,Science,B.Sc.,64.3,6.52,Passion/Interest,8.6,5.7,7.2,7.3,,Technology,Private sector,Metro city,Software Engineer
INDYCC01857,17,Female,East,Tier 3,Commerce,BCA,67.8,6.99,Salary/Package,5.9,6.7,8.7,5.6,,Design & Media,Self-employed/Freelance,Hometown,UI/UX Designer
INDYCC01858,19,Female,West,Tier 3,Arts/Humanities,B.Des,81.3,8.22,Parents,5.3,5.0,4.4,7.7,Python,Healthcare,Private sector,Remote/Hybrid,UI/UX Designer
INDYCC01859,19,Female,North,Tier 2,Commerce,B.Com,72.6,7.8,Friends/Peers,6.3,4.3,6.6,5.9,JavaScript,Technology,Startup,Hometown,Software Engineer
INDYCC01860,24,Male,East,Tier 2,Science,BCA,78.7,8.08,Parents,4.0,7.2,6.8,6.0,,Healthcare,Self-employed/Freelance,Hometown,Healthcare Professional
INDYCC01861,18,Female,South,Tier 2,Commerce,BCA,79.2,7.42,Passion/Interest,7.1,4.1,4.9,6.8,JavaScript,Marketing,Startup,Metro city,Digital Marketer
INDYCC01862,22,Female,West,Tier 3,Commerce,BCA,87.0,9.16,Friends/Peers,7.0,8.1,7.6,4.6,Python,Government/Public Service,Higher studies,Hometown,Government Officer
INDYCC01863,22,Male,North,Tier 2,Science,B.Sc.,49.3,5.0,Friends/Peers,6.4,6.4,6.5,6.5,"Python, SQL",Technology,Private sector,Hometown,Software Engineer
INDYCC01864,22,Male,North,Tier 3,Science,MBBS/Health Sciences,66.2,6.47,Salary/Package,8.4,6.0,7.4,6.6,Python,Healthcare,Self-employed/Freelance,Any city in India,Healthcare Professional
INDYCC01865,21,Female,North,Tier 3,Arts/Humanities,B.A.,67.9,6.86,Salary/Package,1.0,5.6,7.7,5.3,Python,Design & Media,Private sector,Metro city,UI/UX Designer
INDYCC01866,23,Male,North,Tier 2,Arts/Humanities,BBA,84.0,8.11,Salary/Package,3.8,7.4,6.2,7.3,Python,Design & Media,Government sector,Any city in India,Digital Marketer
INDYCC01867,23,Male,South,Tier 2,Commerce,BBA,78.1,7.99,Parents,7.7,7.0,8.6,5.1,,Technology,Government sector,Hometown,Software Engineer
INDYCC01868,22,Female,North,Tier 3,Science,B.Sc.,66.3,7.3,Parents,4.0,6.2,6.3,1.2,SQL,Technology,Higher studies,Any city in India,Data Scientist
INDYCC01869,17,Male,Central,Tier 3,Science,B.Tech/B.E.,89.0,9.03,Parents,8.6,5.9,8.7,4.8,JavaScript,Design & Media,Government sector,Metro city,Software Engineer
INDYCC01870,21,Female,West,Tier 1,Science,B.Pharm,61.0,6.11,Friends/Peers,7.1,6.3,8.5,5.3,JavaScript,Business & Finance,Self-employed/Freelance,Metro city,Financial Analyst
INDYCC01871,23,Female,West,Tier 1,Commerce,BCA,84.2,8.45,Salary/Package,7.9,7.2,5.2,5.0,,Technology,Private sector,Metro city,Software Engineer
INDYCC01872,17,Male,North,Tier 3,Commerce,BMS,66.2,6.85,Social Media,4.4,4.7,6.5,6.4,SQL,Technology,Government sector,Metro city,Product Manager
INDYCC01873,24,Female,Northeast,Tier 3,Arts/Humanities,BBA,65.2,6.72,Parents,6.5,5.5,7.7,7.0,Python,Healthcare,Private sector,Any city in India,UI/UX Designer
INDYCC01874,18,Male,West,Tier 3,Science,MBBS/Health Sciences,60.5,6.11,Parents,6.7,6.2,5.7,7.0,Python,Healthcare,Private sector,Any city in India,Healthcare Professional
INDYCC01875,21,Male,West,Tier 3,Arts/Humanities,B.Des,47.8,5.0,Parents,2.5,5.9,6.7,7.5,SQL,Government/Public Service,Government sector,Hometown,Government Officer
INDYCC01876,22,Female,North,Tier 2,Science,B.Sc.,59.9,6.22,Parents,6.7,6.7,6.0,6.8,,Technology,Government sector,Hometown,Software Engineer
INDYCC01877,21,Male,Northeast,Tier 1,Science,B.Sc.,58.9,5.82,Passion/Interest,4.4,8.4,6.4,7.9,SQL,Government/Public Service,Government sector,Remote/Hybrid,Government Officer
INDYCC01878,23,Male,West,Tier 1,Commerce,BBA,77.0,7.77,Salary/Package,4.9,6.7,7.7,6.6,,Technology,Self-employed/Freelance,Hometown,Product Manager
INDYCC01879,20,Female,East,Tier 2,Science,BCA,72.8,7.62,Social Media,7.7,5.4,8.3,3.5,Java,Technology,Higher studies,Remote/Hybrid,Software Engineer
INDYCC01880,22,Female,North,Tier 1,Arts/Humanities,B.A.,54.6,6.11,Parents,3.0,9.0,7.9,9.5,,Business & Finance,Higher studies,Metro city,Digital Marketer
INDYCC01881,20,Male,South,Tier 1,Commerce,BCA,81.0,8.04,Parents,3.7,3.4,8.3,1.7,Python,Design & Media,Higher studies,Hometown,UI/UX Designer
INDYCC01882,20,Male,South,Tier 1,Science,B.Sc.,74.2,7.21,Salary/Package,7.6,7.0,5.5,2.9,SQL,Government/Public Service,Private sector,Remote/Hybrid,Government Officer
INDYCC01883,18,Male,South,Tier 2,Commerce,BCA,65.2,6.92,Salary/Package,2.5,5.5,8.1,5.2,Python,Government/Public Service,Government sector,Metro city,Government Officer
INDYCC01884,18,Female,South,Tier 3,Commerce,BMS,70.9,6.76,Social Media,3.5,4.6,7.4,3.9,SQL,Business & Finance,Startup,Metro city,Financial Analyst
INDYCC01885,18,Male,West,Tier 1,Arts/Humanities,LLB,78.0,8.22,Friends/Peers,1.5,8.7,2.0,6.7,,Design & Media,Higher studies,Hometown,UI/UX Designer
INDYCC01886,17,Male,East,Tier 1,Science,BCA,68.6,6.9,Social Media,9.0,8.0,7.2,6.7,Java,Business & Finance,Higher studies,Any city in India,Financial Analyst
INDYCC01887,22,Male,South,Tier 2,Science,BCA,64.0,6.78,Passion/Interest,8.8,6.8,8.0,7.5,JavaScript,Marketing,Private sector,Any city in India,Software Engineer
INDYCC01888,23,Male,South,Tier 1,Commerce,BMS,74.3,7.07,Parents,6.1,6.0,5.3,5.4,Python,Technology,Private sector,Metro city,Product Manager
INDYCC01889,18,Male,North,Tier 2,Science,B.Tech/B.E.,69.5,6.89,Passion/Interest,7.8,6.0,6.7,5.3,C++,Business & Finance,Private sector,Metro city,Data Scientist
INDYCC01890,23,Male,Central,Tier 2,Science,B.Sc.,76.0,8.05,Social Media,6.7,4.2,8.8,6.9,C++,Marketing,Government sector,Any city in India,Software Engineer
INDYCC01891,18,Male,Central,Tier 2,Science,BCA,74.9,7.39,Friends/Peers,9.7,6.5,8.0,5.1,C++,Healthcare,Private sector,Metro city,Healthcare Professional
INDYCC01892,21,Male,Central,Tier 2,Arts/Humanities,LLB,73.4,7.34,Parents,1.5,6.8,3.4,5.7,Python,Government/Public Service,Private sector,Remote/Hybrid,Government Officer
INDYCC01893,23,Female,West,Tier 2,Commerce,B.Com,63.3,6.08,Parents,6.5,6.4,6.4,8.6,Java,Technology,Higher studies,Any city in India,Financial Analyst
INDYCC01894,17,Male,North,Tier 1,Science,B.Tech/B.E.,83.7,8.04,Parents,6.4,2.7,5.3,2.9,JavaScript,Research/Education,Private sector,Hometown,Researcher/Academician
INDYCC01895,20,Male,South,Tier 2,Science,B.Tech/B.E.,73.3,7.02,Friends/Peers,9.2,5.2,6.3,4.8,,Technology,Government sector,Metro city,Software Engineer
INDYCC01896,21,Male,South,Tier 1,Commerce,B.Com,76.0,7.67,Parents,4.7,9.5,5.9,5.2,SQL,Technology,Private sector,Metro city,Product Manager
INDYCC01897,18,Female,Northeast,Tier 2,Commerce,CA/Professional Course,72.0,7.04,Friends/Peers,4.2,6.2,6.5,5.4,SQL,Healthcare,Private sector,Metro city,Healthcare Professional
INDYCC01898,18,Female,East,Tier 3,Science,B.Tech/B.E.,90.0,9.13,Social Media,6.8,6.1,9.0,8.8,Java,Healthcare,Self-employed/Freelance,Metro city,Healthcare Professional
INDYCC01899,23,Male,North,Tier 3,Science,B.Tech/B.E.,45.0,5.0,Parents,10.0,7.0,4.6,5.1,Python,Research/Education,Self-employed/Freelance,Metro city,Software Engineer
INDYCC01900,17,Male,North,Tier 1,Science,B.Tech/B.E.,64.8,6.81,Friends/Peers,5.6,7.5,7.0,4.1,Python,Government/Public Service,Higher studies,Any city in India,Government Officer
INDYCC01901,20,Female,East,Tier 2,Science,B.Pharm,68.5,6.73,Parents,6.9,5.0,5.8,7.3,JavaScript,Government/Public Service,Private sector,Any city in India,Government Officer
INDYCC01902,19,Female,South,Tier 2,Science,B.Sc.,66.9,6.78,Friends/Peers,4.1,4.0,8.1,2.0,SQL,Technology,Private sector,Remote/Hybrid,Software Engineer
INDYCC01903,22,Male,Central,Tier 1,Science,B.Tech/B.E.,55.3,5.33,Friends/Peers,1.1,6.1,5.5,2.6,,Government/Public Service,Private sector,Any city in India,Healthcare Professional
INDYCC01904,17,Male,South,Tier 2,Commerce,BMS,83.0,8.27,Social Media,3.7,8.1,7.6,4.8,Python,Healthcare,Higher studies,Any city in India,Healthcare Professional
INDYCC01905,20,Male,South,Tier 3,Commerce,BMS,76.2,7.55,Social Media,5.5,6.5,8.5,5.6,Java,Government/Public Service,Higher studies,Metro city,Government Officer
INDYCC01906,23,Male,West,Tier 1,Science,B.Sc.,74.1,7.63,Friends/Peers,5.5,4.6,6.5,7.0,Java,Design & Media,Government sector,Hometown,UI/UX Designer
INDYCC01907,19,Female,South,Tier 2,Science,B.Pharm,94.6,9.51,Friends/Peers,6.5,7.0,8.0,7.2,JavaScript,Healthcare,Private sector,Remote/Hybrid,Healthcare Professional
INDYCC01908,17,Female,West,Tier 2,Commerce,BBA,73.1,7.55,Friends/Peers,1.0,9.7,5.6,5.0,,Research/Education,Government sector,Hometown,Product Manager
INDYCC01909,21,Female,South,Tier 2,Commerce,BCA,70.9,7.45,Parents,4.3,4.5,5.3,4.4,SQL,Research/Education,Government sector,Any city in India,Product Manager
INDYCC01910,19,Male,Central,Tier 2,Commerce,BMS,58.5,5.89,Social Media,2.9,3.6,4.3,7.4,,Healthcare,Startup,Remote/Hybrid,Product Manager
INDYCC01911,20,Male,West,Tier 1,Science,BCA,73.2,7.57,Passion/Interest,8.6,7.3,6.9,7.6,JavaScript,Research/Education,Higher studies,Metro city,Software Engineer
INDYCC01912,18,Male,South,Tier 3,Science,B.Tech/B.E.,60.7,6.31,Parents,5.3,8.7,7.5,8.7,C++,Design & Media,Higher studies,Remote/Hybrid,UI/UX Designer
INDYCC01913,20,Non-binary/Prefer not to say,South,Tier 3,Commerce,BMS,77.1,7.65,Social Media,5.2,7.1,5.8,5.0,JavaScript,Business & Finance,Private sector,Remote/Hybrid,Financial Analyst
INDYCC01914,23,Male,Central,Tier 2,Science,MBBS/Health Sciences,67.8,7.42,Passion/Interest,9.0,7.1,8.0,5.0,Java,Marketing,Private sector,Metro city,Data Scientist
INDYCC01915,21,Male,West,Tier 1,Science,B.Sc.,80.7,8.27,Friends/Peers,6.5,4.3,9.2,7.0,SQL,Government/Public Service,Startup,Remote/Hybrid,Software Engineer
INDYCC01916,18,Male,Central,Tier 2,Science,B.Tech/B.E.,79.1,8.07,Parents,4.7,4.8,8.6,5.3,,Marketing,Government sector,Remote/Hybrid,Data Scientist
INDYCC01917,22,Male,South,Tier 1,Science,BCA,83.7,8.35,Salary/Package,10.0,5.1,8.4,4.0,,Government/Public Service,Government sector,Any city in India,Government Officer
INDYCC01918,18,Male,West,Tier 2,Arts/Humanities,BBA,80.5,7.91,Passion/Interest,1.0,8.4,6.1,3.7,Python,Healthcare,Private sector,Any city in India,Healthcare Professional
INDYCC01919,17,Female,West,Tier 2,Science,BCA,92.0,8.89,Social Media,6.5,7.2,8.7,7.3,"Python, SQL",Government/Public Service,Private sector,Remote/Hybrid,Government Officer
INDYCC01920,23,Female,Central,Tier 1,Arts/Humanities,B.A.,75.5,7.6,Parents,5.9,6.0,5.1,7.9,JavaScript,Business & Finance,Private sector,Any city in India,Digital Marketer
INDYCC01921,20,Male,North,Tier 2,Commerce,CA/Professional Course,81.5,7.99,Passion/Interest,2.5,5.7,3.8,4.4,SQL,Business & Finance,Startup,Hometown,Financial Analyst
INDYCC01922,23,Male,Northeast,Tier 2,Science,B.Pharm,78.3,7.64,Parents,6.4,5.0,7.8,5.5,SQL,Research/Education,Private sector,Any city in India,Data Scientist
INDYCC01923,17,Female,East,Tier 1,Science,B.Sc.,77.1,7.46,Parents,7.0,5.8,9.3,5.8,Java,Marketing,Government sector,Metro city,Software Engineer
INDYCC01924,18,Female,North,Tier 2,Commerce,B.Com,84.2,8.71,Parents,6.0,5.2,7.8,7.6,JavaScript,Business & Finance,Startup,Hometown,Product Manager
INDYCC01925,20,Female,East,Tier 2,Commerce,BBA,71.8,7.66,Social Media,3.3,7.2,7.5,6.3,SQL,Design & Media,Higher studies,Any city in India,Financial Analyst
INDYCC01926,24,Female,Northeast,Tier 2,Science,MBBS/Health Sciences,76.7,7.5,Passion/Interest,7.9,4.8,6.5,6.5,JavaScript,Design & Media,Private sector,Any city in India,UI/UX Designer
INDYCC01927,23,Male,South,Tier 1,Arts/Humanities,BBA,71.6,6.44,Parents,1.0,8.7,6.0,8.0,,Business & Finance,Private sector,Hometown,Digital Marketer
INDYCC01928,19,Female,West,Tier 1,Commerce,B.Com,45.0,5.0,Social Media,4.0,5.8,6.1,7.5,SQL,Government/Public Service,Government sector,Hometown,Government Officer
INDYCC01929,22,Male,Northeast,Tier 2,Science,MBBS/Health Sciences,76.6,7.37,Parents,6.8,4.7,6.7,7.7,C++,Design & Media,Private sector,Any city in India,UI/UX Designer
INDYCC01930,20,Female,North,Tier 2,Science,BCA,58.4,6.08,Parents,8.0,6.3,6.3,5.8,SQL,Research/Education,Startup,Remote/Hybrid,Software Engineer
INDYCC01931,17,Female,East,Tier 1,Science,B.Pharm,79.8,7.95,Passion/Interest,5.5,6.2,6.0,3.4,,Technology,Self-employed/Freelance,Any city in India,Data Scientist
INDYCC01932,23,Male,North,Tier 3,Science,B.Sc.,74.8,7.47,Friends/Peers,8.6,4.0,9.4,6.9,"Python, SQL",Technology,Private sector,Hometown,Data Scientist
INDYCC01933,22,Male,West,Tier 1,Science,MBBS/Health Sciences,76.1,7.71,Parents,4.1,5.2,6.0,8.2,Python,Marketing,Government sector,Any city in India,Healthcare Professional
INDYCC01934,22,Female,West,Tier 3,Arts/Humanities,B.Des,66.8,6.6,Salary/Package,5.5,10.0,5.7,9.5,,Design & Media,Private sector,Metro city,UI/UX Designer
INDYCC01935,24,Male,North,Tier 1,Science,B.Tech/B.E.,87.8,8.86,Parents,4.4,5.7,9.0,3.0,Python,Government/Public Service,Startup,Hometown,Government Officer
INDYCC01936,23,Female,West,Tier 2,Arts/Humanities,B.A.,72.7,6.92,Parents,5.4,7.7,6.6,6.2,Java,Business & Finance,Government sector,Metro city,Government Officer
INDYCC01937,21,Female,Northeast,Tier 2,Arts/Humanities,B.A.,70.8,7.38,Salary/Package,4.4,7.8,8.2,8.6,SQL,Healthcare,Startup,Remote/Hybrid,Digital Marketer
INDYCC01938,21,Female,North,Tier 2,Commerce,BMS,59.0,5.93,Friends/Peers,3.6,6.4,6.5,1.8,SQL,Marketing,Private sector,Remote/Hybrid,Product Manager
INDYCC01939,22,Female,North,Tier 1,Arts/Humanities,B.A.,64.7,6.29,Passion/Interest,2.5,6.6,4.2,9.8,Python,Research/Education,Higher studies,Any city in India,Digital Marketer
INDYCC01940,18,Non-binary/Prefer not to say,North,Tier 2,Arts/Humanities,LLB,93.8,9.8,Friends/Peers,3.6,7.7,4.8,7.2,Python,Business & Finance,Higher studies,Hometown,UI/UX Designer
INDYCC01941,20,Male,South,Tier 3,Science,B.Pharm,83.1,8.57,Passion/Interest,6.7,5.4,5.9,7.1,JavaScript,Government/Public Service,Private sector,Any city in India,Data Scientist
INDYCC01942,22,Female,North,Tier 1,Science,BCA,77.2,7.89,Parents,5.9,6.9,9.3,5.5,,Business & Finance,Private sector,Metro city,Data Scientist
INDYCC01943,19,Female,North,Tier 1,Arts/Humanities,B.A.,77.5,7.85,Friends/Peers,4.1,4.8,5.5,6.7,,Business & Finance,Private sector,Metro city,Financial Analyst
INDYCC01944,23,Male,South,Tier 3,Science,B.Pharm,63.2,6.84,Passion/Interest,8.2,7.4,9.3,10.0,JavaScript,Technology,Startup,Any city in India,Software Engineer
INDYCC01945,17,Female,West,Tier 3,Science,BCA,71.0,7.12,Social Media,2.6,5.8,4.9,7.3,,Design & Media,Private sector,Metro city,UI/UX Designer
INDYCC01946,23,Female,South,Tier 2,Arts/Humanities,B.A.,93.6,9.31,Salary/Package,2.8,5.4,4.7,7.1,,Research/Education,Self-employed/Freelance,Hometown,UI/UX Designer
INDYCC01947,21,Female,North,Tier 2,Arts/Humanities,LLB,94.4,9.52,Passion/Interest,4.2,7.7,5.3,5.7,SQL,Design & Media,Government sector,Metro city,UI/UX Designer
INDYCC01948,20,Male,Northeast,Tier 2,Science,B.Sc.,60.8,6.42,Parents,7.1,8.4,5.8,4.3,Python,Technology,Government sector,Metro city,Software Engineer
INDYCC01949,24,Female,North,Tier 2,Science,BCA,76.1,7.19,Parents,5.5,7.3,7.2,5.2,Java,Marketing,Government sector,Remote/Hybrid,Digital Marketer
INDYCC01950,23,Female,East,Tier 1,Commerce,BCA,56.7,5.27,Passion/Interest,4.2,7.4,6.9,6.5,,Marketing,Private sector,Hometown,Product Manager
INDYCC01951,21,Female,East,Tier 1,Commerce,CA/Professional Course,61.7,5.97,Friends/Peers,6.7,4.4,6.6,5.7,"Python, SQL",Technology,Startup,Metro city,Software Engineer
INDYCC01952,19,Male,South,Tier 2,Science,B.Tech/B.E.,81.2,8.2,Passion/Interest,7.6,3.1,7.6,6.5,Python,Design & Media,Government sector,Hometown,Software Engineer
INDYCC01953,18,Male,North,Tier 3,Commerce,B.Com,78.3,8.06,Parents,6.2,7.0,5.4,5.2,C++,Technology,Private sector,Hometown,Product Manager
INDYCC01954,18,Male,North,Tier 2,Arts/Humanities,LLB,67.7,7.08,Parents,8.1,5.1,1.6,9.8,Python,Marketing,Startup,Metro city,Digital Marketer
INDYCC01955,20,Female,South,Tier 1,Commerce,B.Com,76.3,7.51,Parents,1.4,8.1,6.2,4.2,SQL,Marketing,Higher studies,Metro city,Financial Analyst
INDYCC01956,21,Male,Northeast,Tier 2,Commerce,BMS,94.1,9.75,Social Media,1.8,7.2,8.5,6.1,,Business & Finance,Higher studies,Remote/Hybrid,Financial Analyst
INDYCC01957,20,Female,East,Tier 1,Science,MBBS/Health Sciences,71.0,7.39,Friends/Peers,6.7,6.2,7.9,4.3,JavaScript,Government/Public Service,Startup,Remote/Hybrid,Government Officer
INDYCC01958,21,Male,West,Tier 1,Commerce,BMS,83.7,8.06,Parents,5.5,5.0,8.9,6.7,JavaScript,Business & Finance,Self-employed/Freelance,Hometown,Product Manager
INDYCC01959,18,Female,West,Tier 1,Commerce,B.Com,98.0,9.66,Parents,4.1,4.9,5.9,7.6,SQL,Government/Public Service,Private sector,Remote/Hybrid,Government Officer
INDYCC01960,24,Male,West,Tier 1,Commerce,BBA,65.1,6.28,Friends/Peers,5.5,6.3,6.1,4.8,Java,Research/Education,Startup,Hometown,Researcher/Academician
INDYCC01961,21,Male,West,Tier 3,Science,BCA,62.1,6.12,Passion/Interest,6.3,5.6,7.9,6.5,Python,Technology,Private sector,Remote/Hybrid,Software Engineer
INDYCC01962,18,Male,West,Tier 1,Commerce,BCA,72.1,7.43,Salary/Package,4.6,4.7,9.7,6.7,,Research/Education,Self-employed/Freelance,Metro city,Financial Analyst
INDYCC01963,20,Male,North,Tier 3,Arts/Humanities,BJMC/Media,67.5,6.76,Social Media,2.4,4.6,6.7,8.0,Python,Design & Media,Government sector,Remote/Hybrid,UI/UX Designer
INDYCC01964,17,Female,West,Tier 3,Science,B.Pharm,58.7,5.55,Salary/Package,5.1,8.2,8.0,4.3,SQL,Healthcare,Private sector,Metro city,Data Scientist
INDYCC01965,24,Male,North,Tier 1,Science,B.Tech/B.E.,66.6,6.89,Parents,9.4,3.6,6.9,1.8,JavaScript,Healthcare,Private sector,Metro city,Healthcare Professional
INDYCC01966,18,Female,North,Tier 2,Arts/Humanities,BJMC/Media,87.4,8.64,Passion/Interest,3.2,8.2,4.2,10.0,SQL,Research/Education,Higher studies,Remote/Hybrid,Digital Marketer
INDYCC01967,21,Female,North,Tier 2,Arts/Humanities,BJMC/Media,59.7,5.65,Social Media,5.4,6.7,6.5,7.8,Python,Technology,Self-employed/Freelance,Any city in India,Digital Marketer
INDYCC01968,24,Male,North,Tier 2,Arts/Humanities,LLB,73.5,7.53,Parents,2.4,4.9,6.4,6.8,,Technology,Government sector,Any city in India,Data Scientist
INDYCC01969,23,Female,Northeast,Tier 3,Science,MBBS/Health Sciences,67.3,6.63,Friends/Peers,8.9,4.2,7.8,4.8,C++,Research/Education,Private sector,Hometown,Data Scientist
INDYCC01970,19,Female,North,Tier 1,Commerce,BCA,69.6,7.21,Friends/Peers,3.4,4.7,5.6,4.9,,Research/Education,Private sector,Hometown,Financial Analyst
INDYCC01971,21,Male,South,Tier 3,Commerce,CA/Professional Course,84.0,8.16,Parents,6.3,8.4,4.8,3.9,Java,Research/Education,Self-employed/Freelance,Any city in India,Researcher/Academician
INDYCC01972,17,Female,West,Tier 1,Science,B.Tech/B.E.,78.4,7.89,Salary/Package,7.9,5.3,7.2,7.7,SQL,Government/Public Service,Private sector,Remote/Hybrid,Product Manager
INDYCC01973,24,Male,North,Tier 2,Science,B.Tech/B.E.,81.4,8.44,Social Media,5.7,6.5,8.0,9.1,SQL,Business & Finance,Private sector,Remote/Hybrid,Product Manager
INDYCC01974,23,Female,North,Tier 2,Commerce,CA/Professional Course,78.1,8.26,Parents,2.9,6.0,6.4,5.0,Python,Technology,Private sector,Metro city,Product Manager
INDYCC01975,19,Female,North,Tier 2,Commerce,CA/Professional Course,58.2,6.0,Social Media,5.2,4.0,7.3,4.1,"Python, SQL",Research/Education,Startup,Metro city,Financial Analyst
INDYCC01976,21,Male,West,Tier 2,Science,BCA,57.1,5.4,Salary/Package,5.5,5.9,7.4,3.5,C++,Technology,Higher studies,Any city in India,Software Engineer
INDYCC01977,20,Male,East,Tier 3,Science,MBBS/Health Sciences,76.6,7.55,Passion/Interest,6.9,8.2,8.7,4.6,Java,Marketing,Private sector,Remote/Hybrid,Data Scientist
INDYCC01978,22,Female,East,Tier 3,Commerce,BCA,70.7,6.74,Friends/Peers,6.1,5.3,5.2,6.0,Java,Government/Public Service,Private sector,Any city in India,Government Officer
INDYCC01979,19,Male,West,Tier 3,Commerce,B.Com,64.0,6.52,Friends/Peers,6.8,6.7,7.3,8.1,SQL,Healthcare,Private sector,Any city in India,Healthcare Professional
INDYCC01980,19,Female,East,Tier 3,Science,B.Sc.,74.9,7.1,Passion/Interest,7.2,5.9,3.5,6.7,Java,Marketing,Startup,Hometown,Software Engineer
INDYCC01981,21,Male,West,Tier 3,Arts/Humanities,LLB,80.4,7.84,Parents,3.7,8.2,2.6,7.3,,Healthcare,Higher studies,Any city in India,Digital Marketer
INDYCC01982,19,Male,West,Tier 3,Arts/Humanities,B.Des,68.7,6.84,Friends/Peers,4.9,8.0,6.9,8.3,Python,Business & Finance,Government sector,Metro city,Digital Marketer
INDYCC01983,18,Male,West,Tier 1,Science,MBBS/Health Sciences,77.9,8.17,Social Media,9.1,6.8,5.5,5.1,,Business & Finance,Private sector,Metro city,Data Scientist
INDYCC01984,24,Male,South,Tier 2,Science,B.Pharm,68.0,6.74,Passion/Interest,6.3,5.5,7.9,5.6,"Python, SQL",Government/Public Service,Government sector,Metro city,Software Engineer
INDYCC01985,21,Male,Northeast,Tier 2,Commerce,B.Com,53.4,5.48,Salary/Package,4.6,7.9,5.5,6.1,SQL,Business & Finance,Government sector,Remote/Hybrid,Financial Analyst
INDYCC01986,18,Female,East,Tier 3,Science,BCA,75.5,7.73,Friends/Peers,3.2,6.5,4.5,6.6,,Design & Media,Private sector,Metro city,UI/UX Designer
INDYCC01987,17,Female,North,Tier 1,Commerce,B.Com,74.5,7.67,Passion/Interest,7.5,5.7,8.5,6.0,"Python, SQL",Government/Public Service,Private sector,Hometown,Government Officer
INDYCC01988,18,Male,East,Tier 1,Commerce,BCA,71.1,7.16,Parents,4.3,5.7,8.2,6.4,SQL,Design & Media,Higher studies,Any city in India,Product Manager
INDYCC01989,23,Female,East,Tier 2,Commerce,CA/Professional Course,86.4,8.73,Social Media,1.1,1.6,6.1,5.8,SQL,Research/Education,Higher studies,Hometown,Researcher/Academician
INDYCC01990,21,Male,South,Tier 1,Arts/Humanities,BBA,75.3,7.68,Social Media,7.8,8.0,7.2,6.9,SQL,Technology,Government sector,Remote/Hybrid,Data Scientist
INDYCC01991,20,Male,North,Tier 1,Arts/Humanities,BBA,90.8,9.02,Passion/Interest,4.6,5.3,4.7,7.0,SQL,Technology,Higher studies,Any city in India,UI/UX Designer
INDYCC01992,24,Male,West,Tier 3,Commerce,BBA,59.4,6.36,Parents,5.8,4.9,6.7,5.9,,Technology,Private sector,Remote/Hybrid,Researcher/Academician
INDYCC01993,18,Male,North,Tier 1,Arts/Humanities,B.A.,60.4,6.16,Salary/Package,6.7,9.0,3.2,7.3,Java,Design & Media,Private sector,Metro city,Digital Marketer
INDYCC01994,18,Male,South,Tier 2,Science,B.Tech/B.E.,64.1,6.02,Salary/Package,4.3,5.1,6.5,8.2,Python,Business & Finance,Startup,Metro city,Financial Analyst
INDYCC01995,17,Male,Northeast,Tier 1,Science,B.Tech/B.E.,58.1,6.04,Parents,6.7,4.4,6.6,5.7,Python,Business & Finance,Higher studies,Hometown,Software Engineer
INDYCC01996,24,Male,Central,Tier 2,Arts/Humanities,BJMC/Media,64.2,6.73,Parents,1.4,7.0,4.3,8.4,SQL,Marketing,Government sector,Metro city,UI/UX Designer
INDYCC01997,17,Male,South,Tier 2,Science,MBBS/Health Sciences,78.4,7.42,Social Media,6.9,5.9,5.6,3.0,SQL,Marketing,Private sector,Remote/Hybrid,Researcher/Academician
INDYCC01998,21,Male,East,Tier 1,Commerce,BCA,87.5,8.89,Passion/Interest,8.6,4.7,6.3,5.8,Python,Design & Media,Private sector,Metro city,Financial Analyst
INDYCC01999,24,Male,Central,Tier 2,Commerce,BMS,66.4,6.42,Salary/Package,6.5,3.9,6.4,7.3,C++,Technology,Government sector,Metro city,Product Manager
INDYCC02000,22,Male,West,Tier 1,Science,BCA,69.8,7.25,Friends/Peers,6.2,4.2,4.3,6.6,"Python, SQL",Technology,Private sector,Remote/Hybrid,Data Scientist
INDYCC02001,19,Female,South,Tier 1,Commerce,CA/Professional Course,56.7,5.73,Parents,2.2,4.9,10.0,1.0,SQL,Healthcare,Private sector,Hometown,Product Manager
INDYCC02002,22,Female,Central,Tier 1,Commerce,CA/Professional Course,96.6,9.53,Parents,7.5,9.1,4.7,3.2,C++,Marketing,Startup,Any city in India,Product Manager
INDYCC02003,17,Male,Northeast,Tier 2,Science,B.Sc.,76.9,7.89,Friends/Peers,6.7,3.8,6.4,6.9,JavaScript,Business & Finance,Startup,Any city in India,Financial Analyst
INDYCC02004,22,Female,Northeast,Tier 1,Science,B.Sc.,94.2,9.57,Friends/Peers,6.8,7.4,10.0,4.0,Java,Business & Finance,Government sector,Any city in India,Digital Marketer
INDYCC02005,23,Female,Central,Tier 3,Science,BCA,64.1,6.27,Parents,5.3,6.3,7.7,5.1,SQL,Technology,Private sector,Metro city,Software Engineer
INDYCC02006,22,Male,Northeast,Tier 2,Arts/Humanities,BJMC/Media,72.2,6.97,Parents,4.6,7.1,5.7,10.0,Python,Business & Finance,Government sector,Any city in India,Digital Marketer
INDYCC02007,23,Male,West,Tier 1,Science,B.Tech/B.E.,72.1,7.06,Friends/Peers,7.5,5.1,8.2,6.4,Python,Healthcare,Private sector,Metro city,Healthcare Professional
INDYCC02008,21,Female,South,Tier 1,Arts/Humanities,BBA,76.1,7.65,Passion/Interest,7.3,6.9,5.2,5.7,,Government/Public Service,Self-employed/Freelance,Metro city,Government Officer
INDYCC02009,23,Female,Central,Tier 2,Science,B.Pharm,80.0,8.14,Parents,5.5,4.5,4.9,3.5,,Technology,Private sector,Any city in India,Data Scientist
INDYCC02010,17,Male,East,Tier 2,Science,B.Pharm,81.0,7.98,Parents,6.6,8.6,4.9,6.2,SQL,Design & Media,Private sector,Any city in India,Data Scientist
INDYCC02011,22,Male,East,Tier 1,Arts/Humanities,BBA,79.5,7.77,Salary/Package,2.5,6.6,5.4,7.0,,Healthcare,Private sector,Hometown,Healthcare Professional
INDYCC02012,17,Male,South,Tier 1,Commerce,BCA,84.0,8.48,Passion/Interest,5.4,7.2,7.7,2.6,JavaScript,Marketing,Startup,Hometown,Financial Analyst
INDYCC02013,23,Male,South,Tier 3,Arts/Humanities,B.A.,57.9,5.88,Parents,3.2,6.3,5.4,7.0,SQL,Technology,Private sector,Hometown,Digital Marketer
INDYCC02014,19,Male,Northeast,Tier 1,Science,B.Pharm,69.1,6.56,Parents,8.2,6.9,4.6,6.1,JavaScript,Design & Media,Higher studies,Metro city,Data Scientist
INDYCC02015,21,Female,West,Tier 2,Science,B.Tech/B.E.,52.6,5.26,Salary/Package,9.7,5.2,7.0,6.1,Java,Marketing,Government sector,Any city in India,Data Scientist
INDYCC02016,21,Male,Northeast,Tier 1,Arts/Humanities,LLB,72.7,7.53,Passion/Interest,5.3,8.8,4.9,6.5,"Python, SQL",Healthcare,Private sector,Remote/Hybrid,Healthcare Professional
INDYCC02017,20,Female,South,Tier 2,Science,B.Pharm,79.5,7.91,Friends/Peers,6.5,6.6,7.2,5.5,SQL,Business & Finance,Private sector,Metro city,Financial Analyst
INDYCC02018,21,Female,South,Tier 1,Commerce,BMS,82.7,8.93,Passion/Interest,3.5,6.0,7.5,7.2,,Business & Finance,Government sector,Any city in India,Financial Analyst
INDYCC02019,21,Female,Northeast,Tier 1,Commerce,BMS,66.3,6.44,Salary/Package,6.1,4.6,5.9,8.1,,Design & Media,Private sector,Hometown,Financial Analyst
INDYCC02020,19,Female,West,Tier 1,Science,B.Pharm,71.5,6.73,Parents,6.3,7.5,5.3,5.7,JavaScript,Technology,Private sector,Metro city,Digital Marketer
INDYCC02021,17,Female,East,Tier 2,Commerce,BBA,80.1,8.14,Friends/Peers,4.1,6.7,7.1,5.8,,Design & Media,Startup,Remote/Hybrid,UI/UX Designer
INDYCC02022,22,Male,North,Tier 1,Science,B.Sc.,84.0,8.25,Parents,7.5,6.1,5.4,7.0,Java,Healthcare,Government sector,Metro city,Healthcare Professional
INDYCC02023,17,Male,North,Tier 2,Commerce,B.Com,56.6,5.38,Friends/Peers,3.1,4.9,4.9,9.0,,Technology,Private sector,Remote/Hybrid,Product Manager
INDYCC02024,24,Female,West,Tier 3,Science,B.Sc.,68.6,6.83,Passion/Interest,5.6,6.3,6.2,5.0,Java,Technology,Private sector,Remote/Hybrid,Software Engineer
INDYCC02025,22,Male,East,Tier 1,Science,MBBS/Health Sciences,68.8,6.8,Social Media,4.9,6.2,7.8,7.9,,Design & Media,Startup,Hometown,Software Engineer
INDYCC02026,24,Male,East,Tier 3,Arts/Humanities,B.Des,72.0,7.41,Passion/Interest,6.9,8.3,4.0,5.8,JavaScript,Business & Finance,Government sector,Hometown,Financial Analyst
INDYCC02027,23,Male,North,Tier 2,Science,B.Pharm,62.9,6.56,Social Media,6.7,6.7,7.9,6.9,Java,Business & Finance,Private sector,Metro city,Financial Analyst
INDYCC02028,19,Female,West,Tier 2,Commerce,BCA,66.6,6.72,Parents,4.6,8.1,5.1,6.9,Python,Marketing,Private sector,Hometown,Financial Analyst
INDYCC02029,23,Female,East,Tier 3,Science,B.Sc.,69.6,7.44,Friends/Peers,9.7,4.5,9.2,7.4,C++,Design & Media,Startup,Metro city,UI/UX Designer
INDYCC02030,22,Male,South,Tier 3,Commerce,BCA,51.9,5.03,Parents,5.1,5.2,6.6,5.7,"Python, SQL",Technology,Startup,Any city in India,Product Manager
INDYCC02031,19,Female,South,Tier 3,Arts/Humanities,BJMC/Media,71.4,7.4,Salary/Package,3.6,7.0,4.0,8.5,,Research/Education,Private sector,Hometown,Researcher/Academician
INDYCC02032,21,Male,South,Tier 3,Science,MBBS/Health Sciences,79.2,8.25,Passion/Interest,4.8,3.7,7.9,6.5,Python,Healthcare,Private sector,Metro city,Healthcare Professional
INDYCC02033,24,Female,South,Tier 2,Commerce,BBA,80.4,7.93,Parents,7.4,2.5,3.8,5.5,SQL,Design & Media,Self-employed/Freelance,Remote/Hybrid,Digital Marketer
INDYCC02034,19,Female,South,Tier 1,Arts/Humanities,BBA,81.6,7.96,Passion/Interest,2.2,7.0,5.5,10.0,,Technology,Private sector,Metro city,Digital Marketer
INDYCC02035,19,Male,West,Tier 1,Science,B.Tech/B.E.,80.2,8.35,Parents,8.9,5.6,8.7,4.2,,Government/Public Service,Startup,Metro city,Software Engineer
INDYCC02036,23,Female,East,Tier 3,Commerce,BBA,51.8,5.1,Social Media,8.5,5.9,7.1,3.6,C++,Government/Public Service,Private sector,Metro city,Government Officer
INDYCC02037,22,Female,North,Tier 2,Science,MBBS/Health Sciences,81.0,7.71,Social Media,5.4,6.5,8.0,4.5,Java,Marketing,Private sector,Remote/Hybrid,Data Scientist
INDYCC02038,19,Male,West,Tier 3,Commerce,BCA,66.3,6.69,Parents,6.8,6.9,5.5,5.5,Java,Technology,Private sector,Any city in India,Data Scientist
INDYCC02039,19,Non-binary/Prefer not to say,South,Tier 1,Science,B.Tech/B.E.,81.5,7.62,Friends/Peers,3.8,7.9,10.0,4.9,,Marketing,Higher studies,Hometown,Researcher/Academician
INDYCC02040,21,Female,Central,Tier 1,Science,B.Tech/B.E.,67.5,7.01,Parents,8.4,3.4,6.8,4.2,Python,Business & Finance,Startup,Remote/Hybrid,Data Scientist
INDYCC02041,24,Male,East,Tier 1,Commerce,BCA,84.8,8.39,,6.1,6.4,6.8,6.1,,Business & Finance,Startup,Metro city,Financial Analyst
INDYCC02042,17,Male,Northeast,Tier 2,Science,BCA,69.5,6.75,Social Media,6.7,5.7,8.2,5.8,SQL,Marketing,Private sector,Any city in India,Software Engineer
INDYCC02043,24,Male,North,Tier 2,Science,BCA,61.8,6.21,Friends/Peers,5.6,6.7,10.0,4.1,JavaScript,Technology,Higher studies,Hometown,Software Engineer
INDYCC02044,20,Male,East,Tier 1,Science,MBBS/Health Sciences,65.1,6.48,Social Media,7.1,5.8,6.7,5.7,JavaScript,Healthcare,Private sector,Hometown,Product Manager
INDYCC02045,22,Female,West,Tier 2,Science,BCA,78.9,8.1,Parents,7.5,5.2,9.4,5.7,Python,Research/Education,Private sector,Metro city,Researcher/Academician
INDYCC02046,21,Male,West,Tier 1,Science,B.Sc.,65.1,6.9,Parents,6.3,7.5,9.6,5.4,,Marketing,Startup,Remote/Hybrid,Product Manager
INDYCC02047,23,Male,South,Tier 1,Commerce,BBA,78.8,7.94,Friends/Peers,4.0,8.0,4.5,6.0,Python,Healthcare,Government sector,Hometown,Healthcare Professional
INDYCC02048,20,Female,West,Tier 1,Commerce,BCA,70.3,6.81,Parents,4.5,6.0,6.4,5.2,SQL,Business & Finance,Government sector,Remote/Hybrid,Financial Analyst
INDYCC02049,22,Male,South,Tier 2,Science,BCA,69.2,7.02,Salary/Package,8.2,5.3,5.7,5.2,Python,Technology,Private sector,Metro city,Data Scientist
INDYCC02050,19,Male,Central,Tier 3,Science,B.Sc.,74.7,7.12,Salary/Package,5.4,5.8,6.9,6.7,"Python, SQL",Government/Public Service,Startup,Any city in India,Data Scientist
INDYCC02051,19,Female,West,Tier 1,Science,BCA,78.2,7.82,Passion/Interest,6.2,6.4,8.1,8.2,Python,Government/Public Service,Startup,Metro city,Government Officer
INDYCC02052,22,Male,West,Tier 2,Commerce,B.Com,65.2,6.47,Parents,4.8,7.7,7.3,7.3,SQL,Technology,Startup,Any city in India,Product Manager
INDYCC02053,17,Male,North,Tier 2,Science,BCA,67.7,6.69,Passion/Interest,6.5,5.9,8.3,7.5,Python,Technology,Startup,Hometown,Software Engineer
INDYCC02054,20,Female,South,Tier 3,Commerce,BMS,63.4,6.14,Parents,8.0,7.2,8.2,4.9,"Python, SQL",Healthcare,Self-employed/Freelance,Any city in India,Government Officer
INDYCC02055,21,Female,Northeast,Tier 3,Arts/Humanities,BBA,74.7,7.89,Parents,4.4,7.2,4.5,7.8,SQL,Healthcare,Startup,Hometown,UI/UX Designer
INDYCC02056,20,Female,West,Tier 1,Arts/Humanities,BJMC/Media,84.2,8.21,Social Media,2.9,6.6,3.6,8.7,Python,Marketing,Self-employed/Freelance,Metro city,UI/UX Designer
INDYCC02057,20,Male,South,Tier 1,Commerce,B.Com,84.1,8.44,Parents,4.9,5.2,7.5,3.4,SQL,Design & Media,Private sector,Hometown,UI/UX Designer
INDYCC02058,17,Female,South,Tier 1,Science,BCA,79.9,8.14,Social Media,9.4,5.7,9.1,6.7,C++,Research/Education,Private sector,Any city in India,Software Engineer
INDYCC02059,18,Female,Central,Tier 2,Science,BCA,91.0,9.32,Passion/Interest,9.3,5.8,3.5,7.2,Python,Technology,Startup,Remote/Hybrid,Data Scientist
INDYCC02060,19,Male,Northeast,Tier 2,Commerce,B.Com,80.2,8.04,Friends/Peers,1.0,6.0,4.7,5.9,SQL,Government/Public Service,Higher studies,Hometown,Government Officer
INDYCC02061,20,Female,West,Tier 1,Science,BCA,77.6,7.81,Parents,5.3,7.8,6.7,3.1,SQL,Design & Media,Private sector,Any city in India,UI/UX Designer
INDYCC02062,19,Female,Central,Tier 3,Science,MBBS/Health Sciences,74.3,7.3,Social Media,5.9,5.1,7.7,4.7,JavaScript,Design & Media,Startup,Any city in India,Digital Marketer
INDYCC02063,19,Male,East,Tier 1,Commerce,BBA,83.3,8.5,Salary/Package,7.4,8.1,5.8,4.6,Java,Government/Public Service,Government sector,Any city in India,Government Officer
INDYCC02064,21,Male,North,Tier 1,Commerce,BBA,74.4,6.95,Social Media,4.8,4.7,6.3,4.5,SQL,Technology,Government sector,Hometown,Financial Analyst
INDYCC02065,24,Female,West,Tier 1,Science,BCA,74.7,7.48,Parents,9.8,4.6,7.4,5.4,JavaScript,Marketing,Startup,Hometown,Data Scientist
INDYCC02066,24,Male,Northeast,Tier 1,Commerce,BCA,75.4,7.26,Parents,3.5,5.3,6.4,6.1,SQL,Government/Public Service,Government sector,Metro city,Financial Analyst
INDYCC02067,17,Female,North,Tier 2,Science,MBBS/Health Sciences,78.7,7.69,Social Media,6.5,4.6,7.1,6.1,JavaScript,Design & Media,Private sector,Hometown,Software Engineer
INDYCC02068,19,Male,North,Tier 1,Science,MBBS/Health Sciences,84.7,8.64,Salary/Package,6.4,4.0,8.1,6.5,Python,Marketing,Startup,Metro city,Data Scientist
INDYCC02069,20,Male,Northeast,Tier 1,Arts/Humanities,BBA,83.7,7.97,Parents,5.2,8.1,3.0,5.3,Java,Government/Public Service,Higher studies,Hometown,Government Officer
INDYCC02070,19,Female,Central,Tier 1,Science,B.Tech/B.E.,63.2,6.14,Parents,9.4,3.6,10.0,4.6,Java,Business & Finance,Government sector,Metro city,Data Scientist
INDYCC02071,21,Female,Central,Tier 2,Commerce,BCA,79.8,7.9,Passion/Interest,5.9,6.6,6.9,7.2,Java,Marketing,Private sector,Hometown,Product Manager
INDYCC02072,20,Female,North,Tier 2,Commerce,B.Com,95.8,9.8,Friends/Peers,6.6,7.2,7.2,4.7,C++,Business & Finance,Private sector,Remote/Hybrid,Financial Analyst
INDYCC02073,18,Male,East,Tier 3,Commerce,BMS,78.0,7.77,Friends/Peers,3.0,7.2,7.3,4.5,SQL,Design & Media,Self-employed/Freelance,Any city in India,Digital Marketer
INDYCC02074,24,Male,West,Tier 2,Science,MBBS/Health Sciences,54.6,5.51,Parents,6.2,8.6,7.4,5.2,,Government/Public Service,Higher studies,Remote/Hybrid,Software Engineer
INDYCC02075,20,Male,North,Tier 3,Science,BCA,57.0,5.6,Salary/Package,5.1,6.7,7.1,5.2,"Python, SQL",Business & Finance,Higher studies,Hometown,Software Engineer
INDYCC02076,20,Female,Central,Tier 3,Science,BCA,89.4,8.7,Social Media,5.8,8.0,5.9,6.4,Java,Government/Public Service,Private sector,Metro city,Government Officer
INDYCC02077,24,Female,West,Tier 2,Arts/Humanities,BJMC/Media,72.0,7.33,Passion/Interest,2.4,7.3,4.7,6.3,,Research/Education,Private sector,Any city in India,UI/UX Designer
INDYCC02078,20,Male,North,Tier 1,Arts/Humanities,B.A.,59.7,5.98,,5.5,6.6,5.7,7.0,,Healthcare,Private sector,Any city in India,UI/UX Designer
INDYCC02079,24,Female,West,Tier 1,Commerce,BCA,60.6,5.75,Friends/Peers,6.3,4.1,8.8,3.7,Java,Technology,Private sector,Metro city,Product Manager
INDYCC02080,23,Male,Central,Tier 3,Commerce,BBA,61.2,6.03,Parents,4.4,6.6,6.7,4.4,Python,Business & Finance,Private sector,Any city in India,Financial Analyst
INDYCC02081,19,Male,East,Tier 1,Arts/Humanities,B.Des,85.6,8.42,Friends/Peers,4.9,7.7,5.4,6.3,,Business & Finance,Private sector,Hometown,Financial Analyst
INDYCC02082,23,Male,West,Tier 2,Science,B.Pharm,48.0,5.0,Social Media,8.8,3.2,5.0,5.8,C++,Technology,Self-employed/Freelance,Any city in India,Software Engineer
INDYCC02083,21,Male,Northeast,Tier 2,Arts/Humanities,LLB,53.2,5.43,Salary/Package,1.4,4.7,5.3,4.8,,Business & Finance,Self-employed/Freelance,Hometown,Financial Analyst
INDYCC02084,17,Female,West,Tier 1,Arts/Humanities,BJMC/Media,67.8,6.87,Social Media,1.0,6.5,5.8,8.8,Python,Marketing,Private sector,Metro city,UI/UX Designer
INDYCC02085,24,Male,North,Tier 3,Science,B.Tech/B.E.,79.4,7.78,Friends/Peers,6.4,8.2,6.8,6.0,"Python, SQL",Design & Media,Private sector,Metro city,Healthcare Professional
INDYCC02086,17,Male,South,Tier 2,Arts/Humanities,BBA,86.8,8.59,Social Media,3.3,5.9,5.1,8.9,,Marketing,Private sector,Metro city,UI/UX Designer
INDYCC02087,23,Female,North,Tier 2,Science,B.Tech/B.E.,71.3,6.69,Parents,7.6,3.3,7.0,5.2,Java,Research/Education,Private sector,Hometown,Software Engineer
INDYCC02088,20,Male,South,Tier 2,Commerce,B.Com,95.7,9.21,Friends/Peers,5.7,5.8,5.8,4.6,Python,Research/Education,Private sector,Any city in India,Financial Analyst
INDYCC02089,19,Female,East,Tier 2,Science,B.Tech/B.E.,68.4,6.89,Passion/Interest,4.1,8.4,9.8,6.0,Python,Business & Finance,Private sector,Metro city,Software Engineer
INDYCC02090,24,Non-binary/Prefer not to say,North,Tier 1,Commerce,CA/Professional Course,85.6,8.86,Salary/Package,5.4,7.0,2.7,6.3,C++,Technology,Self-employed/Freelance,Hometown,Product Manager
INDYCC02091,23,Male,South,Tier 2,Science,B.Tech/B.E.,95.0,9.22,Parents,5.8,9.0,6.6,5.6,Java,Research/Education,Higher studies,Metro city,Software Engineer
INDYCC02092,19,Male,Central,Tier 2,Arts/Humanities,B.A.,88.5,8.97,Passion/Interest,1.0,8.6,7.3,5.3,Python,Research/Education,Higher studies,Remote/Hybrid,Researcher/Academician
INDYCC02093,21,Female,North,Tier 3,Commerce,CA/Professional Course,87.9,9.06,Passion/Interest,1.0,7.0,10.0,5.6,SQL,Technology,Government sector,Remote/Hybrid,Product Manager
INDYCC02094,20,Male,West,Tier 3,Science,MBBS/Health Sciences,62.8,6.2,Salary/Package,5.5,7.2,6.7,5.2,SQL,Healthcare,Private sector,Remote/Hybrid,Healthcare Professional
INDYCC02095,20,Male,Central,Tier 1,Science,MBBS/Health Sciences,76.8,7.73,Salary/Package,5.7,7.6,7.8,7.0,Python,Business & Finance,Private sector,Metro city,Data Scientist
INDYCC02096,24,Female,Northeast,Tier 1,Science,B.Sc.,73.2,6.94,Parents,4.6,5.6,7.6,5.1,Python,Design & Media,Government sector,Hometown,Digital Marketer
INDYCC02097,17,Male,Central,Tier 3,Science,B.Pharm,83.1,7.89,Parents,8.3,9.2,9.1,3.7,JavaScript,Business & Finance,Government sector,Any city in India,Software Engineer
INDYCC02098,17,Female,East,Tier 2,Science,B.Tech/B.E.,72.9,7.4,Social Media,6.6,7.3,8.3,8.1,"Python, SQL",Design & Media,Government sector,Metro city,UI/UX Designer
INDYCC02099,23,Male,North,Tier 1,Science,B.Pharm,73.8,7.56,Passion/Interest,6.8,5.9,7.1,3.6,Java,Technology,Startup,Metro city,Data Scientist
INDYCC02100,24,Female,Central,Tier 1,Commerce,BMS,68.7,6.59,Salary/Package,5.3,6.8,7.7,8.0,JavaScript,Technology,Self-employed/Freelance,Hometown,Product Manager
INDYCC02101,24,Female,North,Tier 2,Science,B.Pharm,84.5,8.31,Passion/Interest,4.3,3.6,6.0,7.2,SQL,Government/Public Service,Government sector,Any city in India,Digital Marketer
INDYCC02102,21,Male,Central,Tier 3,Arts/Humanities,BBA,67.8,7.11,Parents,5.0,8.7,4.9,6.3,Java,Research/Education,Higher studies,Hometown,Researcher/Academician
INDYCC02103,20,Male,South,Tier 2,Science,BCA,78.2,8.3,Social Media,5.9,4.7,7.1,7.4,Java,Marketing,Higher studies,Hometown,Data Scientist
INDYCC02104,20,Male,East,Tier 2,Science,B.Tech/B.E.,71.2,7.27,Passion/Interest,8.8,7.0,9.6,3.1,Java,Research/Education,Higher studies,Metro city,Researcher/Academician
INDYCC02105,17,Female,South,Tier 2,Commerce,B.Com,,9.35,Parents,6.2,4.3,6.2,4.4,"Python, SQL",Design & Media,Higher studies,Any city in India,Product Manager
INDYCC02106,20,Female,South,Tier 1,Science,BCA,83.7,8.85,Salary/Package,7.8,8.1,7.3,7.0,Python,Research/Education,Private sector,Hometown,Researcher/Academician
INDYCC02107,23,Male,Central,Tier 1,Commerce,B.Com,66.4,6.77,Social Media,5.8,6.2,7.7,4.5,Python,Design & Media,Higher studies,Remote/Hybrid,UI/UX Designer
INDYCC02108,18,Female,East,Tier 1,Science,B.Pharm,79.7,7.98,Passion/Interest,6.3,2.9,7.8,4.9,C++,Healthcare,Private sector,Remote/Hybrid,Researcher/Academician
INDYCC02109,18,Male,West,Tier 1,Commerce,BBA,71.9,6.68,Passion/Interest,6.1,7.0,4.4,6.6,Python,Design & Media,Private sector,Any city in India,Product Manager
INDYCC02110,18,Male,Central,Tier 1,Science,B.Tech/B.E.,75.3,7.43,Passion/Interest,9.0,5.9,7.1,7.1,Java,Design & Media,Self-employed/Freelance,Hometown,Software Engineer
INDYCC02111,24,Male,Central,Tier 2,Commerce,BBA,73.8,7.18,Passion/Interest,3.9,8.1,7.8,3.6,SQL,Design & Media,Self-employed/Freelance,Hometown,Digital Marketer
INDYCC02112,23,Male,North,Tier 2,Science,BCA,67.2,6.59,Parents,4.4,6.0,8.2,6.5,,Business & Finance,Private sector,Metro city,Software Engineer
INDYCC02113,19,Male,South,Tier 3,Commerce,BMS,74.0,7.15,Salary/Package,7.3,4.5,5.5,4.8,Java,Design & Media,Private sector,Any city in India,Financial Analyst
INDYCC02114,17,Male,South,Tier 1,Science,B.Sc.,71.6,7.23,Parents,4.3,7.7,9.3,9.9,,Marketing,Startup,Metro city,UI/UX Designer
INDYCC02115,21,Female,Central,Tier 1,Science,B.Sc.,87.8,8.77,Social Media,7.3,4.4,6.5,7.6,,Business & Finance,Government sector,Remote/Hybrid,Data Scientist
INDYCC02116,23,Male,South,Tier 1,Commerce,BMS,65.1,6.13,Salary/Package,3.4,8.3,7.5,3.8,SQL,Business & Finance,Startup,Metro city,Financial Analyst
INDYCC02117,17,Female,Central,Tier 2,Commerce,BBA,64.7,6.1,Passion/Interest,3.0,4.7,4.2,1.7,,Business & Finance,Higher studies,Any city in India,Financial Analyst
INDYCC02118,23,Female,West,Tier 2,Commerce,BCA,84.2,8.88,Social Media,9.5,6.9,4.1,2.3,JavaScript,Business & Finance,Private sector,Hometown,Financial Analyst
INDYCC02119,20,Male,Northeast,Tier 2,Science,B.Tech/B.E.,83.2,8.45,Passion/Interest,10.0,7.4,4.6,3.8,SQL,Business & Finance,Government sector,Remote/Hybrid,Data Scientist
INDYCC02120,21,Female,North,Tier 3,Science,BCA,63.2,6.5,Salary/Package,10.0,8.0,7.6,5.7,Python,Technology,Self-employed/Freelance,Remote/Hybrid,Software Engineer
INDYCC02121,22,Female,South,Tier 1,Science,MBBS/Health Sciences,65.7,6.08,Social Media,4.4,5.0,6.8,7.1,,Business & Finance,Private sector,Any city in India,Researcher/Academician
INDYCC02122,19,Female,South,Tier 2,Arts/Humanities,LLB,,5.69,Friends/Peers,2.4,10.0,7.0,3.5,,Design & Media,Private sector,Metro city,Digital Marketer
INDYCC02123,20,Male,Northeast,Tier 2,Science,MBBS/Health Sciences,58.2,6.01,Passion/Interest,7.3,4.0,8.6,8.0,Java,Technology,Government sector,Metro city,Data Scientist
INDYCC02124,20,Male,West,Tier 3,Science,B.Pharm,66.2,6.9,Social Media,7.5,6.7,6.8,4.1,SQL,Technology,Startup,Any city in India,Data Scientist
INDYCC02125,21,Male,North,Tier 2,Commerce,BMS,50.1,5.0,Friends/Peers,4.1,4.9,5.8,5.0,Python,Business & Finance,Private sector,Hometown,Financial Analyst
INDYCC02126,21,Male,South,Tier 3,Science,B.Pharm,80.3,7.84,Passion/Interest,5.6,7.2,7.5,2.4,,Government/Public Service,Private sector,Metro city,Government Officer
INDYCC02127,19,Male,Central,Tier 2,Commerce,BBA,62.2,6.17,Parents,2.8,7.1,6.9,3.3,,Business & Finance,Private sector,Metro city,Financial Analyst
INDYCC02128,18,Female,Central,Tier 2,Science,B.Tech/B.E.,58.8,5.44,Parents,6.3,4.3,6.5,6.2,SQL,Research/Education,Private sector,Any city in India,Data Scientist
INDYCC02129,24,Male,North,Tier 2,Science,BCA,67.9,6.79,Social Media,7.0,6.9,5.8,4.6,"Python, SQL",Marketing,Higher studies,Metro city,Software Engineer
INDYCC02130,22,Female,South,Tier 3,Commerce,BBA,84.0,8.49,Parents,1.6,8.2,8.9,5.0,Python,Technology,Higher studies,Hometown,Data Scientist
INDYCC02131,24,Male,North,Tier 2,Science,B.Pharm,72.8,7.29,Parents,3.0,6.5,5.1,5.7,SQL,Healthcare,Higher studies,Remote/Hybrid,Healthcare Professional
INDYCC02132,22,Male,South,Tier 1,Commerce,BBA,77.4,8.26,Friends/Peers,5.6,8.0,6.4,5.5,Python,Healthcare,Private sector,Metro city,Financial Analyst
INDYCC02133,24,Male,South,Tier 1,Arts/Humanities,BJMC/Media,47.6,5.1,Parents,5.0,5.4,5.6,7.3,,Research/Education,Government sector,Remote/Hybrid,Researcher/Academician
INDYCC02134,23,Male,South,Tier 3,Arts/Humanities,LLB,71.3,7.29,Parents,2.7,5.6,6.8,5.7,,Technology,Private sector,Any city in India,Data Scientist
INDYCC02135,20,Female,East,Tier 1,Commerce,BBA,77.2,7.89,Salary/Package,3.6,5.3,5.8,4.5,,Government/Public Service,Startup,Metro city,Government Officer
INDYCC02136,19,Female,North,Tier 2,Science,MBBS/Health Sciences,72.0,7.27,Friends/Peers,6.4,5.0,7.4,7.1,C++,Technology,Private sector,Metro city,Software Engineer
INDYCC02137,22,Male,East,Tier 1,Science,B.Pharm,77.6,7.77,Social Media,4.9,4.8,8.3,2.6,SQL,Healthcare,Private sector,Remote/Hybrid,Healthcare Professional
INDYCC02138,18,Male,West,Tier 1,Science,B.Tech/B.E.,84.7,8.12,Friends/Peers,5.1,6.7,5.8,5.9,Java,Government/Public Service,Private sector,Remote/Hybrid,Government Officer
INDYCC02139,19,Non-binary/Prefer not to say,Northeast,Tier 1,Science,BCA,75.4,7.24,Parents,6.3,4.9,9.3,6.1,Java,Technology,Higher studies,Hometown,Software Engineer
INDYCC02140,18,Female,North,Tier 2,Science,MBBS/Health Sciences,75.7,7.02,Social Media,9.2,7.5,7.8,3.8,SQL,Government/Public Service,Higher studies,Any city in India,Data Scientist
INDYCC02141,23,Female,South,Tier 3,Commerce,CA/Professional Course,60.4,6.21,Passion/Interest,2.1,8.6,5.4,5.6,Python,Marketing,Private sector,Any city in India,Financial Analyst
INDYCC02142,18,Male,North,Tier 3,Commerce,BCA,63.7,,Salary/Package,5.4,5.7,5.5,4.6,JavaScript,Marketing,Government sector,Remote/Hybrid,Product Manager
INDYCC02143,24,Female,North,Tier 2,Arts/Humanities,LLB,66.5,6.0,Parents,4.5,4.4,7.2,7.3,SQL,Technology,Private sector,Hometown,UI/UX Designer
INDYCC02144,19,Male,Northeast,Tier 2,Arts/Humanities,LLB,58.9,5.78,Salary/Package,5.4,6.9,5.7,6.0,,Healthcare,Private sector,Metro city,UI/UX Designer
INDYCC02145,24,Male,South,Tier 1,Commerce,B.Com,62.0,6.24,Parents,3.9,5.3,4.5,7.6,Python,Technology,Private sector,Any city in India,Product Manager
INDYCC02146,22,Female,North,Tier 1,Science,B.Sc.,74.2,7.74,Salary/Package,5.0,4.6,6.7,5.3,Java,Design & Media,Government sector,Any city in India,UI/UX Designer
INDYCC02147,21,Male,North,Tier 2,Science,B.Tech/B.E.,75.8,7.43,Passion/Interest,2.9,5.3,6.0,6.6,,Government/Public Service,Private sector,Any city in India,Data Scientist
INDYCC02148,19,Female,West,Tier 2,Science,BCA,62.2,6.16,Social Media,10.0,5.7,3.8,5.8,SQL,Technology,Self-employed/Freelance,Any city in India,Data Scientist
INDYCC02149,24,Female,North,Tier 2,Science,BCA,76.7,7.69,Parents,8.2,3.1,3.2,6.4,Python,Technology,Private sector,Metro city,Software Engineer
INDYCC02150,17,Male,West,Tier 2,Commerce,BCA,67.9,6.77,Salary/Package,6.4,7.0,7.1,7.6,"Python, SQL",Government/Public Service,Private sector,Any city in India,Government Officer
INDYCC02151,18,Female,East,Tier 2,Commerce,BBA,82.2,8.64,Parents,4.8,4.3,6.6,3.5,Python,Business & Finance,Startup,Remote/Hybrid,Financial Analyst
INDYCC02152,22,Female,Central,Tier 3,Science,B.Sc.,68.3,7.15,Passion/Interest,6.5,5.3,6.0,7.3,,Research/Education,Self-employed/Freelance,Metro city,Healthcare Professional
INDYCC02153,18,Female,North,Tier 1,Science,B.Pharm,85.5,8.45,Salary/Package,5.0,7.5,8.3,7.0,"Python, SQL",Business & Finance,Private sector,Metro city,Digital Marketer
INDYCC02154,19,Female,West,Tier 1,Arts/Humanities,B.Des,77.1,8.01,,4.9,4.5,4.8,8.3,Python,Marketing,Government sector,Remote/Hybrid,UI/UX Designer
INDYCC02155,21,Female,East,Tier 2,Science,BCA,62.9,6.23,Passion/Interest,9.8,6.7,7.4,7.6,Python,Business & Finance,Private sector,Metro city,Digital Marketer
INDYCC02156,18,Female,Central,Tier 3,Science,B.Tech/B.E.,62.2,6.38,Passion/Interest,4.1,6.4,6.9,7.3,,Technology,Private sector,Hometown,Software Engineer
INDYCC02157,20,Female,East,Tier 3,Commerce,BCA,90.8,9.3,Parents,2.8,5.9,4.7,5.9,,Technology,Government sector,Remote/Hybrid,Product Manager
INDYCC02158,24,Female,South,Tier 2,Commerce,BBA,67.5,6.56,Friends/Peers,5.0,5.0,8.8,6.4,Java,Research/Education,Private sector,Remote/Hybrid,Researcher/Academician
INDYCC02159,19,Male,East,Tier 1,Science,B.Sc.,52.7,5.42,Parents,5.8,6.5,7.6,3.4,"Python, SQL",Government/Public Service,Private sector,Metro city,Government Officer
INDYCC02160,22,Female,West,Tier 1,Commerce,BCA,71.3,6.71,Friends/Peers,5.4,4.2,5.3,7.1,C++,Business & Finance,Startup,Hometown,Financial Analyst
INDYCC02161,17,Male,North,Tier 3,Commerce,CA/Professional Course,67.6,6.57,Parents,5.7,5.6,4.8,5.4,SQL,Design & Media,Higher studies,Remote/Hybrid,Researcher/Academician
INDYCC02162,22,Male,Northeast,Tier 2,Science,B.Sc.,70.4,7.24,Friends/Peers,6.4,5.2,7.9,6.3,Java,Design & Media,Government sector,Metro city,Digital Marketer
INDYCC02163,18,Female,Northeast,Tier 2,Science,B.Sc.,79.0,8.11,Friends/Peers,8.9,7.2,9.3,7.7,Java,Business & Finance,Private sector,Hometown,Data Scientist
INDYCC02164,19,Male,East,Tier 2,Science,B.Pharm,65.0,6.4,Parents,6.8,7.0,10.0,6.8,"Python, SQL",Technology,Self-employed/Freelance,Metro city,Software Engineer
INDYCC02165,19,Male,West,Tier 3,Arts/Humanities,LLB,78.5,8.11,Passion/Interest,7.2,6.3,5.8,6.8,Python,Government/Public Service,Private sector,Any city in India,Digital Marketer
INDYCC02166,19,Female,Central,Tier 2,Commerce,CA/Professional Course,73.0,6.84,Passion/Interest,4.8,8.1,7.9,5.9,SQL,Research/Education,Government sector,Hometown,Researcher/Academician
INDYCC02167,18,Male,West,Tier 2,Science,B.Tech/B.E.,97.5,9.45,Social Media,8.6,6.9,7.5,6.3,C++,Marketing,Government sector,Metro city,Data Scientist
INDYCC02168,20,Male,Central,Tier 2,Arts/Humanities,B.A.,72.5,6.61,Salary/Package,1.3,4.8,3.7,6.9,,Healthcare,Government sector,Remote/Hybrid,UI/UX Designer
INDYCC02169,20,Female,East,Tier 1,Arts/Humanities,BJMC/Media,73.3,7.44,Passion/Interest,3.0,9.4,4.7,7.7,,Healthcare,Startup,Any city in India,Digital Marketer
INDYCC02170,19,Male,South,Tier 1,Science,B.Pharm,81.1,8.28,Parents,7.3,5.1,5.4,6.3,"Python, SQL",Research/Education,Private sector,Any city in India,Software Engineer
INDYCC02171,17,Male,East,Tier 1,Commerce,BBA,50.8,5.11,Friends/Peers,4.5,6.1,7.2,3.5,,Design & Media,Private sector,Metro city,Digital Marketer
INDYCC02172,23,Female,Northeast,Tier 3,Arts/Humanities,B.Des,88.2,8.45,Passion/Interest,3.3,10.0,3.9,7.0,,Healthcare,Startup,Metro city,Healthcare Professional
INDYCC02173,17,Female,South,Tier 3,Commerce,BBA,64.5,6.53,Social Media,5.7,9.1,9.1,2.7,Java,Design & Media,Private sector,Remote/Hybrid,Financial Analyst
INDYCC02174,20,Male,Northeast,Tier 3,Science,B.Tech/B.E.,70.8,6.74,Friends/Peers,4.2,7.1,6.3,8.3,,Design & Media,Private sector,Metro city,UI/UX Designer
INDYCC02175,19,Female,North,Tier 1,Science,BCA,70.1,7.12,Parents,6.8,4.3,4.8,6.5,JavaScript,Technology,Startup,Metro city,Data Scientist
INDYCC02176,19,Female,East,Tier 2,Arts/Humanities,BJMC/Media,79.0,7.94,Salary/Package,5.5,7.3,5.3,7.7,SQL,Marketing,Self-employed/Freelance,Remote/Hybrid,UI/UX Designer
INDYCC02177,17,Male,North,Tier 3,Science,B.Tech/B.E.,63.6,6.56,Parents,6.4,5.5,5.6,5.0,JavaScript,Design & Media,Private sector,Metro city,Data Scientist
INDYCC02178,20,Male,East,Tier 2,Science,BCA,49.9,5.0,Salary/Package,8.1,5.9,9.2,6.5,SQL,Design & Media,Higher studies,Metro city,Software Engineer
INDYCC02179,22,Male,West,Tier 3,Commerce,CA/Professional Course,64.4,6.1,Friends/Peers,7.0,6.0,8.4,6.1,JavaScript,Technology,Private sector,Any city in India,Software Engineer
INDYCC02180,23,Male,South,Tier 2,Arts/Humanities,B.Des,75.9,8.06,Friends/Peers,5.3,4.9,3.5,9.0,Java,Technology,Higher studies,Hometown,UI/UX Designer
INDYCC02181,23,Female,South,Tier 2,Science,B.Sc.,87.3,8.24,Social Media,6.3,5.5,6.2,6.6,"Python, SQL",Healthcare,Government sector,Hometown,Data Scientist
INDYCC02182,21,Female,Northeast,Tier 1,Science,BCA,52.4,5.0,Passion/Interest,7.2,7.9,7.3,6.6,SQL,Business & Finance,Government sector,Metro city,Healthcare Professional
INDYCC02183,21,Female,North,Tier 2,Commerce,BMS,69.5,7.12,Friends/Peers,5.2,7.2,6.4,6.5,JavaScript,Marketing,Government sector,Any city in India,Financial Analyst
INDYCC02184,17,Male,North,Tier 3,Commerce,BCA,79.1,7.53,Social Media,4.8,6.6,7.7,6.2,,Research/Education,Startup,Hometown,Researcher/Academician
INDYCC02185,24,Male,Central,Tier 2,Science,B.Tech/B.E.,60.8,6.29,Passion/Interest,2.8,6.4,6.6,5.6,,Government/Public Service,Private sector,Any city in India,Financial Analyst
INDYCC02186,17,Male,East,Tier 1,Science,B.Tech/B.E.,79.6,7.63,Salary/Package,4.6,3.3,6.9,6.1,SQL,Design & Media,Private sector,Remote/Hybrid,Data Scientist
INDYCC02187,18,Male,South,Tier 1,Science,MBBS/Health Sciences,58.5,5.91,Salary/Package,6.3,4.6,5.1,3.8,Python,Government/Public Service,Government sector,Remote/Hybrid,Software Engineer
INDYCC02188,21,Female,Central,Tier 2,Arts/Humanities,B.Des,82.2,8.21,Passion/Interest,4.2,7.1,5.5,4.3,,Design & Media,Private sector,Any city in India,UI/UX Designer
INDYCC02189,18,Female,North,Tier 2,Commerce,BMS,72.4,7.39,Passion/Interest,5.5,5.7,9.5,7.3,SQL,Design & Media,Higher studies,Metro city,UI/UX Designer
INDYCC02190,19,Female,Central,Tier 2,Science,BCA,78.8,8.02,Passion/Interest,4.5,6.0,8.5,5.8,,Marketing,Private sector,Remote/Hybrid,Healthcare Professional
INDYCC02191,24,Female,South,Tier 2,Commerce,BMS,62.4,6.16,Friends/Peers,6.3,7.8,6.3,4.7,"Python, SQL",Marketing,Government sector,Remote/Hybrid,Government Officer
INDYCC02192,24,Male,East,Tier 1,Commerce,BMS,62.6,6.13,Social Media,3.4,8.7,6.2,4.4,,Healthcare,Private sector,Any city in India,Healthcare Professional
INDYCC02193,23,Female,Northeast,Tier 3,Arts/Humanities,B.Des,57.9,6.27,Passion/Interest,5.9,5.8,2.6,8.6,Java,Government/Public Service,Private sector,Remote/Hybrid,Government Officer
INDYCC02194,20,Male,West,Tier 2,Arts/Humanities,B.A.,78.0,7.59,Social Media,4.3,7.2,5.8,7.1,,Government/Public Service,Private sector,Remote/Hybrid,UI/UX Designer
INDYCC02195,21,Female,North,Tier 1,Science,BCA,86.5,8.49,Passion/Interest,6.5,7.6,7.5,5.3,Python,Marketing,Private sector,Hometown,Data Scientist
INDYCC02196,18,Non-binary/Prefer not to say,Central,Tier 3,Science,B.Tech/B.E.,73.3,7.44,Friends/Peers,7.4,7.1,6.8,5.0,SQL,Marketing,Government sector,Any city in India,Healthcare Professional
INDYCC02197,17,Male,Northeast,Tier 2,Commerce,BMS,75.9,7.53,Salary/Package,3.4,6.8,5.1,4.4,Python,Technology,Startup,Hometown,Software Engineer
INDYCC02198,20,Female,East,Tier 2,Science,B.Tech/B.E.,71.4,6.88,Salary/Package,8.0,6.2,7.3,5.2,,Business & Finance,Higher studies,Remote/Hybrid,Financial Analyst
INDYCC02199,23,Female,Central,Tier 2,Science,MBBS/Health Sciences,54.7,5.36,Friends/Peers,7.8,6.3,6.5,6.7,Java,Healthcare,Startup,Hometown,Software Engineer
INDYCC02200,17,Male,West,Tier 1,Commerce,CA/Professional Course,67.4,7.13,Friends/Peers,3.1,5.9,8.1,8.4,Python,Research/Education,Private sector,Metro city,Financial Analyst
INDYCC02201,24,Male,North,Tier 3,Science,BCA,77.4,7.66,Passion/Interest,8.4,6.7,8.3,6.1,Java,Design & Media,Private sector,Remote/Hybrid,Software Engineer
INDYCC02202,17,Male,Central,Tier 1,Commerce,BMS,60.6,5.79,Parents,5.1,7.2,6.7,7.1,Java,Design & Media,Private sector,Remote/Hybrid,UI/UX Designer
INDYCC02203,19,Male,East,Tier 1,Science,B.Pharm,69.6,6.89,Social Media,9.2,5.8,5.6,7.2,Java,Government/Public Service,Government sector,Metro city,Software Engineer
INDYCC02204,17,Male,West,Tier 1,Science,B.Sc.,63.4,6.67,Salary/Package,4.6,6.2,8.6,7.9,SQL,Research/Education,Higher studies,Remote/Hybrid,Researcher/Academician
INDYCC02205,17,Male,North,Tier 2,Arts/Humanities,B.A.,79.4,7.91,Passion/Interest,2.5,10.0,3.8,5.0,SQL,Healthcare,Startup,Metro city,UI/UX Designer
INDYCC02206,23,Female,East,Tier 3,Commerce,CA/Professional Course,76.9,7.8,Salary/Package,3.4,6.5,8.7,4.3,Python,Business & Finance,Higher studies,Remote/Hybrid,Financial Analyst
INDYCC02207,24,Male,West,Tier 2,Science,B.Sc.,98.0,9.8,Parents,4.5,7.6,5.7,6.2,Python,Design & Media,Government sector,Remote/Hybrid,Digital Marketer
INDYCC02208,21,Male,South,Tier 2,Arts/Humanities,BJMC/Media,67.3,6.62,Parents,1.3,6.2,4.6,7.2,,Healthcare,Private sector,Metro city,Healthcare Professional
INDYCC02209,21,Male,North,Tier 2,Science,B.Sc.,63.3,6.1,Social Media,7.5,7.1,7.4,3.9,SQL,Marketing,Private sector,Metro city,Software Engineer
INDYCC02210,19,Female,South,Tier 3,Commerce,BCA,81.3,8.27,Parents,4.4,6.0,7.6,6.3,Python,Marketing,Self-employed/Freelance,Any city in India,Healthcare Professional
INDYCC02211,24,Male,North,Tier 1,Commerce,BCA,64.3,6.35,Friends/Peers,5.6,8.1,6.9,4.5,JavaScript,Healthcare,Government sector,Any city in India,Healthcare Professional
INDYCC02212,24,Male,South,Tier 2,Science,BCA,81.9,8.09,Social Media,5.1,8.1,9.2,8.1,SQL,Technology,Private sector,Hometown,Data Scientist
INDYCC02213,21,Male,East,Tier 2,Science,B.Pharm,67.3,6.51,Salary/Package,6.5,6.9,2.4,4.3,SQL,Business & Finance,Private sector,Hometown,Financial Analyst
INDYCC02214,22,Female,North,Tier 1,Science,BCA,84.2,8.49,Salary/Package,6.0,4.0,6.1,5.3,,Healthcare,Higher studies,Hometown,Healthcare Professional
INDYCC02215,17,Male,West,Tier 2,Science,MBBS/Health Sciences,65.8,6.55,Passion/Interest,5.1,7.4,5.5,2.2,JavaScript,Technology,Private sector,Hometown,Software Engineer
INDYCC02216,18,Female,North,Tier 2,Commerce,BMS,78.5,7.5,Friends/Peers,2.9,6.1,6.1,5.6,SQL,Healthcare,Private sector,Any city in India,Healthcare Professional
INDYCC02217,17,Male,West,Tier 2,Arts/Humanities,LLB,72.0,7.01,Parents,4.6,7.6,3.8,5.6,,Marketing,Government sector,Any city in India,Government Officer
INDYCC02218,20,Female,East,Tier 1,Science,BCA,80.5,7.9,Social Media,2.7,6.0,5.8,6.6,SQL,Design & Media,Private sector,Remote/Hybrid,UI/UX Designer
INDYCC02219,22,Male,Northeast,Tier 3,Science,BCA,97.0,9.76,Parents,9.7,4.6,5.9,6.5,Java,Marketing,Private sector,Remote/Hybrid,Software Engineer
INDYCC02220,18,Male,North,Tier 1,Science,MBBS/Health Sciences,67.3,6.71,Parents,4.7,7.7,7.2,4.1,SQL,Technology,Private sector,Metro city,Software Engineer
INDYCC02221,23,Female,Northeast,Tier 3,Arts/Humanities,BBA,78.1,8.03,Parents,1.7,6.4,3.7,8.0,,Business & Finance,Higher studies,Metro city,Product Manager
INDYCC02222,20,Male,North,Tier 2,Arts/Humanities,B.Des,82.7,8.44,Social Media,6.6,7.7,5.8,7.3,"Python, SQL",Healthcare,Private sector,Any city in India,Healthcare Professional
INDYCC02223,22,Male,West,Tier 2,Arts/Humanities,B.A.,52.0,5.05,Salary/Package,3.7,7.1,3.9,7.5,Python,Marketing,Startup,Metro city,Digital Marketer
INDYCC02224,23,Female,South,Tier 2,Arts/Humanities,LLB,80.3,8.51,Social Media,5.5,9.3,8.3,6.1,,Healthcare,Startup,Metro city,Healthcare Professional
INDYCC02225,20,Female,West,Tier 3,Arts/Humanities,B.A.,79.2,8.19,Passion/Interest,2.8,9.0,6.1,10.0,SQL,Government/Public Service,Private sector,Metro city,UI/UX Designer
INDYCC02226,22,Male,South,Tier 2,Science,B.Sc.,79.8,8.0,Friends/Peers,4.0,6.8,6.1,6.0,,Technology,Government sector,Hometown,Data Scientist
INDYCC02227,24,Female,South,Tier 2,Science,B.Tech/B.E.,82.5,8.0,Parents,5.9,4.4,7.0,4.8,JavaScript,Research/Education,Higher studies,Remote/Hybrid,Researcher/Academician
INDYCC02228,22,Female,South,Tier 1,Science,B.Sc.,75.3,7.34,Friends/Peers,6.1,5.5,10.0,6.9,"Python, SQL",Business & Finance,Private sector,Metro city,Financial Analyst
INDYCC02229,23,Female,South,Tier 2,Commerce,BCA,61.7,5.91,Friends/Peers,4.0,8.8,8.3,4.2,,Government/Public Service,Government sector,Any city in India,Government Officer
INDYCC02230,20,Male,North,Tier 3,Science,B.Tech/B.E.,,7.19,Salary/Package,5.0,7.3,8.5,5.2,Python,Design & Media,Private sector,Remote/Hybrid,UI/UX Designer
INDYCC02231,24,Male,West,Tier 1,Science,BCA,87.2,8.27,Passion/Interest,8.9,8.3,9.3,3.6,Java,Business & Finance,Private sector,Any city in India,Data Scientist
INDYCC02232,20,Male,South,Tier 1,Science,B.Sc.,84.1,8.45,Salary/Package,4.0,1.9,4.9,6.4,SQL,Government/Public Service,Private sector,Any city in India,Data Scientist
INDYCC02233,23,Female,Central,Tier 3,Science,B.Sc.,74.6,7.37,Social Media,5.0,8.8,6.4,4.4,Java,Government/Public Service,Higher studies,Remote/Hybrid,Government Officer
INDYCC02234,21,Male,North,Tier 1,Science,B.Sc.,77.0,8.02,Friends/Peers,7.6,4.3,5.1,3.7,JavaScript,Healthcare,Startup,Metro city,Data Scientist
INDYCC02235,18,Female,East,Tier 2,Arts/Humanities,LLB,52.1,5.43,Parents,7.5,4.3,6.4,7.9,SQL,Business & Finance,Private sector,Metro city,Digital Marketer
INDYCC02236,21,Female,West,Tier 2,Arts/Humanities,B.A.,76.5,7.85,Salary/Package,2.4,7.1,3.8,6.7,,Government/Public Service,Higher studies,Metro city,Government Officer
INDYCC02237,21,Female,East,Tier 1,Arts/Humanities,B.Des,77.0,7.51,,3.4,5.7,3.4,7.2,,Business & Finance,Startup,Any city in India,Financial Analyst
INDYCC02238,23,Female,East,Tier 1,Commerce,BBA,73.5,7.26,Parents,7.1,3.7,4.3,5.3,JavaScript,Technology,Government sector,Metro city,Data Scientist
INDYCC02239,18,Female,North,Tier 2,Science,MBBS/Health Sciences,70.4,7.04,Passion/Interest,4.3,5.5,4.9,4.9,SQL,Technology,Private sector,Metro city,Software Engineer
INDYCC02240,18,Male,North,Tier 2,Arts/Humanities,LLB,91.2,9.17,Passion/Interest,4.9,7.5,4.7,8.9,,Government/Public Service,Private sector,Metro city,UI/UX Designer
INDYCC02241,18,Female,North,Tier 3,Commerce,BCA,78.7,7.78,Parents,6.2,6.7,8.6,7.1,C++,Research/Education,Private sector,Any city in India,Product Manager
INDYCC02242,19,Female,West,Tier 2,Commerce,B.Com,64.1,6.38,Passion/Interest,4.1,6.8,4.7,4.7,SQL,Technology,Private sector,Any city in India,Software Engineer
INDYCC02243,21,Female,Northeast,Tier 2,Science,B.Pharm,75.2,7.16,,8.8,6.5,5.6,7.5,JavaScript,Technology,Government sector,Metro city,Software Engineer
INDYCC02244,21,Male,South,Tier 3,Arts/Humanities,LLB,68.6,6.62,Passion/Interest,1.0,7.3,5.5,8.6,Python,Healthcare,Private sector,Any city in India,Digital Marketer
INDYCC02245,20,Female,East,Tier 2,Arts/Humanities,BJMC/Media,67.1,6.59,Friends/Peers,3.9,8.4,5.3,7.2,Python,Technology,Government sector,Hometown,Digital Marketer
INDYCC02246,17,Female,East,Tier 3,Science,B.Sc.,62.2,6.36,Social Media,7.9,5.9,7.8,7.1,Python,Government/Public Service,Startup,Any city in India,Financial Analyst
INDYCC02247,19,Female,West,Tier 3,Arts/Humanities,B.A.,79.5,7.89,Parents,1.0,5.5,7.2,5.7,SQL,Design & Media,Startup,Metro city,Digital Marketer
INDYCC02248,23,Female,West,Tier 2,Science,BCA,76.7,8.04,Social Media,6.9,7.9,3.2,5.0,Python,Healthcare,Government sector,Any city in India,Healthcare Professional
INDYCC02249,21,Male,Central,Tier 2,Arts/Humanities,BBA,72.0,7.05,Salary/Package,1.5,6.0,7.8,5.9,Python,Business & Finance,Private sector,Any city in India,Financial Analyst
INDYCC02250,18,Male,East,Tier 3,Commerce,BCA,67.3,6.62,Friends/Peers,6.6,8.1,4.6,5.1,JavaScript,Technology,Higher studies,Any city in India,Product Manager
INDYCC02251,23,Female,East,Tier 2,Arts/Humanities,BJMC/Media,74.4,7.35,Passion/Interest,2.8,6.3,1.0,7.9,,Healthcare,Startup,Metro city,UI/UX Designer
INDYCC02252,20,Female,South,Tier 3,Science,B.Sc.,75.2,7.34,Parents,2.9,9.4,9.5,5.1,SQL,Design & Media,Higher studies,Metro city,UI/UX Designer
INDYCC02253,20,Female,West,Tier 2,Commerce,BMS,74.0,7.31,Passion/Interest,4.3,4.3,9.3,6.9,Python,Marketing,Private sector,Metro city,Financial Analyst
INDYCC02254,17,Male,North,Tier 3,Arts/Humanities,LLB,71.6,6.8,Salary/Package,4.8,3.4,8.5,8.5,Python,Marketing,Startup,Remote/Hybrid,Digital Marketer
INDYCC02255,21,Male,Central,Tier 2,Science,B.Sc.,96.1,9.7,Social Media,8.6,6.0,6.2,3.4,SQL,Design & Media,Higher studies,Metro city,Software Engineer
INDYCC02256,19,Female,West,Tier 2,Commerce,CA/Professional Course,65.5,6.34,Salary/Package,4.8,6.5,2.8,7.3,Python,Business & Finance,Private sector,Hometown,Financial Analyst
INDYCC02257,24,Male,North,Tier 1,Science,B.Sc.,74.8,7.88,Passion/Interest,7.9,4.5,9.4,3.8,Python,Healthcare,Higher studies,Metro city,Healthcare Professional
INDYCC02258,21,Female,North,Tier 1,Science,B.Pharm,86.3,9.06,Parents,7.1,6.9,5.4,5.6,JavaScript,Marketing,Government sector,Any city in India,Data Scientist
INDYCC02259,24,Female,South,Tier 2,Commerce,B.Com,72.9,7.34,Passion/Interest,5.7,4.3,8.5,1.8,Java,Government/Public Service,Private sector,Hometown,Government Officer
INDYCC02260,21,Female,North,Tier 1,Science,MBBS/Health Sciences,84.3,8.63,Parents,10.0,5.4,4.4,3.2,JavaScript,Research/Education,Self-employed/Freelance,Metro city,Healthcare Professional
INDYCC02261,24,Male,Northeast,Tier 2,Science,B.Pharm,80.6,8.04,Social Media,6.5,6.0,7.4,2.1,C++,Marketing,Private sector,Metro city,Data Scientist
INDYCC02262,23,Male,West,Tier 3,Commerce,BCA,69.6,7.22,Social Media,7.0,8.2,7.0,5.2,Python,Design & Media,Private sector,Metro city,Financial Analyst
INDYCC02263,18,Male,South,Tier 2,Commerce,BMS,68.4,6.66,Parents,5.0,5.9,7.5,5.6,JavaScript,Technology,Government sector,Any city in India,Financial Analyst
INDYCC02264,19,Female,West,Tier 3,Arts/Humanities,B.A.,76.4,7.54,Friends/Peers,3.7,7.1,5.2,4.3,Python,Business & Finance,Startup,Hometown,Product Manager
INDYCC02265,20,Male,North,Tier 3,Science,BCA,60.1,6.15,Friends/Peers,5.4,7.3,7.2,5.6,JavaScript,Business & Finance,Private sector,Any city in India,Data Scientist
INDYCC02266,19,Female,North,Tier 2,Arts/Humanities,BJMC/Media,59.5,6.31,Friends/Peers,5.8,6.8,4.8,5.7,"Python, SQL",Government/Public Service,Government sector,Metro city,Government Officer
INDYCC02267,22,Female,North,Tier 1,Science,BCA,47.1,5.0,Social Media,7.1,7.8,7.8,5.3,SQL,Technology,Private sector,Metro city,Software Engineer
INDYCC02268,23,Male,Central,Tier 2,Science,B.Sc.,60.3,5.74,Social Media,5.1,5.0,10.0,8.7,SQL,Marketing,Private sector,Metro city,Software Engineer
INDYCC02269,17,Female,Central,Tier 3,Science,MBBS/Health Sciences,84.0,8.71,Parents,9.7,3.1,8.4,5.5,SQL,Marketing,Private sector,Remote/Hybrid,Software Engineer
INDYCC02270,17,Male,South,Tier 3,Science,B.Tech/B.E.,72.2,7.09,Parents,7.6,5.3,5.2,8.3,C++,Technology,Private sector,Remote/Hybrid,Software Engineer
INDYCC02271,19,Female,North,Tier 1,Science,MBBS/Health Sciences,79.6,7.81,Parents,5.7,8.1,6.9,3.0,,Design & Media,Private sector,Metro city,Data Scientist
INDYCC02272,19,Male,Northeast,Tier 3,Science,MBBS/Health Sciences,85.6,8.79,Salary/Package,5.9,4.8,8.8,6.5,Python,Healthcare,Higher studies,Any city in India,Healthcare Professional
INDYCC02273,18,Female,South,Tier 1,Arts/Humanities,BBA,82.1,7.66,Passion/Interest,4.6,6.3,6.3,6.4,SQL,Government/Public Service,Startup,Hometown,Government Officer
INDYCC02274,20,Male,North,Tier 3,Science,B.Sc.,83.9,8.63,Social Media,7.8,6.3,5.1,3.5,Python,Design & Media,Private sector,Any city in India,Data Scientist
INDYCC02275,19,Female,Northeast,Tier 2,Commerce,BMS,70.3,6.93,Passion/Interest,4.0,4.1,8.2,6.6,,Research/Education,Private sector,Any city in India,Product Manager
INDYCC02276,21,Female,North,Tier 2,Science,B.Sc.,58.9,6.16,Parents,5.6,5.1,5.9,5.3,Python,Business & Finance,Private sector,Remote/Hybrid,Financial Analyst
INDYCC02277,24,Female,East,Tier 2,Commerce,CA/Professional Course,72.0,7.08,Social Media,3.8,9.8,7.5,6.9,Python,Technology,Higher studies,Hometown,Product Manager
INDYCC02278,19,Male,South,Tier 2,Commerce,BBA,74.9,7.83,Parents,6.6,6.3,4.2,5.2,JavaScript,Marketing,Private sector,Metro city,Government Officer
INDYCC02279,20,Male,West,Tier 1,Science,B.Sc.,59.7,6.15,Social Media,6.8,4.2,6.3,3.8,C++,Technology,Self-employed/Freelance,Hometown,Data Scientist
INDYCC02280,21,Male,Central,Tier 1,Commerce,BMS,75.8,7.64,Social Media,4.0,4.8,8.9,4.1,SQL,Government/Public Service,Higher studies,Metro city,Government Officer
INDYCC02281,21,Female,South,Tier 2,Commerce,BCA,59.6,6.34,Passion/Interest,9.0,3.8,8.7,3.0,Java,Marketing,Startup,Remote/Hybrid,Government Officer
INDYCC02282,24,Female,North,Tier 2,Science,B.Tech/B.E.,66.7,6.33,Passion/Interest,8.3,4.6,7.7,4.6,C++,Research/Education,Higher studies,Hometown,Researcher/Academician
INDYCC02283,20,Female,Northeast,Tier 1,Commerce,B.Com,67.7,6.5,Salary/Package,3.9,5.1,5.6,5.7,SQL,Technology,Higher studies,Metro city,Software Engineer
INDYCC02284,18,Male,South,Tier 3,Science,BCA,61.0,6.19,Salary/Package,5.6,6.5,7.9,6.2,C++,Design & Media,Government sector,Remote/Hybrid,Data Scientist
INDYCC02285,18,Female,Central,Tier 1,Science,MBBS/Health Sciences,63.0,6.13,Passion/Interest,7.5,7.1,8.3,5.9,Java,Design & Media,Private sector,Remote/Hybrid,Data Scientist
INDYCC02286,17,Male,Central,Tier 1,Commerce,BBA,90.0,9.42,Social Media,7.5,5.9,7.8,6.8,SQL,Business & Finance,Private sector,Hometown,Financial Analyst
INDYCC02287,17,Male,East,Tier 2,Science,BCA,66.8,6.67,Salary/Package,7.9,6.7,3.8,7.4,Python,Marketing,Higher studies,Hometown,Data Scientist
INDYCC02288,20,Male,North,Tier 2,Science,MBBS/Health Sciences,74.2,7.34,Parents,6.8,7.8,6.0,3.0,Java,Business & Finance,Startup,Hometown,Financial Analyst
INDYCC02289,21,Female,South,Tier 1,Arts/Humanities,B.A.,72.1,7.34,Social Media,6.5,3.1,7.1,6.1,"Python, SQL",Marketing,Private sector,Metro city,UI/UX Designer
INDYCC02290,18,Female,Northeast,Tier 3,Arts/Humanities,BBA,77.1,7.63,Friends/Peers,5.4,10.0,7.5,7.5,Java,Healthcare,Private sector,Metro city,Digital Marketer
INDYCC02291,21,Male,East,Tier 2,Commerce,B.Com,59.0,5.49,Parents,6.4,6.1,4.9,7.9,SQL,Government/Public Service,Startup,Any city in India,Government Officer
INDYCC02292,24,Female,Central,Tier 1,Arts/Humanities,B.Des,68.3,6.87,Social Media,2.0,7.8,5.4,3.8,,Government/Public Service,Private sector,Metro city,Government Officer
INDYCC02293,23,Male,South,Tier 2,Commerce,B.Com,80.6,7.96,Passion/Interest,7.9,5.5,9.4,5.1,Python,Research/Education,Startup,Hometown,Product Manager
INDYCC02294,18,Female,South,Tier 1,Arts/Humanities,LLB,86.9,8.64,Friends/Peers,1.3,5.0,5.7,8.2,,Marketing,Self-employed/Freelance,Any city in India,Digital Marketer
INDYCC02295,17,Male,North,Tier 2,Commerce,BCA,69.6,6.93,Friends/Peers,4.6,5.5,6.6,7.5,,Healthcare,Self-employed/Freelance,Any city in India,Healthcare Professional
INDYCC02296,24,Male,West,Tier 3,Science,B.Sc.,72.6,7.28,Friends/Peers,6.1,6.3,5.4,4.0,JavaScript,Technology,Government sector,Metro city,Software Engineer
INDYCC02297,24,Male,North,Tier 3,Science,B.Tech/B.E.,84.9,8.71,Social Media,9.3,5.3,7.0,5.4,SQL,Marketing,Private sector,Any city in India,Data Scientist
INDYCC02298,23,Female,North,Tier 2,Arts/Humanities,BBA,94.3,,Parents,7.1,6.4,5.7,6.8,,Government/Public Service,Startup,Metro city,Government Officer
INDYCC02299,21,Female,East,Tier 1,Science,B.Sc.,61.6,6.02,Parents,6.0,7.0,6.1,7.6,Python,Design & Media,Government sector,Hometown,UI/UX Designer
INDYCC02300,19,Female,East,Tier 3,Commerce,B.Com,72.4,7.34,Parents,3.7,5.3,7.5,5.6,,Business & Finance,Government sector,Hometown,Financial Analyst
INDYCC02301,18,Male,North,Tier 2,Arts/Humanities,BJMC/Media,69.6,,Social Media,1.5,9.7,7.6,6.4,Python,Technology,Higher studies,Metro city,Data Scientist
INDYCC02302,19,Male,West,Tier 1,Science,B.Tech/B.E.,74.4,7.33,Friends/Peers,7.7,7.4,7.9,4.7,SQL,Business & Finance,Private sector,Remote/Hybrid,Software Engineer
INDYCC02303,18,Female,Central,Tier 3,Science,B.Pharm,92.0,9.11,Passion/Interest,6.7,5.6,6.4,6.8,Java,Government/Public Service,Private sector,Remote/Hybrid,Software Engineer
INDYCC02304,19,Female,North,Tier 1,Science,B.Tech/B.E.,,8.26,Parents,5.6,5.7,6.0,7.2,,Technology,Self-employed/Freelance,Metro city,Software Engineer
INDYCC02305,17,Male,South,Tier 2,Commerce,BMS,79.2,8.1,Passion/Interest,8.3,7.6,4.6,3.6,,Research/Education,Private sector,Any city in India,Researcher/Academician
INDYCC02306,18,Female,South,Tier 2,Commerce,CA/Professional Course,87.4,8.35,Salary/Package,7.2,6.7,8.0,3.0,SQL,Marketing,Private sector,Metro city,Product Manager
INDYCC02307,19,Male,North,Tier 3,Arts/Humanities,LLB,69.2,6.71,Friends/Peers,5.2,4.7,4.9,5.8,"Python, SQL",Design & Media,Private sector,Any city in India,UI/UX Designer
INDYCC02308,24,Male,North,Tier 3,Science,MBBS/Health Sciences,78.9,8.0,Friends/Peers,5.8,6.6,7.2,7.5,SQL,Business & Finance,Government sector,Remote/Hybrid,Digital Marketer
INDYCC02309,18,Male,West,Tier 1,Commerce,BBA,76.5,7.7,Friends/Peers,4.9,5.4,4.2,4.0,,Marketing,Startup,Metro city,Product Manager
INDYCC02310,23,Male,West,Tier 3,Commerce,B.Com,86.8,9.07,Parents,4.1,4.5,5.5,5.0,SQL,Research/Education,Higher studies,Any city in India,Government Officer
INDYCC02311,22,Male,Northeast,Tier 2,Science,B.Pharm,78.4,7.83,Salary/Package,6.1,7.2,6.5,6.5,JavaScript,Marketing,Startup,Metro city,Data Scientist
INDYCC02312,23,Male,Central,Tier 3,Commerce,B.Com,50.2,5.0,Passion/Interest,3.8,7.0,6.4,6.2,SQL,Business & Finance,Higher studies,Any city in India,Product Manager
INDYCC02313,20,Female,North,Tier 1,Commerce,CA/Professional Course,63.5,6.54,Passion/Interest,4.4,7.4,8.0,4.1,,Design & Media,Private sector,Remote/Hybrid,Financial Analyst
INDYCC02314,17,Female,North,Tier 3,Commerce,BBA,72.6,7.52,Friends/Peers,10.0,5.1,9.8,4.3,C++,Business & Finance,Higher studies,Any city in India,Financial Analyst
INDYCC02315,22,Male,North,Tier 3,Arts/Humanities,BJMC/Media,54.2,5.22,Social Media,1.0,5.9,5.6,5.9,SQL,Healthcare,Government sector,Metro city,Healthcare Professional
INDYCC02316,18,Female,South,Tier 1,Science,BCA,82.4,8.33,Salary/Package,6.2,6.2,5.4,6.7,SQL,Business & Finance,Government sector,Metro city,Data Scientist
INDYCC02317,23,Female,East,Tier 3,Commerce,BCA,63.6,6.29,Social Media,3.1,5.6,9.1,8.2,Python,Design & Media,Startup,Metro city,UI/UX Designer
INDYCC02318,17,Female,South,Tier 3,Science,B.Pharm,75.0,7.68,Parents,8.5,7.1,9.1,5.1,JavaScript,Technology,Startup,Metro city,Software Engineer
INDYCC02319,20,Female,West,Tier 2,Arts/Humanities,BBA,76.6,,Parents,3.2,6.9,3.2,5.5,SQL,Marketing,Private sector,Metro city,Digital Marketer
INDYCC02320,20,Male,Central,Tier 3,Science,B.Pharm,79.6,7.6,Parents,5.5,6.7,6.0,4.5,Python,Design & Media,Private sector,Metro city,Data Scientist
INDYCC02321,24,Female,Central,Tier 1,Science,B.Pharm,82.8,8.21,Friends/Peers,7.5,7.1,6.5,6.4,JavaScript,Technology,Private sector,Metro city,Data Scientist
INDYCC02322,24,Male,North,Tier 3,Arts/Humanities,LLB,79.1,7.97,Passion/Interest,3.1,7.3,6.4,5.5,SQL,Technology,Higher studies,Any city in India,Data Scientist
INDYCC02323,22,Female,East,Tier 2,Arts/Humanities,B.Des,68.2,7.0,Friends/Peers,4.4,8.1,7.4,6.0,,Business & Finance,Government sector,Metro city,UI/UX Designer
INDYCC02324,24,Male,Northeast,Tier 3,Science,MBBS/Health Sciences,81.5,8.45,Passion/Interest,7.8,4.5,6.3,4.1,SQL,Research/Education,Private sector,Metro city,Data Scientist
INDYCC02325,18,Male,North,Tier 1,Arts/Humanities,BBA,75.7,7.92,Social Media,3.8,7.5,7.8,5.3,SQL,Business & Finance,Private sector,Any city in India,Government Officer
INDYCC02326,19,Female,South,Tier 2,Commerce,BCA,95.0,9.51,Salary/Package,3.3,8.5,4.1,5.3,SQL,Government/Public Service,Self-employed/Freelance,Any city in India,Product Manager
INDYCC02327,22,Female,Central,Tier 2,Science,B.Pharm,71.0,7.02,Parents,7.2,5.8,5.4,4.6,Java,Government/Public Service,Private sector,Any city in India,Government Officer
INDYCC02328,21,Female,South,Tier 1,Arts/Humanities,BJMC/Media,81.3,8.05,Parents,3.9,6.8,3.9,7.1,Python,Design & Media,Self-employed/Freelance,Hometown,Digital Marketer
INDYCC02329,21,Male,West,Tier 2,Commerce,BCA,65.7,6.57,Passion/Interest,1.6,6.3,5.7,6.1,,Design & Media,Higher studies,Any city in India,Government Officer
INDYCC02330,18,Male,East,Tier 2,Science,MBBS/Health Sciences,71.1,7.43,Passion/Interest,7.2,6.4,6.2,4.2,Python,Marketing,Private sector,Any city in India,Software Engineer
INDYCC02331,24,Female,West,Tier 1,Science,MBBS/Health Sciences,74.8,,Salary/Package,6.3,6.6,6.1,4.9,JavaScript,Marketing,Private sector,Hometown,Data Scientist
INDYCC02332,21,Male,East,Tier 2,Science,BCA,75.6,7.25,Parents,6.1,6.1,7.4,4.9,JavaScript,Healthcare,Private sector,Remote/Hybrid,Healthcare Professional
INDYCC02333,17,Male,South,Tier 2,Science,B.Pharm,73.7,7.21,Social Media,5.7,3.5,7.5,4.7,"Python, SQL",Technology,Higher studies,Any city in India,Data Scientist
INDYCC02334,20,Female,North,Tier 3,Science,B.Sc.,56.9,6.15,Parents,5.9,5.4,8.5,6.7,Python,Technology,Private sector,Hometown,Data Scientist
INDYCC02335,18,Female,West,Tier 3,Science,B.Tech/B.E.,55.8,5.61,Friends/Peers,7.3,6.6,7.3,8.6,C++,Technology,Private sector,Metro city,Data Scientist
INDYCC02336,20,Male,North,Tier 2,Science,MBBS/Health Sciences,61.2,6.35,Social Media,4.7,5.7,8.7,1.9,SQL,Design & Media,Higher studies,Metro city,UI/UX Designer
INDYCC02337,21,Female,Central,Tier 3,Science,MBBS/Health Sciences,56.4,5.59,Friends/Peers,5.5,5.9,8.1,2.7,"Python, SQL",Marketing,Private sector,Any city in India,Data Scientist
INDYCC02338,22,Male,South,Tier 3,Arts/Humanities,BJMC/Media,65.6,6.28,Parents,3.3,6.9,6.9,6.5,,Government/Public Service,Government sector,Any city in India,Government Officer
INDYCC02339,24,Male,North,Tier 2,Commerce,B.Com,56.6,5.7,Parents,2.2,7.4,7.3,7.1,,Design & Media,Startup,Any city in India,Digital Marketer
INDYCC02340,17,Male,South,Tier 2,Arts/Humanities,BBA,74.8,7.42,Friends/Peers,5.7,8.5,8.2,8.6,,Business & Finance,Startup,Hometown,Digital Marketer
INDYCC02341,24,Male,North,Tier 2,Commerce,B.Com,76.7,8.01,Salary/Package,5.7,6.5,6.8,1.3,C++,Government/Public Service,Self-employed/Freelance,Metro city,Government Officer
INDYCC02342,20,Female,South,Tier 3,Arts/Humanities,B.Des,77.3,7.31,Friends/Peers,6.0,5.9,6.0,4.6,Python,Business & Finance,Startup,Any city in India,Financial Analyst
INDYCC02343,23,Male,North,Tier 2,Arts/Humanities,BBA,60.7,5.97,Parents,4.3,7.8,4.3,6.6,,Marketing,Private sector,Any city in India,Product Manager
INDYCC02344,22,Male,East,Tier 2,Commerce,CA/Professional Course,61.4,6.01,Friends/Peers,5.0,5.2,6.6,6.8,Java,Government/Public Service,Self-employed/Freelance,Remote/Hybrid,Government Officer
INDYCC02345,19,Female,West,Tier 1,Commerce,BBA,71.7,6.94,Passion/Interest,3.1,5.8,4.2,7.7,SQL,Government/Public Service,Government sector,Remote/Hybrid,Government Officer
INDYCC02346,18,Female,North,Tier 1,Science,BCA,81.6,7.99,Friends/Peers,4.6,4.0,4.5,7.9,SQL,Research/Education,Private sector,Remote/Hybrid,Healthcare Professional
INDYCC02347,22,Female,South,Tier 1,Science,B.Sc.,45.0,5.23,Social Media,4.7,3.0,5.2,5.0,Python,Government/Public Service,Private sector,Any city in India,Government Officer
INDYCC02348,21,Female,West,Tier 2,Commerce,CA/Professional Course,59.3,5.54,Parents,1.1,7.1,7.4,7.6,Python,Business & Finance,Government sector,Any city in India,Product Manager
INDYCC02349,19,Female,North,Tier 2,Science,B.Pharm,,7.83,Passion/Interest,6.3,5.1,6.7,6.4,C++,Design & Media,Private sector,Metro city,Software Engineer
INDYCC02350,21,Female,West,Tier 2,Science,BCA,70.4,6.76,Parents,6.8,9.8,8.2,7.3,,Technology,Private sector,Metro city,Data Scientist
INDYCC02351,21,Female,West,Tier 3,Science,B.Sc.,84.3,8.41,Salary/Package,6.9,6.0,6.9,5.0,SQL,Research/Education,Higher studies,Hometown,Data Scientist
INDYCC02352,22,Male,Central,Tier 2,Science,B.Sc.,69.5,7.09,Passion/Interest,8.2,4.3,6.2,6.7,SQL,Technology,Private sector,Any city in India,Software Engineer
INDYCC02353,18,Female,West,Tier 2,Commerce,CA/Professional Course,89.0,8.96,Salary/Package,3.0,8.0,6.1,6.5,SQL,Business & Finance,Private sector,Metro city,Financial Analyst
INDYCC02354,18,Male,Northeast,Tier 1,Science,B.Tech/B.E.,74.7,7.23,Social Media,7.2,7.7,8.5,5.7,Java,Healthcare,Startup,Metro city,Healthcare Professional
INDYCC02355,23,Male,Central,Tier 3,Arts/Humanities,B.A.,67.4,7.1,Friends/Peers,3.6,7.8,4.0,10.0,,Business & Finance,Private sector,Remote/Hybrid,Researcher/Academician
INDYCC02356,20,Male,West,Tier 1,Science,BCA,53.9,5.14,Parents,4.8,4.4,6.5,4.3,Python,Technology,Higher studies,Any city in India,Software Engineer
INDYCC02357,18,Female,South,Tier 3,Commerce,CA/Professional Course,61.9,5.93,Passion/Interest,9.1,7.3,3.5,4.9,C++,Technology,Private sector,Metro city,Software Engineer
INDYCC02358,24,Male,North,Tier 2,Science,B.Tech/B.E.,75.4,7.66,Social Media,8.2,9.0,9.9,5.2,,Marketing,Private sector,Any city in India,Software Engineer
INDYCC02359,19,Male,Central,Tier 1,Commerce,BMS,57.2,5.4,Friends/Peers,7.2,3.6,9.6,1.0,,Design & Media,Startup,Metro city,Researcher/Academician
INDYCC02360,19,Male,West,Tier 1,Science,B.Sc.,77.2,8.03,Passion/Interest,2.9,5.8,7.1,5.1,SQL,Marketing,Government sector,Metro city,Software Engineer
INDYCC02361,20,Male,South,Tier 2,Arts/Humanities,BBA,78.8,8.04,Friends/Peers,2.8,5.6,6.1,6.2,SQL,Healthcare,Government sector,Remote/Hybrid,Healthcare Professional
INDYCC02362,17,Male,Northeast,Tier 1,Arts/Humanities,B.A.,56.0,5.72,Parents,4.8,10.0,1.8,7.6,SQL,Government/Public Service,Higher studies,Remote/Hybrid,Government Officer
INDYCC02363,17,Male,Central,Tier 3,Science,BCA,64.3,6.47,Passion/Interest,7.2,6.2,7.9,6.2,Python,Design & Media,Government sector,Remote/Hybrid,Data Scientist
INDYCC02364,20,Female,East,Tier 3,Commerce,BBA,78.1,7.69,Social Media,3.9,8.2,7.1,5.4,,Design & Media,Government sector,Remote/Hybrid,Digital Marketer
INDYCC02365,18,Female,Northeast,Tier 2,Science,MBBS/Health Sciences,75.9,7.51,Social Media,4.2,4.7,5.7,6.1,,Marketing,Private sector,Remote/Hybrid,Healthcare Professional
INDYCC02366,22,Male,East,Tier 3,Science,B.Pharm,78.2,7.86,Parents,7.1,3.7,6.2,7.2,,Healthcare,Private sector,Metro city,Healthcare Professional
INDYCC02367,18,Male,North,Tier 1,Science,B.Tech/B.E.,86.0,8.69,Parents,5.0,7.5,8.2,7.1,"Python, SQL",Healthcare,Private sector,Remote/Hybrid,Healthcare Professional
INDYCC02368,23,Male,Central,Tier 1,Science,B.Sc.,62.2,5.58,Passion/Interest,5.4,4.9,9.0,6.8,,Technology,Government sector,Hometown,Software Engineer
INDYCC02369,17,Male,West,Tier 1,Science,B.Pharm,71.7,7.04,Salary/Package,6.6,4.9,5.7,6.1,,Research/Education,Private sector,Any city in India,Software Engineer
INDYCC02370,17,Female,North,Tier 2,Commerce,BCA,69.9,7.01,Parents,6.4,6.9,6.6,3.6,SQL,Business & Finance,Private sector,Hometown,Product Manager
INDYCC02371,21,Female,North,Tier 2,Commerce,B.Com,67.7,6.91,Passion/Interest,4.3,5.9,3.6,5.5,,Technology,Startup,Any city in India,Product Manager
INDYCC02372,24,Female,West,Tier 1,Arts/Humanities,LLB,65.9,5.93,Social Media,1.0,9.8,5.0,7.1,Python,Business & Finance,Private sector,Metro city,UI/UX Designer
INDYCC02373,23,Male,West,Tier 2,Science,BCA,45.0,5.0,Parents,7.1,4.4,7.3,8.4,SQL,Business & Finance,Private sector,Remote/Hybrid,Digital Marketer
INDYCC02374,24,Male,North,Tier 1,Science,B.Pharm,66.7,6.42,Social Media,6.6,7.1,7.4,5.7,JavaScript,Government/Public Service,Startup,Remote/Hybrid,Government Officer
INDYCC02375,20,Female,East,Tier 2,Arts/Humanities,LLB,61.3,6.04,Passion/Interest,1.2,8.7,4.5,10.0,Python,Technology,Higher studies,Remote/Hybrid,Digital Marketer
INDYCC02376,23,Female,West,Tier 2,Science,B.Pharm,72.3,7.05,Salary/Package,4.8,4.8,7.5,4.5,Python,Government/Public Service,Government sector,Metro city,Data Scientist
INDYCC02377,22,Male,North,Tier 3,Commerce,B.Com,68.9,7.19,Salary/Package,7.2,5.6,6.4,4.0,C++,Healthcare,Private sector,Any city in India,Product Manager
INDYCC02378,17,Male,Northeast,Tier 2,Commerce,BBA,76.4,7.5,Parents,5.8,9.2,5.5,3.0,,Research/Education,Private sector,Hometown,Researcher/Academician
INDYCC02379,21,Male,North,Tier 3,Science,B.Tech/B.E.,49.7,5.0,Salary/Package,5.4,4.5,8.5,6.7,SQL,Technology,Government sector,Remote/Hybrid,Software Engineer
INDYCC02380,21,Non-binary/Prefer not to say,Central,Tier 3,Science,BCA,56.1,5.45,Friends/Peers,8.2,6.3,8.4,2.9,Java,Technology,Self-employed/Freelance,Hometown,Software Engineer
INDYCC02381,19,Male,North,Tier 3,Arts/Humanities,BBA,58.5,5.71,Social Media,5.1,6.7,6.4,7.4,,Design & Media,Government sector,Metro city,UI/UX Designer
INDYCC02382,24,Male,South,Tier 2,Science,BCA,76.0,7.9,Parents,7.9,5.2,6.4,6.5,Java,Marketing,Private sector,Remote/Hybrid,Software Engineer
INDYCC02383,19,Female,Central,Tier 1,Science,B.Tech/B.E.,91.8,9.29,Parents,3.7,7.1,7.4,4.7,SQL,Technology,Private sector,Hometown,Software Engineer
INDYCC02384,18,Female,West,Tier 1,Commerce,BCA,58.2,5.82,Friends/Peers,2.5,7.1,9.1,3.2,,Design & Media,Self-employed/Freelance,Metro city,UI/UX Designer
INDYCC02385,18,Male,West,Tier 1,Science,MBBS/Health Sciences,63.7,6.05,Social Media,2.9,6.1,5.4,5.9,Python,Government/Public Service,Private sector,Metro city,Software Engineer
INDYCC02386,17,Female,South,Tier 2,Science,B.Tech/B.E.,85.2,8.6,Passion/Interest,8.0,3.2,5.2,7.3,"Python, SQL",Technology,Government sector,Metro city,Software Engineer
INDYCC02387,24,Female,North,Tier 2,Science,B.Pharm,85.0,7.99,Parents,6.8,4.9,7.8,7.6,C++,Design & Media,Private sector,Remote/Hybrid,UI/UX Designer
INDYCC02388,19,Male,West,Tier 2,Arts/Humanities,B.Des,69.6,6.81,Parents,1.6,6.1,4.7,4.1,SQL,Research/Education,Higher studies,Hometown,Researcher/Academician
INDYCC02389,21,Female,East,Tier 3,Commerce,CA/Professional Course,70.8,7.33,Passion/Interest,7.2,5.0,7.5,5.8,C++,Government/Public Service,Government sector,Remote/Hybrid,Government Officer
INDYCC02390,20,Male,West,Tier 3,Commerce,BMS,66.7,7.12,Parents,4.7,7.7,3.0,4.6,,Business & Finance,Private sector,Any city in India,Product Manager
INDYCC02391,21,Female,West,Tier 2,Science,B.Sc.,55.6,5.53,Friends/Peers,5.3,4.6,6.9,6.8,C++,Business & Finance,Government sector,Remote/Hybrid,Financial Analyst
INDYCC02392,21,Male,South,Tier 3,Arts/Humanities,BJMC/Media,97.2,9.26,Parents,3.9,8.0,3.5,7.1,Python,Marketing,Self-employed/Freelance,Metro city,Digital Marketer
INDYCC02393,22,Male,West,Tier 3,Science,BCA,61.6,5.81,Passion/Interest,9.2,9.9,7.3,6.0,JavaScript,Healthcare,Higher studies,Hometown,Software Engineer
INDYCC02394,24,Male,Northeast,Tier 2,Arts/Humanities,B.A.,68.0,6.77,Parents,4.0,6.0,6.8,7.3,,Government/Public Service,Government sector,Remote/Hybrid,Government Officer
INDYCC02395,23,Male,West,Tier 3,Science,MBBS/Health Sciences,75.9,7.24,Social Media,6.0,6.2,7.3,6.2,Java,Government/Public Service,Higher studies,Metro city,Healthcare Professional
INDYCC02396,17,Male,West,Tier 1,Commerce,B.Com,79.5,7.66,Social Media,4.2,3.4,8.0,3.2,Python,Design & Media,Higher studies,Hometown,UI/UX Designer
INDYCC02397,22,Male,North,Tier 3,Science,B.Tech/B.E.,83.0,8.45,Salary/Package,7.6,7.3,5.1,6.7,,Technology,Private sector,Hometown,Data Scientist
INDYCC02398,22,Male,North,Tier 2,Science,MBBS/Health Sciences,74.2,7.6,Social Media,8.6,5.1,5.8,4.3,C++,Marketing,Government sector,Metro city,Data Scientist
INDYCC02399,21,Male,West,Tier 3,Commerce,CA/Professional Course,45.0,5.0,Parents,6.1,5.2,6.1,5.6,SQL,Marketing,Government sector,Remote/Hybrid,Financial Analyst
INDYCC02400,18,Male,South,Tier 3,Science,B.Pharm,67.4,6.76,Passion/Interest,7.9,6.9,7.6,6.0,C++,Marketing,Higher studies,Remote/Hybrid,Data Scientist
INDYCC02401,17,Male,South,Tier 3,Science,B.Pharm,65.5,6.85,Social Media,10.0,7.0,7.5,6.5,,Government/Public Service,Private sector,Any city in India,Government Officer
INDYCC02402,17,Female,Central,Tier 2,Arts/Humanities,LLB,63.1,6.32,Passion/Interest,5.6,8.3,6.6,4.7,SQL,Government/Public Service,Private sector,Any city in India,Government Officer
INDYCC02403,24,Male,South,Tier 3,Commerce,BBA,73.1,7.62,Parents,3.7,5.7,4.6,5.1,Python,Marketing,Self-employed/Freelance,Remote/Hybrid,Financial Analyst
INDYCC02404,24,Male,East,Tier 1,Science,MBBS/Health Sciences,,6.12,Social Media,10.0,5.8,6.1,2.6,SQL,Design & Media,Startup,Hometown,Software Engineer
INDYCC02405,21,Male,East,Tier 1,Science,BCA,69.9,6.33,Parents,4.1,7.5,6.8,9.3,Python,Healthcare,Private sector,Remote/Hybrid,Healthcare Professional
INDYCC02406,19,Male,East,Tier 1,Arts/Humanities,LLB,91.4,9.35,Parents,3.4,6.1,3.8,6.1,Python,Research/Education,Private sector,Remote/Hybrid,Researcher/Academician
INDYCC02407,17,Female,West,Tier 3,Science,B.Pharm,65.9,6.92,Parents,7.8,5.4,8.0,4.5,SQL,Government/Public Service,Startup,Remote/Hybrid,Data Scientist
INDYCC02408,23,Female,West,Tier 2,Science,MBBS/Health Sciences,63.0,6.26,Friends/Peers,7.0,5.2,6.6,5.9,Java,Design & Media,Higher studies,Remote/Hybrid,Software Engineer
INDYCC02409,17,Male,Central,Tier 2,Arts/Humanities,B.A.,89.4,8.69,Parents,5.1,7.7,3.0,8.9,,Marketing,Private sector,Any city in India,Digital Marketer
INDYCC02410,24,Male,East,Tier 1,Science,BCA,63.7,7.01,Parents,6.0,6.2,4.9,5.8,SQL,Government/Public Service,Government sector,Metro city,Software Engineer
INDYCC02411,21,Male,Central,Tier 3,Science,BCA,78.5,8.01,Passion/Interest,6.8,6.6,7.0,7.6,Python,Marketing,Private sector,Metro city,UI/UX Designer
INDYCC02412,17,Male,South,Tier 1,Science,B.Sc.,70.3,6.78,Social Media,3.0,7.1,9.0,6.6,Python,Healthcare,Government sector,Metro city,Healthcare Professional
INDYCC02413,19,Female,South,Tier 1,Science,B.Sc.,77.6,8.14,Parents,10.0,6.3,5.7,6.6,Python,Healthcare,Startup,Remote/Hybrid,Data Scientist
INDYCC02414,24,Female,North,Tier 1,Science,BCA,63.0,,Salary/Package,8.3,5.8,7.3,3.6,Java,Technology,Private sector,Remote/Hybrid,Data Scientist
INDYCC02415,20,Female,South,Tier 1,Commerce,B.Com,75.0,7.13,Salary/Package,3.6,7.7,4.4,1.8,,Healthcare,Private sector,Remote/Hybrid,Healthcare Professional
INDYCC02416,17,Female,East,Tier 2,Arts/Humanities,B.Des,60.5,6.23,Salary/Package,3.0,5.3,4.1,7.7,,Business & Finance,Higher studies,Any city in India,Software Engineer
INDYCC02417,20,Male,North,Tier 1,Commerce,B.Com,62.6,6.21,Parents,5.4,7.6,5.1,4.1,Python,Technology,Private sector,Metro city,Product Manager
INDYCC02418,17,Male,East,Tier 1,Science,B.Tech/B.E.,74.2,7.12,Passion/Interest,6.6,7.7,6.4,7.5,C++,Business & Finance,Higher studies,Remote/Hybrid,Product Manager
INDYCC02419,17,Female,North,Tier 3,Commerce,BBA,56.6,5.49,Friends/Peers,1.0,6.4,7.7,7.1,Python,Business & Finance,Higher studies,Metro city,Financial Analyst
INDYCC02420,17,Female,East,Tier 1,Commerce,B.Com,79.3,8.14,Parents,7.5,6.6,8.1,7.5,,Marketing,Private sector,Any city in India,Product Manager
INDYCC02421,20,Female,South,Tier 3,Commerce,BMS,82.9,8.59,Parents,2.0,9.4,9.0,3.6,SQL,Business & Finance,Government sector,Metro city,Product Manager
INDYCC02422,24,Male,East,Tier 1,Arts/Humanities,LLB,67.6,6.71,Salary/Package,1.3,5.1,5.7,7.1,Python,Research/Education,Self-employed/Freelance,Remote/Hybrid,Digital Marketer
INDYCC02423,24,Male,South,Tier 3,Science,MBBS/Health Sciences,71.1,7.19,Friends/Peers,10.0,5.7,4.8,4.9,SQL,Government/Public Service,Self-employed/Freelance,Hometown,Data Scientist
INDYCC02424,24,Female,South,Tier 1,Science,B.Sc.,60.2,5.68,Parents,5.7,6.2,8.1,5.8,Java,Design & Media,Self-employed/Freelance,Any city in India,UI/UX Designer
INDYCC02425,21,Female,South,Tier 1,Arts/Humanities,BBA,78.6,8.29,Passion/Interest,5.7,3.7,5.9,8.9,"Python, SQL",Technology,Higher studies,Any city in India,Digital Marketer
INDYCC02426,20,Female,Northeast,Tier 2,Arts/Humanities,BJMC/Media,53.6,5.33,Passion/Interest,3.9,6.7,5.2,7.2,,Technology,Private sector,Any city in India,Data Scientist
INDYCC02427,18,Male,Central,Tier 3,Science,B.Sc.,72.6,7.47,Social Media,8.5,5.4,7.1,7.0,"Python, SQL",Government/Public Service,Self-employed/Freelance,Any city in India,Software Engineer
INDYCC02428,23,Male,Central,Tier 2,Commerce,BBA,66.2,6.77,Salary/Package,3.5,4.2,6.3,3.5,Python,Marketing,Private sector,Remote/Hybrid,Financial Analyst
INDYCC02429,21,Female,North,Tier 3,Science,B.Sc.,68.8,6.61,Parents,5.0,4.1,8.6,5.5,Java,Healthcare,Government sector,Hometown,Healthcare Professional
INDYCC02430,21,Male,North,Tier 3,Commerce,BCA,81.2,8.6,Salary/Package,4.4,3.8,6.2,5.1,,Research/Education,Private sector,Any city in India,Financial Analyst
INDYCC02431,21,Male,West,Tier 3,Science,MBBS/Health Sciences,66.6,6.81,Passion/Interest,5.7,6.2,6.5,5.9,,Technology,Higher studies,Hometown,Software Engineer
INDYCC02432,17,Male,West,Tier 1,Commerce,BCA,65.3,6.44,Parents,1.6,7.3,9.6,4.8,SQL,Government/Public Service,Higher studies,Hometown,Government Officer
INDYCC02433,24,Female,East,Tier 2,Arts/Humanities,BJMC/Media,70.2,6.78,Parents,6.2,4.3,4.7,6.5,,Business & Finance,Self-employed/Freelance,Metro city,Digital Marketer
INDYCC02434,24,Female,West,Tier 2,Commerce,CA/Professional Course,45.0,5.0,Parents,10.0,4.3,4.9,4.6,C++,Design & Media,Higher studies,Remote/Hybrid,Government Officer
INDYCC02435,17,Female,West,Tier 2,Commerce,B.Com,75.6,7.99,Passion/Interest,4.8,5.9,9.7,6.0,,Design & Media,Private sector,Any city in India,Digital Marketer
INDYCC02436,23,Female,North,Tier 2,Arts/Humanities,B.A.,83.7,8.54,Social Media,4.0,6.3,5.9,7.1,SQL,Business & Finance,Private sector,Hometown,Digital Marketer
INDYCC02437,21,Female,Central,Tier 1,Commerce,CA/Professional Course,78.7,7.85,Passion/Interest,3.4,6.7,7.6,2.7,Python,Technology,Government sector,Metro city,Product Manager
INDYCC02438,20,Male,North,Tier 3,Arts/Humanities,B.Des,61.9,6.0,Social Media,4.7,6.4,4.8,7.6,Python,Marketing,Government sector,Remote/Hybrid,Digital Marketer
INDYCC02439,20,Female,West,Tier 3,Commerce,CA/Professional Course,74.4,7.5,Salary/Package,7.2,6.6,5.1,3.3,,Healthcare,Startup,Any city in India,Financial Analyst
INDYCC02440,24,Male,Northeast,Tier 2,Commerce,BCA,88.8,9.05,Passion/Interest,5.6,4.9,9.1,7.7,JavaScript,Business & Finance,Higher studies,Remote/Hybrid,Product Manager
INDYCC02441,24,Female,South,Tier 2,Science,B.Tech/B.E.,66.6,6.42,Passion/Interest,10.0,5.3,7.8,2.7,,Government/Public Service,Private sector,Any city in India,Government Officer
INDYCC02442,22,Male,West,Tier 2,Arts/Humanities,BBA,64.4,6.9,Friends/Peers,3.6,5.0,5.1,6.0,SQL,Marketing,Startup,Remote/Hybrid,Researcher/Academician
INDYCC02443,23,Female,South,Tier 2,Commerce,BBA,75.0,7.11,Social Media,4.7,6.0,8.7,4.7,,Technology,Startup,Hometown,Product Manager
INDYCC02444,23,Female,West,Tier 1,Science,MBBS/Health Sciences,81.5,7.86,Passion/Interest,5.4,7.2,6.3,4.8,Python,Healthcare,Government sector,Any city in India,Healthcare Professional
INDYCC02445,20,Female,North,Tier 3,Arts/Humanities,LLB,72.0,7.76,Social Media,3.4,7.6,5.5,7.5,Python,Technology,Self-employed/Freelance,Metro city,Government Officer
INDYCC02446,20,Female,South,Tier 2,Science,MBBS/Health Sciences,76.4,7.14,Social Media,4.9,5.3,6.5,6.1,SQL,Design & Media,Higher studies,Any city in India,Digital Marketer
INDYCC02447,18,Female,West,Tier 2,Arts/Humanities,BBA,58.9,6.32,Parents,2.0,6.0,4.0,7.3,SQL,Healthcare,Private sector,Hometown,UI/UX Designer
INDYCC02448,21,Male,West,Tier 2,Commerce,BMS,,6.71,Friends/Peers,3.8,6.2,8.8,8.3,SQL,Business & Finance,Private sector,Hometown,Financial Analyst
INDYCC02449,19,Male,North,Tier 2,Science,MBBS/Health Sciences,65.6,6.54,Passion/Interest,7.7,4.3,6.1,7.5,,Marketing,Government sector,Metro city,Software Engineer
INDYCC02450,17,Male,East,Tier 1,Commerce,B.Com,45.0,5.0,Social Media,5.2,7.2,6.0,6.4,C++,Design & Media,Private sector,Any city in India,Digital Marketer
INDYCC02451,23,Male,North,Tier 2,Science,MBBS/Health Sciences,73.7,7.36,Passion/Interest,5.2,6.1,9.2,2.5,JavaScript,Design & Media,Self-employed/Freelance,Any city in India,UI/UX Designer
INDYCC02452,22,Female,West,Tier 1,Science,B.Sc.,80.3,8.09,Social Media,6.6,6.6,6.2,7.4,SQL,Marketing,Private sector,Any city in India,Software Engineer
INDYCC02453,19,Female,West,Tier 1,Science,B.Sc.,82.0,8.21,Passion/Interest,6.6,5.2,8.5,4.7,"Python, SQL",Design & Media,Private sector,Hometown,UI/UX Designer
INDYCC02454,18,Male,East,Tier 2,Arts/Humanities,B.A.,56.3,5.39,Salary/Package,5.2,5.7,6.0,6.8,SQL,Government/Public Service,Self-employed/Freelance,Remote/Hybrid,Data Scientist
INDYCC02455,20,Male,North,Tier 2,Science,B.Pharm,76.0,7.87,Friends/Peers,7.5,5.1,8.6,4.6,,Research/Education,Higher studies,Any city in India,Researcher/Academician
INDYCC02456,20,Female,Northeast,Tier 2,Arts/Humanities,BBA,51.6,5.06,Friends/Peers,2.0,5.5,7.5,6.9,SQL,Business & Finance,Private sector,Metro city,Digital Marketer
INDYCC02457,24,Male,Central,Tier 2,Commerce,CA/Professional Course,55.8,5.66,Parents,1.0,7.4,4.3,4.3,Python,Technology,Private sector,Remote/Hybrid,Financial Analyst
INDYCC02458,18,Female,East,Tier 2,Science,B.Sc.,54.4,5.17,Passion/Interest,8.6,6.4,8.9,3.7,Java,Technology,Private sector,Remote/Hybrid,Software Engineer
INDYCC02459,20,Female,South,Tier 3,Science,BCA,76.1,7.39,Social Media,8.7,9.1,5.6,7.4,JavaScript,Healthcare,Self-employed/Freelance,Metro city,Data Scientist
INDYCC02460,21,Male,North,Tier 3,Science,BCA,64.5,6.42,Salary/Package,5.4,6.4,6.3,3.0,Python,Design & Media,Private sector,Any city in India,Software Engineer
INDYCC02461,21,Male,West,Tier 2,Commerce,B.Com,77.7,7.43,Friends/Peers,3.7,5.7,5.5,4.5,Python,Technology,Higher studies,Metro city,Product Manager
INDYCC02462,21,Female,East,Tier 2,Commerce,BBA,80.4,8.22,Parents,1.9,10.0,6.5,3.4,Python,Marketing,Self-employed/Freelance,Any city in India,Financial Analyst
INDYCC02463,20,Male,East,Tier 2,Science,BCA,98.0,9.48,Friends/Peers,4.6,7.3,9.9,4.0,,Technology,Government sector,Any city in India,Data Scientist
INDYCC02464,24,Female,North,Tier 3,Arts/Humanities,BBA,,6.61,Social Media,2.7,7.8,5.5,7.8,,Government/Public Service,Government sector,Metro city,Government Officer
INDYCC02465,20,Female,South,Tier 1,Science,BCA,62.0,6.15,Passion/Interest,4.3,5.9,7.8,2.4,SQL,Technology,Private sector,Remote/Hybrid,Software Engineer
INDYCC02466,21,Male,East,Tier 3,Commerce,BBA,70.8,7.05,Passion/Interest,6.8,9.2,4.8,4.3,"Python, SQL",Marketing,Private sector,Any city in India,Product Manager
INDYCC02467,23,Non-binary/Prefer not to say,Northeast,Tier 1,Science,B.Tech/B.E.,85.4,8.71,Salary/Package,4.5,4.5,7.3,7.0,Python,Marketing,Government sector,Metro city,Data Scientist
INDYCC02468,17,Female,North,Tier 1,Science,BCA,,6.27,Salary/Package,6.0,3.3,5.7,4.1,SQL,Healthcare,Government sector,Remote/Hybrid,Healthcare Professional
INDYCC02469,19,Female,North,Tier 2,Science,B.Sc.,80.8,8.44,Social Media,9.3,5.3,6.9,6.1,Python,Marketing,Private sector,Metro city,Software Engineer
INDYCC02470,23,Male,Northeast,Tier 2,Arts/Humanities,BBA,47.4,5.03,Passion/Interest,5.0,10.0,6.5,3.6,"Python, SQL",Marketing,Private sector,Remote/Hybrid,Software Engineer
INDYCC02471,18,Female,West,Tier 1,Arts/Humanities,B.Des,74.3,7.13,Parents,5.9,6.3,7.9,6.0,Python,Healthcare,Higher studies,Remote/Hybrid,Digital Marketer
INDYCC02472,21,Female,North,Tier 2,Arts/Humanities,B.A.,57.5,5.82,Social Media,3.2,6.2,9.0,7.6,Python,Healthcare,Startup,Remote/Hybrid,Digital Marketer
INDYCC02473,19,Male,South,Tier 1,Science,B.Pharm,72.4,7.18,Friends/Peers,4.6,6.7,4.3,4.9,,Business & Finance,Startup,Hometown,Healthcare Professional
INDYCC02474,22,Female,West,Tier 2,Arts/Humanities,LLB,71.8,7.34,Parents,3.6,6.0,5.5,8.3,,Marketing,Private sector,Any city in India,UI/UX Designer
INDYCC02475,19,Female,North,Tier 2,Commerce,CA/Professional Course,65.4,6.45,Passion/Interest,1.4,3.2,5.4,5.7,Python,Business & Finance,Private sector,Hometown,Financial Analyst
INDYCC02476,21,Female,West,Tier 3,Science,B.Tech/B.E.,65.7,6.64,Friends/Peers,6.7,5.5,6.8,4.4,Java,Technology,Higher studies,Metro city,Data Scientist
INDYCC02477,18,Male,Northeast,Tier 2,Commerce,B.Com,76.8,7.83,Salary/Package,4.8,6.2,4.6,4.9,,Technology,Private sector,Metro city,Product Manager
INDYCC02478,20,Male,South,Tier 1,Arts/Humanities,B.A.,73.4,7.06,Parents,7.2,8.0,2.8,10.0,,Research/Education,Higher studies,Any city in India,Digital Marketer
INDYCC02479,18,Female,East,Tier 1,Arts/Humanities,LLB,79.4,7.78,Friends/Peers,4.1,6.0,2.1,7.6,SQL,Technology,Private sector,Metro city,UI/UX Designer
INDYCC02480,22,Female,Central,Tier 2,Science,B.Pharm,60.7,6.33,Social Media,8.0,6.0,5.7,3.5,C++,Technology,Self-employed/Freelance,Remote/Hybrid,Software Engineer
INDYCC02481,22,Male,East,Tier 2,Commerce,B.Com,71.4,7.49,Parents,3.4,5.8,6.9,7.4,,Technology,Government sector,Remote/Hybrid,Product Manager
INDYCC02482,18,Male,South,Tier 3,Science,B.Pharm,63.0,6.49,Friends/Peers,7.1,8.8,5.9,6.4,SQL,Research/Education,Private sector,Metro city,Data Scientist
INDYCC02483,21,Female,South,Tier 2,Science,B.Pharm,78.1,7.79,Parents,5.9,7.4,9.1,3.7,C++,Research/Education,Private sector,Remote/Hybrid,Software Engineer
INDYCC02484,21,Male,Central,Tier 1,Arts/Humanities,BBA,77.1,7.57,Parents,1.4,7.1,3.9,10.0,Python,Marketing,Higher studies,Metro city,UI/UX Designer
INDYCC02485,18,Male,West,Tier 2,Commerce,CA/Professional Course,69.1,6.48,Parents,6.4,4.8,5.1,6.3,"Python, SQL",Business & Finance,Private sector,Remote/Hybrid,Financial Analyst
INDYCC02486,22,Male,Northeast,Tier 2,Science,MBBS/Health Sciences,55.7,5.55,Parents,6.3,7.7,7.5,5.7,Python,Research/Education,Private sector,Any city in India,Researcher/Academician
INDYCC02487,22,Female,West,Tier 2,Science,B.Pharm,79.8,7.54,Parents,7.9,6.4,4.6,2.7,Java,Healthcare,Private sector,Metro city,Software Engineer
INDYCC02488,23,Male,North,Tier 2,Science,MBBS/Health Sciences,59.7,5.79,Parents,6.9,7.2,6.2,6.7,"Python, SQL",Government/Public Service,Startup,Any city in India,Government Officer
INDYCC02489,18,Female,Central,Tier 2,Arts/Humanities,BJMC/Media,76.9,8.2,Friends/Peers,3.7,7.0,7.4,8.3,Python,Business & Finance,Startup,Remote/Hybrid,Digital Marketer
INDYCC02490,17,Male,East,Tier 1,Arts/Humanities,BBA,64.3,6.15,Friends/Peers,4.3,10.0,4.7,6.1,,Technology,Startup,Metro city,Digital Marketer
INDYCC02491,18,Male,South,Tier 3,Commerce,BBA,76.3,7.89,Social Media,7.9,2.1,7.9,4.9,Java,Design & Media,Higher studies,Hometown,Financial Analyst
INDYCC02492,19,Female,West,Tier 2,Arts/Humanities,B.Des,88.3,8.8,Parents,2.1,4.9,5.2,7.6,,Design & Media,Private sector,Hometown,UI/UX Designer
INDYCC02493,20,Male,North,Tier 3,Commerce,BBA,73.3,6.99,Parents,2.4,4.4,6.7,2.5,SQL,Design & Media,Private sector,Remote/Hybrid,Product Manager
INDYCC02494,19,Male,Central,Tier 3,Science,B.Tech/B.E.,68.0,6.87,Passion/Interest,7.3,6.6,7.4,7.4,Python,Business & Finance,Private sector,Metro city,Data Scientist
INDYCC02495,22,Male,West,Tier 1,Science,B.Sc.,68.7,7.29,Parents,8.9,6.3,9.3,5.3,Java,Government/Public Service,Government sector,Remote/Hybrid,Software Engineer
INDYCC02496,19,Female,East,Tier 2,Science,B.Tech/B.E.,63.8,6.35,Passion/Interest,8.0,5.7,8.8,6.2,,Technology,Government sector,Remote/Hybrid,Data Scientist
INDYCC02497,20,Male,North,Tier 2,Arts/Humanities,LLB,69.6,6.83,Parents,6.6,10.0,7.0,6.9,SQL,Healthcare,Higher studies,Any city in India,Financial Analyst
INDYCC02498,20,Female,Central,Tier 2,Commerce,BBA,62.6,6.58,Passion/Interest,4.8,5.5,4.8,3.5,Python,Healthcare,Higher studies,Any city in India,Healthcare Professional
INDYCC02499,17,Male,West,Tier 2,Commerce,CA/Professional Course,61.5,6.37,Social Media,5.0,5.8,6.2,6.5,JavaScript,Business & Finance,Self-employed/Freelance,Any city in India,Product Manager
INDYCC02500,21,Male,Northeast,Tier 1,Science,B.Pharm,54.7,5.0,Salary/Package,7.8,6.2,6.6,4.5,C++,Marketing,Private sector,Remote/Hybrid,Software Engineer
INDYCC02501,22,Female,West,Tier 1,Commerce,BBA,45.0,5.0,Social Media,7.3,6.2,6.0,3.5,SQL,Healthcare,Self-employed/Freelance,Metro city,Product Manager
INDYCC02502,24,Female,West,Tier 2,Science,BCA,88.9,9.08,Parents,7.9,3.1,6.5,2.7,Python,Research/Education,Higher studies,Hometown,Data Scientist
INDYCC02503,19,Male,East,Tier 1,Science,B.Sc.,,8.08,Passion/Interest,5.9,4.9,8.0,7.2,,Healthcare,Private sector,Metro city,Healthcare Professional
INDYCC02504,18,Female,North,Tier 1,Science,B.Pharm,68.8,6.86,Friends/Peers,4.6,5.2,6.8,9.5,,Business & Finance,Self-employed/Freelance,Any city in India,Financial Analyst
INDYCC02505,20,Female,North,Tier 1,Science,MBBS/Health Sciences,73.4,7.51,Salary/Package,9.0,7.0,7.7,3.8,Python,Business & Finance,Higher studies,Metro city,Software Engineer
INDYCC02506,22,Male,South,Tier 3,Commerce,CA/Professional Course,78.8,7.71,Parents,5.0,4.7,6.3,1.8,Java,Healthcare,Private sector,Any city in India,Product Manager
INDYCC02507,17,Male,South,Tier 1,Science,B.Pharm,80.9,8.13,Salary/Package,5.0,5.0,7.1,6.8,SQL,Research/Education,Private sector,Metro city,Data Scientist
INDYCC02508,17,Female,East,Tier 3,Science,B.Sc.,66.0,6.91,Passion/Interest,7.6,8.2,6.3,6.0,JavaScript,Technology,Private sector,Hometown,Data Scientist
INDYCC02509,18,Female,Northeast,Tier 2,Commerce,CA/Professional Course,86.2,8.47,Friends/Peers,6.5,6.2,7.0,4.1,"Python, SQL",Technology,Private sector,Remote/Hybrid,Product Manager
INDYCC02510,21,Male,Central,Tier 1,Arts/Humanities,LLB,77.7,7.86,Salary/Package,6.9,6.7,4.4,5.7,JavaScript,Healthcare,Private sector,Remote/Hybrid,Healthcare Professional
INDYCC02511,22,Male,East,Tier 1,Commerce,BCA,51.0,5.0,Friends/Peers,4.8,8.9,7.0,9.2,,Design & Media,Government sector,Metro city,UI/UX Designer
INDYCC02512,18,Female,East,Tier 1,Arts/Humanities,B.A.,71.8,6.92,Parents,5.0,4.4,4.2,8.0,Java,Healthcare,Private sector,Any city in India,Data Scientist
INDYCC02513,18,Female,East,Tier 1,Commerce,BCA,76.5,8.14,Parents,5.5,6.6,6.7,5.8,SQL,Marketing,Private sector,Remote/Hybrid,Financial Analyst
INDYCC02514,23,Male,West,Tier 1,Arts/Humanities,BBA,60.9,6.18,Social Media,6.3,7.6,6.5,7.6,C++,Marketing,Private sector,Hometown,UI/UX Designer
INDYCC02515,20,Male,West,Tier 2,Arts/Humanities,BJMC/Media,67.5,6.46,Parents,7.5,9.5,4.4,7.0,C++,Technology,Startup,Metro city,Digital Marketer
INDYCC02516,23,Female,North,Tier 2,Commerce,BCA,79.2,7.73,Salary/Package,4.1,7.7,6.8,2.2,,Design & Media,Startup,Metro city,Product Manager
INDYCC02517,17,Female,North,Tier 2,Science,MBBS/Health Sciences,71.3,6.84,Passion/Interest,5.4,4.4,6.3,5.1,Python,Technology,Private sector,Any city in India,Healthcare Professional
INDYCC02518,21,Male,North,Tier 2,Science,B.Pharm,77.6,8.1,Salary/Package,7.2,7.0,5.6,9.3,SQL,Government/Public Service,Higher studies,Metro city,Software Engineer
INDYCC02519,22,Male,Central,Tier 2,Science,B.Pharm,82.8,8.2,Passion/Interest,6.8,7.9,6.3,2.5,"Python, SQL",Business & Finance,Private sector,Any city in India,Software Engineer
INDYCC02520,18,Female,North,Tier 1,Science,B.Pharm,71.1,7.24,Passion/Interest,1.0,6.4,9.7,5.3,Python,Government/Public Service,Startup,Any city in India,Government Officer
INDYCC02521,18,Female,North,Tier 1,Arts/Humanities,B.Des,47.1,5.0,Social Media,5.2,6.0,5.0,7.6,SQL,Technology,Self-employed/Freelance,Metro city,UI/UX Designer
INDYCC02522,19,Male,East,Tier 2,Arts/Humanities,B.Des,66.4,6.9,Social Media,1.2,5.8,3.6,7.9,,Research/Education,Private sector,Any city in India,Researcher/Academician
INDYCC02523,24,Male,North,Tier 2,Science,BCA,71.2,7.3,Parents,5.0,7.2,5.3,7.6,JavaScript,Healthcare,Private sector,Remote/Hybrid,Healthcare Professional
INDYCC02524,24,Male,Northeast,Tier 2,Commerce,B.Com,86.3,8.68,Passion/Interest,4.5,7.6,6.2,5.4,SQL,Healthcare,Government sector,Metro city,Financial Analyst
INDYCC02525,24,Female,West,Tier 2,Commerce,B.Com,87.4,8.56,Friends/Peers,6.1,6.1,4.6,6.7,SQL,Design & Media,Private sector,Remote/Hybrid,UI/UX Designer
INDYCC02526,23,Female,East,Tier 2,Science,B.Tech/B.E.,68.2,6.9,Social Media,6.3,7.4,4.4,6.5,"Python, SQL",Technology,Self-employed/Freelance,Any city in India,Software Engineer
INDYCC02527,20,Male,Central,Tier 1,Arts/Humanities,B.A.,72.7,7.18,Parents,4.3,8.0,4.2,6.4,Python,Marketing,Government sector,Remote/Hybrid,UI/UX Designer
INDYCC02528,21,Male,East,Tier 2,Arts/Humanities,B.Des,70.3,6.79,Passion/Interest,2.9,7.9,4.4,7.8,SQL,Business & Finance,Self-employed/Freelance,Hometown,Digital Marketer
INDYCC02529,23,Female,Northeast,Tier 1,Science,BCA,45.0,5.0,Salary/Package,8.8,7.7,5.9,5.5,C++,Government/Public Service,Higher studies,Hometown,Data Scientist
INDYCC02530,20,Male,North,Tier 2,Commerce,BBA,65.3,6.71,Parents,4.4,6.1,8.3,8.0,,Technology,Government sector,Metro city,Product Manager
INDYCC02531,23,Female,Northeast,Tier 3,Commerce,B.Com,75.7,7.71,Social Media,3.9,7.3,9.2,6.1,SQL,Business & Finance,Self-employed/Freelance,Remote/Hybrid,Financial Analyst
INDYCC02532,17,Male,West,Tier 1,Arts/Humanities,BJMC/Media,52.9,5.0,Salary/Package,7.7,6.4,6.0,6.7,JavaScript,Healthcare,Private sector,Hometown,Healthcare Professional
INDYCC02533,17,Female,Central,Tier 2,Science,B.Tech/B.E.,88.9,8.4,Parents,8.4,8.7,7.2,6.0,C++,Government/Public Service,Private sector,Hometown,Government Officer
INDYCC02534,19,Male,South,Tier 2,Science,B.Tech/B.E.,62.6,5.9,Passion/Interest,5.2,7.0,6.9,7.3,JavaScript,Design & Media,Higher studies,Remote/Hybrid,Digital Marketer
INDYCC02535,22,Female,North,Tier 2,Commerce,BMS,98.0,9.72,Salary/Package,3.7,3.7,7.2,3.5,SQL,Business & Finance,Private sector,Remote/Hybrid,Financial Analyst
INDYCC02536,24,Female,South,Tier 2,Commerce,BMS,64.3,6.79,Friends/Peers,6.4,7.4,6.0,3.5,C++,Marketing,Private sector,Metro city,Product Manager
INDYCC02537,18,Male,South,Tier 1,Commerce,CA/Professional Course,64.9,6.96,Friends/Peers,4.5,7.7,6.9,3.5,SQL,Technology,Government sector,Metro city,Data Scientist
INDYCC02538,24,Female,South,Tier 2,Commerce,CA/Professional Course,64.9,6.41,Passion/Interest,6.2,4.8,7.6,6.8,"Python, SQL",Healthcare,Self-employed/Freelance,Remote/Hybrid,Healthcare Professional
INDYCC02539,23,Female,South,Tier 3,Arts/Humanities,B.A.,45.0,5.0,Parents,1.0,8.4,4.5,7.3,,Technology,Government sector,Metro city,Digital Marketer
INDYCC02540,17,Female,North,Tier 3,Commerce,B.Com,74.2,7.42,Passion/Interest,2.5,5.6,7.1,4.6,SQL,Marketing,Higher studies,Hometown,Financial Analyst
INDYCC02541,23,Female,North,Tier 2,Arts/Humanities,BJMC/Media,50.6,5.28,Salary/Package,5.4,7.6,3.9,8.6,"Python, SQL",Technology,Private sector,Any city in India,UI/UX Designer
INDYCC02542,24,Female,South,Tier 2,Commerce,BBA,61.5,6.29,Friends/Peers,5.5,9.3,7.4,2.9,,Technology,Private sector,Hometown,Financial Analyst
INDYCC02543,22,Male,West,Tier 1,Arts/Humanities,B.A.,84.7,8.61,Friends/Peers,3.9,5.4,3.6,7.7,,Technology,Private sector,Metro city,Financial Analyst
INDYCC02544,17,Male,South,Tier 2,Science,B.Tech/B.E.,61.2,6.17,Friends/Peers,5.6,5.7,9.9,6.7,Java,Business & Finance,Self-employed/Freelance,Metro city,Data Scientist
INDYCC02545,18,Male,Central,Tier 2,Arts/Humanities,BBA,87.8,9.19,Parents,3.4,7.2,4.1,7.1,SQL,Marketing,Higher studies,Metro city,UI/UX Designer
INDYCC02546,21,Female,North,Tier 2,Arts/Humanities,B.Des,71.9,7.66,Parents,4.3,4.7,6.5,6.5,,Technology,Self-employed/Freelance,Metro city,Software Engineer
INDYCC02547,24,Female,West,Tier 2,Science,B.Tech/B.E.,77.3,8.27,Passion/Interest,4.8,5.2,6.0,5.8,Python,Technology,Government sector,Remote/Hybrid,Software Engineer
INDYCC02548,23,Male,South,Tier 2,Science,B.Pharm,54.2,5.16,Parents,7.0,5.1,7.6,6.2,C++,Business & Finance,Private sector,Metro city,Software Engineer
INDYCC02549,23,Non-binary/Prefer not to say,Central,Tier 1,Arts/Humanities,B.A.,67.2,6.38,Salary/Package,1.2,5.8,5.6,9.5,Python,Business & Finance,Self-employed/Freelance,Metro city,Digital Marketer
INDYCC02550,17,Female,North,Tier 3,Arts/Humanities,BBA,85.9,8.74,Passion/Interest,3.1,6.5,5.7,5.3,SQL,Marketing,Private sector,Hometown,Government Officer
INDYCC02551,20,Male,Central,Tier 2,Science,B.Tech/B.E.,79.7,7.74,Parents,4.3,4.1,8.0,5.5,Python,Design & Media,Higher studies,Metro city,UI/UX Designer
INDYCC02552,23,Female,Central,Tier 2,Science,B.Pharm,79.8,,Friends/Peers,7.0,8.2,7.0,6.0,,Healthcare,Self-employed/Freelance,Remote/Hybrid,Healthcare Professional
INDYCC02553,19,Male,West,Tier 3,Science,B.Sc.,78.3,8.12,Parents,5.8,4.3,8.0,6.6,Java,Research/Education,Private sector,Hometown,Software Engineer
INDYCC02554,23,Male,Central,Tier 1,Commerce,B.Com,86.1,9.04,Social Media,4.7,9.0,7.2,6.3,,Design & Media,Private sector,Any city in India,UI/UX Designer
INDYCC02555,17,Female,South,Tier 2,Commerce,BCA,98.0,9.8,Passion/Interest,3.0,8.5,7.2,7.4,,Government/Public Service,Private sector,Metro city,Government Officer
INDYCC02556,23,Female,Northeast,Tier 2,Commerce,B.Com,54.5,5.73,Parents,3.8,5.3,3.9,5.4,SQL,Research/Education,Startup,Any city in India,Financial Analyst
INDYCC02557,22,Female,North,Tier 3,Commerce,BMS,81.7,8.24,Salary/Package,5.3,7.1,6.7,5.7,,Technology,Private sector,Remote/Hybrid,Product Manager
INDYCC02558,22,Female,Central,Tier 1,Science,BCA,70.4,6.85,Friends/Peers,6.3,5.3,6.0,4.8,JavaScript,Business & Finance,Self-employed/Freelance,Remote/Hybrid,Financial Analyst
INDYCC02559,20,Male,North,Tier 2,Commerce,BCA,61.2,6.14,Salary/Package,6.5,8.5,5.2,8.4,SQL,Business & Finance,Self-employed/Freelance,Remote/Hybrid,Product Manager
INDYCC02560,19,Female,Northeast,Tier 2,Arts/Humanities,LLB,68.6,7.01,Parents,4.7,3.4,2.5,7.8,Python,Technology,Higher studies,Remote/Hybrid,Data Scientist
INDYCC02561,19,Male,East,Tier 2,Arts/Humanities,BJMC/Media,81.8,8.53,Salary/Package,2.7,7.1,6.8,6.6,SQL,Design & Media,Self-employed/Freelance,Hometown,UI/UX Designer
INDYCC02562,22,Male,West,Tier 3,Science,MBBS/Health Sciences,80.7,7.78,Social Media,5.3,7.8,5.2,5.0,Java,Technology,Private sector,Remote/Hybrid,Government Officer
INDYCC02563,19,Female,South,Tier 3,Arts/Humanities,BBA,65.6,6.12,Salary/Package,1.1,8.6,7.1,7.0,Python,Business & Finance,Private sector,Remote/Hybrid,Digital Marketer
INDYCC02564,17,Female,Northeast,Tier 2,Arts/Humanities,LLB,67.7,7.47,Parents,4.8,5.8,8.2,7.0,SQL,Design & Media,Higher studies,Metro city,UI/UX Designer
INDYCC02565,23,Female,Northeast,Tier 3,Science,B.Pharm,65.4,6.48,Salary/Package,5.7,7.0,8.6,7.6,"Python, SQL",Marketing,Private sector,Any city in India,UI/UX Designer
INDYCC02566,20,Male,East,Tier 2,Arts/Humanities,BJMC/Media,53.9,5.49,Salary/Package,5.5,6.4,4.4,3.5,"Python, SQL",Government/Public Service,Self-employed/Freelance,Metro city,Government Officer
INDYCC02567,17,Male,Central,Tier 1,Science,B.Sc.,70.8,7.14,Parents,7.7,5.7,6.9,4.7,JavaScript,Marketing,Private sector,Remote/Hybrid,Researcher/Academician
INDYCC02568,22,Male,Central,Tier 1,Arts/Humanities,BBA,65.6,6.51,Passion/Interest,1.5,5.0,4.6,7.9,Python,Design & Media,Private sector,Remote/Hybrid,Digital Marketer
INDYCC02569,24,Male,Northeast,Tier 1,Science,MBBS/Health Sciences,61.7,6.1,Parents,5.1,6.8,6.2,6.3,JavaScript,Government/Public Service,Higher studies,Metro city,Government Officer
INDYCC02570,20,Female,South,Tier 3,Arts/Humanities,BJMC/Media,73.4,7.61,Parents,4.8,7.1,5.4,9.7,,Technology,Private sector,Hometown,Digital Marketer
INDYCC02571,22,Female,Central,Tier 2,Science,B.Sc.,76.4,7.45,Parents,8.8,6.9,8.8,7.0,C++,Design & Media,Private sector,Any city in India,Digital Marketer
INDYCC02572,20,Male,South,Tier 1,Commerce,BMS,81.5,8.44,Friends/Peers,6.5,7.4,7.9,6.6,,Government/Public Service,Higher studies,Any city in India,Government Officer
INDYCC02573,18,Female,Northeast,Tier 1,Science,B.Pharm,75.2,6.92,Salary/Package,8.3,6.7,6.2,3.4,"Python, SQL",Marketing,Private sector,Remote/Hybrid,Data Scientist
INDYCC02574,22,Female,Northeast,Tier 2,Science,MBBS/Health Sciences,69.4,7.04,Salary/Package,7.0,7.0,6.4,5.6,Python,Design & Media,Government sector,Any city in India,Product Manager
INDYCC02575,18,Male,East,Tier 2,Science,B.Sc.,88.0,8.73,Friends/Peers,5.6,8.1,5.7,2.1,JavaScript,Technology,Private sector,Any city in India,Software Engineer
INDYCC02576,21,Male,West,Tier 2,Science,B.Sc.,72.4,6.89,Friends/Peers,8.1,4.4,7.0,4.5,JavaScript,Technology,Private sector,Hometown,Software Engineer
INDYCC02577,18,Male,South,Tier 2,Science,BCA,58.1,5.95,Passion/Interest,5.8,6.7,6.8,6.0,Java,Technology,Government sector,Remote/Hybrid,Software Engineer
INDYCC02578,20,Female,Northeast,Tier 2,Arts/Humanities,BBA,79.5,7.73,Friends/Peers,9.7,7.3,3.2,4.0,,Government/Public Service,Higher studies,Hometown,Government Officer
INDYCC02579,24,Male,West,Tier 1,Science,B.Tech/B.E.,79.4,7.82,Passion/Interest,6.4,4.9,8.2,4.7,"Python, SQL",Business & Finance,Government sector,Remote/Hybrid,Financial Analyst
INDYCC02580,23,Female,South,Tier 3,Arts/Humanities,BJMC/Media,77.4,7.73,Passion/Interest,1.7,7.4,4.0,6.5,SQL,Technology,Higher studies,Metro city,Product Manager
INDYCC02581,22,Male,West,Tier 1,Science,MBBS/Health Sciences,66.3,6.24,Friends/Peers,6.4,6.5,5.2,5.7,Java,Government/Public Service,Government sector,Metro city,Government Officer
INDYCC02582,21,Female,North,Tier 2,Commerce,CA/Professional Course,66.5,6.52,Salary/Package,7.0,5.5,3.2,7.0,JavaScript,Business & Finance,Government sector,Remote/Hybrid,Financial Analyst
INDYCC02583,20,Female,Northeast,Tier 2,Science,MBBS/Health Sciences,89.0,8.79,Parents,8.1,6.9,6.9,4.7,"Python, SQL",Government/Public Service,Government sector,Any city in India,Product Manager
INDYCC02584,20,Female,West,Tier 2,Commerce,B.Com,74.0,7.76,Passion/Interest,5.1,7.7,6.1,6.8,,Design & Media,Self-employed/Freelance,Metro city,UI/UX Designer
INDYCC02585,24,Male,South,Tier 3,Commerce,CA/Professional Course,74.2,7.31,Parents,10.0,4.3,5.8,5.1,JavaScript,Technology,Private sector,Metro city,Product Manager
INDYCC02586,18,Male,West,Tier 1,Science,MBBS/Health Sciences,68.4,6.91,Friends/Peers,7.2,7.6,8.2,4.8,JavaScript,Technology,Government sector,Remote/Hybrid,Software Engineer
INDYCC02587,21,Male,South,Tier 1,Arts/Humanities,B.A.,75.3,7.38,Parents,2.7,8.1,6.4,6.1,,Research/Education,Private sector,Any city in India,Digital Marketer
INDYCC02588,22,Female,North,Tier 3,Science,B.Tech/B.E.,73.4,7.47,Parents,8.9,5.7,6.4,4.7,"Python, SQL",Government/Public Service,Higher studies,Any city in India,Software Engineer
INDYCC02589,17,Male,North,Tier 1,Science,MBBS/Health Sciences,51.2,5.4,Salary/Package,5.1,7.9,6.6,6.5,C++,Business & Finance,Self-employed/Freelance,Metro city,Financial Analyst
INDYCC02590,23,Male,Central,Tier 3,Science,BCA,75.9,8.22,Social Media,5.9,6.2,7.8,6.6,JavaScript,Healthcare,Startup,Any city in India,Healthcare Professional
INDYCC02591,18,Male,North,Tier 1,Commerce,CA/Professional Course,79.9,8.2,Parents,3.4,7.2,6.2,9.1,SQL,Research/Education,Private sector,Metro city,Government Officer
INDYCC02592,20,Male,Northeast,Tier 2,Science,B.Sc.,82.5,8.27,Social Media,3.2,6.2,6.2,6.9,Python,Business & Finance,Government sector,Remote/Hybrid,Data Scientist
INDYCC02593,20,Male,West,Tier 2,Science,BCA,91.2,9.19,Parents,5.2,4.2,8.8,2.7,,Technology,Private sector,Any city in India,Software Engineer
INDYCC02594,23,Female,Central,Tier 1,Science,B.Sc.,70.4,7.36,Parents,10.0,5.5,5.8,8.5,Python,Marketing,Private sector,Any city in India,Software Engineer
INDYCC02595,21,Male,North,Tier 1,Science,B.Pharm,90.6,8.36,Social Media,3.4,6.8,7.7,5.5,Python,Design & Media,Higher studies,Hometown,Data Scientist
INDYCC02596,18,Male,West,Tier 1,Science,B.Sc.,77.8,7.89,Parents,9.3,6.3,5.9,4.7,SQL,Business & Finance,Private sector,Any city in India,Healthcare Professional
INDYCC02597,22,Female,North,Tier 1,Commerce,CA/Professional Course,74.4,7.22,Friends/Peers,6.1,7.9,5.4,6.8,SQL,Marketing,Private sector,Metro city,Product Manager
INDYCC02598,23,Female,North,Tier 2,Science,MBBS/Health Sciences,59.3,5.98,Friends/Peers,7.1,9.3,6.8,4.3,Java,Business & Finance,Self-employed/Freelance,Any city in India,Software Engineer
INDYCC02599,18,Male,South,Tier 2,Commerce,B.Com,93.9,9.49,Salary/Package,5.4,5.7,6.3,6.0,Python,Government/Public Service,Private sector,Remote/Hybrid,Government Officer
INDYCC02600,22,Male,North,Tier 1,Science,B.Tech/B.E.,51.3,5.0,Salary/Package,7.8,8.2,6.6,7.9,JavaScript,Technology,Startup,Remote/Hybrid,Software Engineer
INDYCC02601,18,Female,North,Tier 1,Commerce,CA/Professional Course,80.8,8.09,Friends/Peers,5.7,5.8,7.2,5.2,Python,Business & Finance,Private sector,Metro city,Financial Analyst
INDYCC02602,19,Non-binary/Prefer not to say,West,Tier 1,Commerce,BBA,55.5,6.45,Friends/Peers,7.1,3.7,9.5,3.7,,Marketing,Private sector,Hometown,Financial Analyst
INDYCC02603,18,Female,North,Tier 1,Science,B.Tech/B.E.,64.8,6.91,Passion/Interest,7.2,5.6,6.7,6.8,SQL,Technology,Government sector,Remote/Hybrid,Software Engineer
INDYCC02604,19,Female,Northeast,Tier 3,Science,BCA,76.6,7.64,Friends/Peers,5.9,7.4,4.8,2.4,Java,Healthcare,Government sector,Any city in India,Healthcare Professional
INDYCC02605,22,Female,Central,Tier 2,Arts/Humanities,LLB,80.8,7.54,Parents,3.1,6.3,6.6,5.8,SQL,Healthcare,Government sector,Any city in India,Digital Marketer
INDYCC02606,19,Female,East,Tier 2,Science,B.Sc.,69.9,6.85,Parents,7.3,3.4,7.5,7.7,Java,Healthcare,Private sector,Any city in India,Healthcare Professional
INDYCC02607,19,Male,Northeast,Tier 3,Science,B.Tech/B.E.,71.3,7.24,Parents,6.0,6.9,8.0,4.7,Java,Business & Finance,Private sector,Hometown,Software Engineer
INDYCC02608,20,Female,North,Tier 3,Science,B.Sc.,62.4,6.51,Social Media,8.2,3.6,8.0,7.1,Java,Business & Finance,Private sector,Hometown,Data Scientist
INDYCC02609,20,Male,Central,Tier 1,Commerce,BBA,72.5,7.16,Passion/Interest,8.3,5.3,5.5,5.6,JavaScript,Marketing,Private sector,Metro city,Financial Analyst
INDYCC02610,18,Female,North,Tier 2,Commerce,B.Com,62.2,6.22,Passion/Interest,4.3,7.6,7.2,7.1,,Research/Education,Higher studies,Hometown,Researcher/Academician
INDYCC02611,22,Male,Central,Tier 2,Arts/Humanities,B.Des,97.6,9.63,Parents,2.3,5.8,3.8,7.0,,Business & Finance,Government sector,Metro city,UI/UX Designer
INDYCC02612,18,Male,Central,Tier 1,Arts/Humanities,B.Des,83.0,8.92,Passion/Interest,4.6,6.8,7.0,7.6,Python,Research/Education,Higher studies,Metro city,UI/UX Designer
INDYCC02613,21,Male,South,Tier 3,Commerce,BCA,77.0,8.13,Social Media,2.4,5.9,8.7,3.4,,Technology,Private sector,Hometown,Software Engineer
INDYCC02614,22,Female,South,Tier 2,Arts/Humanities,BBA,82.4,8.67,Social Media,5.6,6.3,3.7,8.8,C++,Business & Finance,Private sector,Metro city,Digital Marketer
INDYCC02615,20,Female,Northeast,Tier 2,Science,MBBS/Health Sciences,77.7,7.7,Passion/Interest,6.7,7.0,6.7,4.0,"Python, SQL",Technology,Private sector,Any city in India,Software Engineer
INDYCC02616,17,Female,Central,Tier 2,Arts/Humanities,LLB,87.0,8.91,Parents,1.9,6.5,5.5,6.0,SQL,Marketing,Higher studies,Metro city,UI/UX Designer
INDYCC02617,20,Male,South,Tier 1,Science,B.Pharm,52.4,5.69,Parents,5.5,4.6,6.5,2.0,,Government/Public Service,Private sector,Any city in India,Government Officer
INDYCC02618,22,Male,Central,Tier 3,Arts/Humanities,B.Des,72.4,7.22,Social Media,3.0,7.3,3.1,6.9,,Government/Public Service,Self-employed/Freelance,Hometown,Government Officer
INDYCC02619,23,Male,West,Tier 2,Science,B.Tech/B.E.,68.6,6.65,Friends/Peers,8.1,6.1,7.2,3.5,C++,Technology,Higher studies,Hometown,Software Engineer
INDYCC02620,17,Male,North,Tier 2,Arts/Humanities,BBA,62.0,6.41,Friends/Peers,5.1,6.4,4.8,8.9,Python,Technology,Government sector,Metro city,Software Engineer
INDYCC02621,24,Male,South,Tier 2,Science,B.Tech/B.E.,74.8,7.01,Parents,5.7,6.3,8.1,7.7,,Technology,Startup,Any city in India,Software Engineer
INDYCC02622,24,Female,East,Tier 1,Science,B.Sc.,62.3,6.7,Salary/Package,7.6,9.3,7.2,8.1,JavaScript,Business & Finance,Higher studies,Hometown,Software Engineer
INDYCC02623,17,Male,South,Tier 2,Science,B.Tech/B.E.,78.1,8.04,Friends/Peers,2.9,8.2,7.7,3.4,Python,Research/Education,Private sector,Hometown,Researcher/Academician
INDYCC02624,19,Female,North,Tier 2,Science,MBBS/Health Sciences,76.9,7.29,Passion/Interest,3.1,7.6,7.1,5.2,,Marketing,Private sector,Hometown,Software Engineer
INDYCC02625,24,Male,North,Tier 3,Arts/Humanities,BBA,74.9,7.41,Parents,3.8,7.1,4.7,8.9,Python,Design & Media,Private sector,Metro city,UI/UX Designer
INDYCC02626,18,Female,South,Tier 2,Arts/Humanities,BBA,92.0,9.17,Parents,5.2,5.6,7.4,5.4,C++,Healthcare,Private sector,Hometown,Healthcare Professional
INDYCC02627,21,Female,South,Tier 1,Science,B.Tech/B.E.,78.9,7.97,Parents,5.4,7.9,8.7,6.0,,Business & Finance,Higher studies,Any city in India,Financial Analyst
INDYCC02628,24,Female,East,Tier 3,Commerce,BBA,,8.55,Friends/Peers,4.0,6.1,5.1,8.3,,Healthcare,Self-employed/Freelance,Any city in India,Digital Marketer
INDYCC02629,20,Female,North,Tier 1,Science,MBBS/Health Sciences,58.8,5.95,Friends/Peers,7.0,6.3,9.7,5.8,Python,Technology,Startup,Metro city,Data Scientist
INDYCC02630,19,Female,West,Tier 1,Science,B.Sc.,74.2,7.24,Parents,5.6,8.2,7.7,4.7,SQL,Technology,Startup,Hometown,Data Scientist
INDYCC02631,23,Female,South,Tier 1,Commerce,BBA,76.4,7.21,Friends/Peers,3.8,6.8,6.4,3.9,Python,Healthcare,Government sector,Metro city,Product Manager
INDYCC02632,24,Male,West,Tier 1,Arts/Humanities,BJMC/Media,,7.46,Salary/Package,1.0,7.8,7.2,8.9,,Marketing,Private sector,Remote/Hybrid,Digital Marketer
INDYCC02633,18,Male,North,Tier 2,Commerce,BBA,69.9,7.17,Social Media,7.8,6.5,7.8,6.4,SQL,Research/Education,Government sector,Any city in India,Researcher/Academician
INDYCC02634,24,Male,West,Tier 2,Science,MBBS/Health Sciences,60.5,6.16,Parents,9.1,9.2,6.0,4.6,,Design & Media,Government sector,Metro city,Digital Marketer
INDYCC02635,18,Male,South,Tier 2,Science,B.Tech/B.E.,78.8,8.53,Friends/Peers,6.7,2.7,7.1,7.3,,Design & Media,Government sector,Remote/Hybrid,UI/UX Designer
INDYCC02636,18,Female,Central,Tier 2,Arts/Humanities,B.A.,72.2,6.9,Salary/Package,5.2,8.0,8.7,7.0,Java,Business & Finance,Private sector,Hometown,Digital Marketer
INDYCC02637,21,Male,Central,Tier 1,Arts/Humanities,LLB,87.4,8.85,Passion/Interest,1.7,7.2,6.4,4.8,Python,Marketing,Private sector,Any city in India,Digital Marketer
INDYCC02638,23,Male,Northeast,Tier 3,Arts/Humanities,B.Des,98.0,9.63,Passion/Interest,5.8,6.0,5.1,8.5,"Python, SQL",Government/Public Service,Startup,Metro city,Researcher/Academician
INDYCC02639,21,Male,South,Tier 1,Commerce,CA/Professional Course,71.6,6.81,Parents,2.0,7.8,5.2,5.0,SQL,Marketing,Private sector,Any city in India,Financial Analyst
INDYCC02640,19,Female,West,Tier 3,Science,BCA,84.5,8.44,Salary/Package,7.4,4.2,6.3,4.8,JavaScript,Healthcare,Self-employed/Freelance,Remote/Hybrid,Healthcare Professional
INDYCC02641,19,Female,West,Tier 3,Arts/Humanities,BBA,68.1,6.57,Friends/Peers,2.9,4.5,6.7,3.4,Python,Technology,Private sector,Remote/Hybrid,Government Officer
INDYCC02642,21,Male,Northeast,Tier 1,Arts/Humanities,BJMC/Media,79.2,7.63,Parents,1.0,5.3,3.2,7.7,SQL,Healthcare,Private sector,Metro city,UI/UX Designer
INDYCC02643,23,Female,West,Tier 3,Science,B.Sc.,59.4,6.1,Social Media,1.0,6.4,4.4,4.7,SQL,Research/Education,Private sector,Metro city,Researcher/Academician
INDYCC02644,18,Non-binary/Prefer not to say,Northeast,Tier 2,Science,B.Sc.,81.3,8.38,Social Media,4.5,6.0,9.5,6.5,Python,Design & Media,Startup,Metro city,Data Scientist
INDYCC02645,22,Male,Northeast,Tier 2,Science,BCA,63.3,6.45,Social Media,6.7,8.6,5.5,6.9,SQL,Business & Finance,Government sector,Remote/Hybrid,Data Scientist
INDYCC02646,20,Male,East,Tier 3,Science,MBBS/Health Sciences,55.9,5.64,Passion/Interest,5.2,6.1,7.8,8.2,,Business & Finance,Private sector,Metro city,Software Engineer
INDYCC02647,24,Male,East,Tier 2,Commerce,CA/Professional Course,66.9,6.84,Parents,3.8,2.5,6.1,4.2,,Design & Media,Higher studies,Remote/Hybrid,UI/UX Designer
INDYCC02648,24,Female,Northeast,Tier 2,Commerce,BCA,73.7,7.53,Passion/Interest,4.1,4.9,6.6,7.3,,Healthcare,Private sector,Remote/Hybrid,Healthcare Professional
INDYCC02649,17,Female,Central,Tier 3,Science,B.Tech/B.E.,85.7,8.91,Parents,8.0,5.3,5.0,8.0,"Python, SQL",Business & Finance,Startup,Metro city,Data Scientist
INDYCC02650,19,Male,South,Tier 2,Science,B.Tech/B.E.,66.4,6.44,Salary/Package,5.2,5.2,6.7,3.8,Java,Business & Finance,Private sector,Any city in India,Digital Marketer
INDYCC02651,20,Female,North,Tier 1,Science,B.Sc.,77.4,7.34,Passion/Interest,8.0,5.6,7.7,6.2,C++,Government/Public Service,Private sector,Metro city,Government Officer
INDYCC02652,24,Male,West,Tier 3,Commerce,BCA,64.4,6.58,Passion/Interest,4.3,5.5,7.5,4.3,,Design & Media,Higher studies,Metro city,UI/UX Designer
INDYCC02653,24,Female,East,Tier 1,Science,B.Tech/B.E.,62.1,6.1,,6.1,7.7,7.9,5.0,"Python, SQL",Healthcare,Private sector,Any city in India,Healthcare Professional
INDYCC02654,22,Female,East,Tier 2,Commerce,BCA,56.3,5.86,Parents,4.4,7.9,7.6,4.3,,Marketing,Government sector,Any city in India,Government Officer
INDYCC02655,22,Female,Northeast,Tier 1,Arts/Humanities,B.Des,85.4,8.61,Parents,4.7,5.4,5.3,9.0,Python,Healthcare,Private sector,Metro city,Digital Marketer
INDYCC02656,21,Male,North,Tier 3,Science,MBBS/Health Sciences,88.1,8.73,Salary/Package,6.4,6.6,7.2,4.7,C++,Business & Finance,Government sector,Metro city,Data Scientist
INDYCC02657,22,Female,North,Tier 3,Science,B.Tech/B.E.,83.1,8.08,Social Media,2.8,4.2,7.9,7.2,,Design & Media,Government sector,Metro city,UI/UX Designer
INDYCC02658,21,Male,West,Tier 2,Science,B.Sc.,70.4,7.63,Parents,7.6,6.1,5.2,4.2,,Healthcare,Government sector,Any city in India,Software Engineer
INDYCC02659,19,Male,North,Tier 1,Science,MBBS/Health Sciences,69.5,6.85,Parents,5.5,7.4,6.1,4.3,JavaScript,Healthcare,Higher studies,Hometown,Healthcare Professional
INDYCC02660,22,Female,South,Tier 2,Science,MBBS/Health Sciences,,5.41,Parents,6.1,7.1,8.5,5.9,Python,Design & Media,Private sector,Hometown,Digital Marketer
INDYCC02661,18,Male,East,Tier 1,Commerce,B.Com,62.6,6.1,Passion/Interest,7.8,6.7,6.3,6.3,"Python, SQL",Business & Finance,Startup,Remote/Hybrid,Financial Analyst
INDYCC02662,24,Female,Central,Tier 1,Science,B.Sc.,75.4,7.26,Passion/Interest,6.4,5.2,9.1,6.3,Java,Business & Finance,Private sector,Remote/Hybrid,Financial Analyst
INDYCC02663,20,Female,South,Tier 1,Science,B.Sc.,68.5,6.59,Passion/Interest,6.2,5.7,6.5,4.7,C++,Business & Finance,Higher studies,Hometown,Software Engineer
INDYCC02664,18,Female,North,Tier 3,Science,B.Pharm,77.2,7.51,Salary/Package,7.4,4.2,5.8,5.0,C++,Technology,Self-employed/Freelance,Remote/Hybrid,Software Engineer
INDYCC02665,24,Female,North,Tier 2,Science,B.Sc.,62.7,6.19,Social Media,8.1,4.1,6.0,6.0,Java,Technology,Government sector,Any city in India,Software Engineer
INDYCC02666,21,Female,West,Tier 2,Science,MBBS/Health Sciences,80.0,8.03,Friends/Peers,3.8,5.2,7.9,5.5,,Design & Media,Self-employed/Freelance,Hometown,UI/UX Designer
INDYCC02667,17,Male,Northeast,Tier 2,Arts/Humanities,BBA,68.8,7.12,Salary/Package,7.7,5.7,6.4,5.8,C++,Business & Finance,Private sector,Remote/Hybrid,Digital Marketer
INDYCC02668,22,Male,West,Tier 3,Science,MBBS/Health Sciences,66.4,6.37,Parents,6.2,5.4,6.7,3.0,C++,Government/Public Service,Private sector,Any city in India,Government Officer
INDYCC02669,20,Female,North,Tier 1,Arts/Humanities,B.Des,66.0,6.89,Salary/Package,5.2,8.2,7.9,8.4,Python,Research/Education,Private sector,Metro city,Researcher/Academician
INDYCC02670,17,Female,North,Tier 2,Arts/Humanities,BJMC/Media,72.0,7.41,Salary/Package,2.2,9.1,7.0,8.4,,Marketing,Government sector,Metro city,Researcher/Academician
INDYCC02671,22,Male,West,Tier 1,Commerce,B.Com,84.5,8.43,Passion/Interest,7.7,5.1,5.8,7.6,JavaScript,Design & Media,Private sector,Any city in India,Digital Marketer
INDYCC02672,18,Female,East,Tier 3,Science,B.Pharm,71.4,7.17,Salary/Package,4.4,5.5,7.3,6.3,Python,Business & Finance,Private sector,Metro city,Software Engineer
INDYCC02673,24,Female,West,Tier 1,Science,BCA,98.0,9.8,Parents,5.5,4.8,8.0,5.2,Python,Technology,Startup,Any city in India,Data Scientist
INDYCC02674,23,Female,Central,Tier 3,Science,B.Tech/B.E.,74.1,7.32,Social Media,6.5,6.1,7.5,2.7,"Python, SQL",Research/Education,Self-employed/Freelance,Metro city,Researcher/Academician
INDYCC02675,24,Male,East,Tier 1,Arts/Humanities,BBA,77.7,7.96,Social Media,3.8,8.2,4.2,6.2,Python,Healthcare,Higher studies,Metro city,Healthcare Professional
INDYCC02676,20,Male,Central,Tier 3,Science,B.Sc.,80.5,8.46,Salary/Package,4.7,6.9,7.9,2.7,SQL,Government/Public Service,Self-employed/Freelance,Metro city,Software Engineer
INDYCC02677,19,Male,Central,Tier 2,Arts/Humanities,LLB,81.4,7.48,Parents,9.3,8.4,6.2,7.5,Python,Business & Finance,Private sector,Metro city,Digital Marketer
INDYCC02678,22,Female,North,Tier 1,Commerce,BMS,83.6,8.59,Salary/Package,5.6,5.2,6.0,6.6,,Technology,Self-employed/Freelance,Any city in India,Data Scientist
INDYCC02679,20,Male,West,Tier 1,Science,BCA,64.5,6.52,Friends/Peers,7.3,7.9,7.9,2.8,SQL,Marketing,Private sector,Any city in India,Software Engineer
INDYCC02680,18,Female,South,Tier 1,Science,B.Sc.,59.7,6.21,Salary/Package,5.9,6.1,7.6,4.2,SQL,Government/Public Service,Private sector,Hometown,Government Officer
INDYCC02681,17,Male,Central,Tier 2,Science,B.Sc.,74.4,7.45,Parents,7.2,5.5,5.9,7.8,JavaScript,Business & Finance,Private sector,Any city in India,Data Scientist
INDYCC02682,23,Female,South,Tier 2,Commerce,BBA,71.1,7.19,Passion/Interest,1.0,6.2,3.9,7.3,,Business & Finance,Government sector,Remote/Hybrid,Product Manager
INDYCC02683,18,Male,South,Tier 1,Science,B.Sc.,65.7,6.41,Friends/Peers,6.7,5.0,8.8,4.0,SQL,Healthcare,Private sector,Metro city,Healthcare Professional
INDYCC02684,21,Male,South,Tier 1,Commerce,BMS,79.3,7.43,Parents,3.2,1.6,6.4,6.9,SQL,Technology,Higher studies,Metro city,Product Manager
INDYCC02685,22,Male,North,Tier 3,Science,B.Pharm,76.0,7.61,Parents,4.9,6.2,7.0,5.3,Python,Research/Education,Private sector,Any city in India,Software Engineer
INDYCC02686,23,Male,West,Tier 3,Commerce,BCA,68.4,6.23,Friends/Peers,2.4,4.6,7.3,4.7,SQL,Technology,Private sector,Hometown,Software Engineer
INDYCC02687,22,Male,Central,Tier 1,Science,B.Pharm,73.6,7.26,Passion/Interest,5.9,6.9,6.3,7.3,,Technology,Private sector,Any city in India,Data Scientist
INDYCC02688,23,Female,East,Tier 2,Arts/Humanities,LLB,72.3,7.39,Passion/Interest,3.4,4.8,6.9,7.2,SQL,Design & Media,Private sector,Hometown,UI/UX Designer
INDYCC02689,24,Male,Northeast,Tier 1,Science,B.Sc.,88.4,8.82,Parents,4.5,5.0,7.8,5.8,Python,Research/Education,Government sector,Hometown,Researcher/Academician
INDYCC02690,17,Female,West,Tier 3,Commerce,BCA,73.4,7.62,Passion/Interest,6.0,6.2,10.0,6.8,JavaScript,Government/Public Service,Government sector,Metro city,Government Officer
INDYCC02691,20,Male,South,Tier 3,Science,B.Sc.,70.4,7.2,Parents,6.8,6.1,7.6,4.4,"Python, SQL",Design & Media,Government sector,Any city in India,UI/UX Designer
INDYCC02692,23,Female,South,Tier 2,Science,B.Tech/B.E.,74.2,7.35,Social Media,4.8,8.5,4.3,5.2,,Technology,Higher studies,Remote/Hybrid,Software Engineer
INDYCC02693,23,Male,West,Tier 1,Arts/Humanities,LLB,63.3,6.48,Parents,4.2,8.2,6.5,7.3,Python,Marketing,Government sector,Remote/Hybrid,Healthcare Professional
INDYCC02694,20,Male,North,Tier 1,Commerce,BMS,49.8,5.04,Friends/Peers,4.4,5.6,6.3,6.4,SQL,Technology,Government sector,Metro city,Product Manager
INDYCC02695,18,Female,Northeast,Tier 2,Science,B.Tech/B.E.,72.2,7.01,Passion/Interest,7.7,4.9,6.1,4.6,C++,Design & Media,Private sector,Metro city,Data Scientist
INDYCC02696,19,Female,South,Tier 2,Arts/Humanities,LLB,54.1,5.66,Salary/Package,3.4,8.8,7.5,7.1,Python,Government/Public Service,Private sector,Any city in India,Government Officer
INDYCC02697,17,Female,South,Tier 1,Science,BCA,74.3,7.55,Social Media,7.3,5.6,7.0,5.3,,Healthcare,Self-employed/Freelance,Remote/Hybrid,Healthcare Professional
INDYCC02698,20,Female,South,Tier 3,Arts/Humanities,B.A.,64.8,6.77,Salary/Package,2.2,9.1,5.7,6.3,,Design & Media,Private sector,Remote/Hybrid,UI/UX Designer
INDYCC02699,21,Male,West,Tier 1,Commerce,BMS,77.3,7.69,Friends/Peers,5.5,5.9,5.4,6.7,Python,Technology,Private sector,Metro city,Product Manager
INDYCC02700,18,Female,North,Tier 2,Arts/Humanities,LLB,78.0,7.82,Passion/Interest,4.3,9.1,4.9,7.3,SQL,Technology,Higher studies,Any city in India,UI/UX Designer
INDYCC02701,21,Male,North,Tier 3,Science,B.Tech/B.E.,73.9,7.34,Social Media,6.9,7.7,5.4,4.0,SQL,Healthcare,Government sector,Metro city,Healthcare Professional
INDYCC02702,24,Male,Central,Tier 2,Science,B.Tech/B.E.,76.4,8.06,Salary/Package,2.7,5.9,8.3,7.2,Python,Government/Public Service,Private sector,Any city in India,Data Scientist
INDYCC02703,21,Male,East,Tier 2,Science,MBBS/Health Sciences,78.3,7.42,Passion/Interest,5.8,6.3,6.9,7.0,Python,Government/Public Service,Self-employed/Freelance,Metro city,Government Officer
INDYCC02704,18,Male,Central,Tier 1,Arts/Humanities,B.Des,73.2,7.55,Salary/Package,4.9,7.4,2.9,6.9,,Business & Finance,Higher studies,Hometown,Financial Analyst
INDYCC02705,17,Female,South,Tier 2,Science,B.Tech/B.E.,72.0,7.3,Passion/Interest,8.3,6.4,4.0,3.2,"Python, SQL",Research/Education,Private sector,Remote/Hybrid,Software Engineer
INDYCC02706,23,Male,Central,Tier 3,Science,B.Pharm,55.0,5.83,Parents,7.9,7.4,7.5,3.1,Python,Technology,Private sector,Any city in India,Software Engineer
INDYCC02707,20,Male,East,Tier 2,Science,BCA,73.6,7.05,Parents,3.6,7.0,4.7,6.1,,Government/Public Service,Private sector,Any city in India,Government Officer
INDYCC02708,19,Female,South,Tier 1,Science,BCA,57.8,5.54,Parents,8.0,5.1,8.3,4.2,SQL,Marketing,Private sector,Any city in India,Data Scientist
INDYCC02709,20,Male,South,Tier 1,Commerce,BMS,74.9,7.69,Passion/Interest,6.3,4.0,6.7,5.5,SQL,Technology,Government sector,Hometown,Data Scientist
INDYCC02710,18,Male,East,Tier 1,Commerce,CA/Professional Course,53.6,5.44,Salary/Package,4.7,5.7,7.0,7.1,SQL,Government/Public Service,Higher studies,Metro city,Government Officer
INDYCC02711,20,Female,South,Tier 2,Arts/Humanities,BJMC/Media,80.6,7.9,Social Media,4.6,7.5,8.8,8.0,SQL,Design & Media,Government sector,Any city in India,UI/UX Designer
INDYCC02712,24,Male,Northeast,Tier 3,Arts/Humanities,LLB,82.0,8.01,Social Media,2.5,3.4,6.3,5.8,SQL,Healthcare,Private sector,Remote/Hybrid,Healthcare Professional
INDYCC02713,17,Male,North,Tier 1,Commerce,CA/Professional Course,69.1,7.12,Friends/Peers,4.4,8.3,8.2,6.9,,Business & Finance,Higher studies,Remote/Hybrid,Financial Analyst
INDYCC02714,17,Female,West,Tier 2,Science,B.Sc.,59.2,6.25,Passion/Interest,5.8,6.1,7.5,5.0,Python,Marketing,Self-employed/Freelance,Metro city,Data Scientist
INDYCC02715,24,Female,Northeast,Tier 2,Science,B.Sc.,61.0,6.2,Parents,5.5,4.3,7.3,5.1,,Technology,Private sector,Hometown,Software Engineer
INDYCC02716,22,Male,Central,Tier 1,Commerce,CA/Professional Course,53.5,5.35,Passion/Interest,2.6,7.1,4.4,6.4,Python,Healthcare,Government sector,Remote/Hybrid,Healthcare Professional
INDYCC02717,18,Male,East,Tier 2,Commerce,BBA,69.2,7.41,Salary/Package,3.3,5.8,7.6,8.0,,Healthcare,Private sector,Remote/Hybrid,Financial Analyst
INDYCC02718,23,Female,East,Tier 3,Science,B.Pharm,80.5,7.72,Passion/Interest,5.6,9.5,10.0,5.3,Java,Technology,Private sector,Metro city,Software Engineer
INDYCC02719,20,Male,East,Tier 1,Science,B.Sc.,66.0,6.71,Passion/Interest,7.5,6.0,6.8,4.2,"Python, SQL",Marketing,Private sector,Hometown,Software Engineer
INDYCC02720,17,Male,Central,Tier 2,Science,BCA,59.6,,Passion/Interest,7.2,9.4,7.3,6.4,JavaScript,Business & Finance,Private sector,Any city in India,Data Scientist
INDYCC02721,22,Female,West,Tier 2,Commerce,CA/Professional Course,85.4,8.58,Friends/Peers,4.2,7.0,7.2,6.9,Python,Healthcare,Higher studies,Metro city,Healthcare Professional
INDYCC02722,20,Female,West,Tier 2,Commerce,CA/Professional Course,74.6,7.26,Social Media,2.0,5.9,10.0,8.6,,Business & Finance,Self-employed/Freelance,Metro city,Financial Analyst
INDYCC02723,18,Female,East,Tier 2,Science,B.Sc.,83.4,8.44,Parents,7.3,8.5,6.7,3.5,C++,Research/Education,Private sector,Hometown,Data Scientist
INDYCC02724,23,Male,Central,Tier 1,Arts/Humanities,LLB,71.3,7.09,Passion/Interest,3.9,7.5,4.8,6.1,SQL,Marketing,Startup,Any city in India,Digital Marketer
INDYCC02725,19,Female,Central,Tier 2,Arts/Humanities,B.Des,83.2,8.16,Parents,1.0,6.4,7.2,8.1,,Marketing,Private sector,Metro city,UI/UX Designer
INDYCC02726,24,Male,West,Tier 2,Arts/Humanities,BBA,72.0,7.0,Friends/Peers,1.5,5.2,6.7,5.5,SQL,Government/Public Service,Government sector,Metro city,Government Officer
INDYCC02727,19,Female,North,Tier 3,Arts/Humanities,B.A.,56.2,5.38,Parents,5.6,6.0,3.9,7.0,SQL,Government/Public Service,Government sector,Remote/Hybrid,Digital Marketer
INDYCC02728,18,Male,East,Tier 3,Arts/Humanities,B.A.,53.6,5.12,Salary/Package,3.3,6.1,6.2,5.7,,Business & Finance,Private sector,Hometown,Digital Marketer
INDYCC02729,19,Female,North,Tier 1,Commerce,BBA,70.8,7.0,Passion/Interest,5.5,5.9,7.6,6.9,Python,Government/Public Service,Startup,Remote/Hybrid,Government Officer
INDYCC02730,22,Non-binary/Prefer not to say,North,Tier 2,Science,BCA,82.4,8.61,Salary/Package,7.4,6.4,7.4,3.3,JavaScript,Design & Media,Higher studies,Metro city,Software Engineer
INDYCC02731,21,Male,Central,Tier 1,Commerce,BMS,53.1,5.06,Social Media,5.0,8.9,5.1,7.1,SQL,Government/Public Service,Private sector,Metro city,Government Officer
INDYCC02732,23,Male,North,Tier 2,Arts/Humanities,BJMC/Media,60.5,6.09,Salary/Package,1.0,8.0,6.1,8.1,SQL,Marketing,Private sector,Hometown,UI/UX Designer
INDYCC02733,23,Non-binary/Prefer not to say,South,Tier 1,Science,B.Tech/B.E.,66.5,6.11,Parents,6.4,6.5,5.8,7.2,JavaScript,Technology,Private sector,Any city in India,Software Engineer
INDYCC02734,24,Male,South,Tier 1,Commerce,B.Com,64.0,6.4,Passion/Interest,5.9,6.3,7.6,9.0,Java,Design & Media,Higher studies,Remote/Hybrid,Financial Analyst
INDYCC02735,19,Male,South,Tier 2,Science,B.Sc.,76.8,7.5,Passion/Interest,6.5,2.2,4.5,5.2,"Python, SQL",Design & Media,Government sector,Metro city,Digital Marketer
INDYCC02736,22,Male,West,Tier 1,Arts/Humanities,B.A.,73.7,7.08,Parents,3.5,5.7,6.0,7.1,,Business & Finance,Startup,Any city in India,Digital Marketer
INDYCC02737,17,Male,West,Tier 3,Arts/Humanities,BJMC/Media,60.1,6.28,Parents,5.8,5.1,4.4,9.9,Java,Healthcare,Private sector,Remote/Hybrid,Software Engineer
INDYCC02738,20,Male,North,Tier 3,Science,BCA,67.4,6.3,Salary/Package,5.7,7.3,7.8,4.4,"Python, SQL",Technology,Private sector,Metro city,Software Engineer
INDYCC02739,18,Male,South,Tier 1,Science,B.Sc.,61.7,6.05,Parents,5.2,7.2,6.1,6.6,,Research/Education,Government sector,Metro city,Data Scientist
INDYCC02740,23,Female,West,Tier 2,Commerce,BCA,67.8,6.27,Salary/Package,3.5,8.5,2.3,5.8,SQL,Government/Public Service,Higher studies,Metro city,Government Officer
INDYCC02741,19,Male,South,Tier 3,Commerce,BBA,65.9,6.13,Passion/Interest,5.3,6.3,4.7,2.2,C++,Business & Finance,Private sector,Any city in India,Product Manager
INDYCC02742,20,Female,Central,Tier 3,Commerce,B.Com,78.6,7.67,Social Media,4.2,6.1,6.8,8.0,SQL,Research/Education,Government sector,Metro city,Researcher/Academician
INDYCC02743,19,Female,Central,Tier 1,Science,B.Pharm,55.7,5.52,,3.8,6.3,6.6,6.1,Python,Government/Public Service,Private sector,Remote/Hybrid,Software Engineer
INDYCC02744,22,Female,West,Tier 3,Commerce,BCA,45.0,5.0,Social Media,3.2,5.9,9.2,7.0,,Business & Finance,Private sector,Metro city,Product Manager
INDYCC02745,24,Male,East,Tier 1,Arts/Humanities,B.A.,75.3,7.41,Friends/Peers,5.0,10.0,6.3,7.0,SQL,Business & Finance,Self-employed/Freelance,Metro city,Digital Marketer
INDYCC02746,22,Female,East,Tier 1,Science,MBBS/Health Sciences,78.1,7.9,Parents,5.7,4.9,7.1,7.2,Python,Business & Finance,Private sector,Remote/Hybrid,Data Scientist
INDYCC02747,21,Female,Central,Tier 3,Science,BCA,68.6,6.72,Social Media,6.4,6.7,5.7,8.6,SQL,Government/Public Service,Private sector,Metro city,Government Officer
INDYCC02748,21,Male,West,Tier 3,Arts/Humanities,B.A.,70.8,6.65,Parents,4.3,9.9,4.9,3.8,SQL,Technology,Higher studies,Metro city,UI/UX Designer
INDYCC02749,22,Male,North,Tier 1,Science,BCA,60.0,6.0,Social Media,6.8,6.7,7.8,6.3,"Python, SQL",Design & Media,Government sector,Any city in India,Data Scientist
INDYCC02750,22,Male,South,Tier 2,Arts/Humanities,LLB,57.7,5.8,Friends/Peers,6.3,6.1,6.9,8.3,Python,Marketing,Private sector,Any city in India,UI/UX Designer
INDYCC02751,19,Female,North,Tier 2,Arts/Humanities,B.Des,69.5,6.78,Parents,1.7,5.5,7.1,7.8,Python,Technology,Private sector,Any city in India,UI/UX Designer
INDYCC02752,19,Male,Central,Tier 3,Commerce,BCA,57.4,6.0,Social Media,3.9,3.6,8.7,4.6,SQL,Marketing,Private sector,Metro city,Financial Analyst
INDYCC02753,22,Male,North,Tier 2,Science,B.Sc.,67.1,6.79,Friends/Peers,7.2,3.7,7.8,5.5,JavaScript,Government/Public Service,Private sector,Metro city,Software Engineer
INDYCC02754,22,Male,West,Tier 3,Arts/Humanities,BBA,,8.83,Salary/Package,2.3,7.2,6.3,7.9,SQL,Healthcare,Higher studies,Any city in India,Digital Marketer
INDYCC02755,17,Male,Central,Tier 1,Arts/Humanities,LLB,87.5,9.26,Social Media,3.0,5.0,6.3,7.0,Python,Design & Media,Private sector,Remote/Hybrid,UI/UX Designer
INDYCC02756,22,Male,South,Tier 1,Commerce,CA/Professional Course,72.9,7.26,Friends/Peers,6.4,9.2,6.6,6.6,SQL,Design & Media,Self-employed/Freelance,Metro city,UI/UX Designer
INDYCC02757,23,Female,West,Tier 3,Science,B.Tech/B.E.,81.0,8.06,Friends/Peers,5.6,6.0,9.3,2.0,,Government/Public Service,Private sector,Metro city,Government Officer
INDYCC02758,22,Female,West,Tier 2,Science,B.Sc.,66.1,6.52,Salary/Package,7.5,6.6,5.1,6.1,SQL,Healthcare,Self-employed/Freelance,Hometown,Software Engineer
INDYCC02759,17,Female,South,Tier 2,Commerce,B.Com,67.9,6.89,Salary/Package,4.8,6.5,4.5,9.3,Python,Design & Media,Self-employed/Freelance,Remote/Hybrid,UI/UX Designer
INDYCC02760,22,Female,West,Tier 2,Arts/Humanities,LLB,79.3,8.01,Passion/Interest,1.9,8.9,4.6,8.9,SQL,Healthcare,Startup,Any city in India,UI/UX Designer
INDYCC02761,21,Non-binary/Prefer not to say,South,Tier 2,Arts/Humanities,BBA,64.8,6.79,Friends/Peers,5.3,5.4,5.9,6.8,,Healthcare,Government sector,Metro city,Healthcare Professional
INDYCC02762,24,Male,West,Tier 1,Commerce,CA/Professional Course,76.4,8.07,Passion/Interest,5.8,6.6,8.1,3.8,Python,Healthcare,Private sector,Hometown,Healthcare Professional
INDYCC02763,21,Female,West,Tier 2,Commerce,B.Com,78.5,8.02,Passion/Interest,4.2,5.4,8.6,7.1,Python,Healthcare,Startup,Remote/Hybrid,Healthcare Professional
INDYCC02764,17,Female,North,Tier 1,Commerce,BMS,74.7,7.54,Passion/Interest,5.3,6.5,5.7,4.1,SQL,Research/Education,Private sector,Remote/Hybrid,Financial Analyst
INDYCC02765,17,Male,East,Tier 1,Science,MBBS/Health Sciences,68.2,6.27,Salary/Package,5.8,7.3,7.2,8.3,JavaScript,Healthcare,Private sector,Any city in India,Healthcare Professional
INDYCC02766,17,Female,Northeast,Tier 3,Arts/Humanities,BBA,61.6,6.04,,3.7,9.1,6.3,7.7,,Research/Education,Self-employed/Freelance,Hometown,Researcher/Academician
INDYCC02767,19,Male,South,Tier 1,Commerce,BCA,80.8,7.87,Passion/Interest,5.2,4.0,5.4,6.2,"Python, SQL",Technology,Private sector,Remote/Hybrid,Product Manager
INDYCC02768,20,Female,East,Tier 2,Science,B.Tech/B.E.,66.4,6.7,Passion/Interest,5.2,7.4,7.7,3.6,"Python, SQL",Technology,Government sector,Any city in India,Data Scientist
INDYCC02769,17,Female,South,Tier 2,Science,MBBS/Health Sciences,83.7,8.82,Social Media,3.5,8.0,8.3,3.7,Python,Design & Media,Government sector,Metro city,UI/UX Designer
INDYCC02770,18,Male,South,Tier 2,Science,B.Sc.,80.0,7.89,Social Media,4.4,6.6,5.3,7.1,Python,Technology,Private sector,Metro city,Software Engineer
INDYCC02771,17,Female,West,Tier 1,Science,B.Sc.,64.1,6.02,Social Media,6.6,3.3,8.4,6.2,C++,Design & Media,Private sector,Any city in India,Data Scientist
INDYCC02772,24,Male,West,Tier 1,Arts/Humanities,BJMC/Media,73.7,7.21,Passion/Interest,4.5,6.2,7.6,6.4,SQL,Technology,Government sector,Any city in India,Researcher/Academician
INDYCC02773,17,Male,Central,Tier 3,Science,B.Pharm,73.5,7.43,Salary/Package,5.1,5.7,4.3,6.9,"Python, SQL",Government/Public Service,Self-employed/Freelance,Any city in India,Software Engineer
INDYCC02774,19,Male,East,Tier 2,Arts/Humanities,LLB,85.8,8.83,Passion/Interest,4.6,8.0,4.0,8.0,SQL,Healthcare,Startup,Remote/Hybrid,UI/UX Designer
INDYCC02775,24,Female,Central,Tier 3,Commerce,BCA,57.7,5.74,Social Media,4.4,6.9,3.8,5.2,,Technology,Private sector,Any city in India,Product Manager
INDYCC02776,18,Male,Northeast,Tier 1,Arts/Humanities,BBA,58.3,5.65,Friends/Peers,3.0,5.4,5.2,9.6,Python,Marketing,Private sector,Hometown,UI/UX Designer
INDYCC02777,21,Male,West,Tier 2,Science,B.Pharm,77.9,7.89,Social Media,6.5,5.9,7.4,9.9,JavaScript,Business & Finance,Private sector,Any city in India,Data Scientist
INDYCC02778,18,Female,North,Tier 1,Arts/Humanities,LLB,56.4,5.64,Social Media,4.6,5.3,6.4,9.1,Python,Research/Education,Self-employed/Freelance,Remote/Hybrid,Researcher/Academician
INDYCC02779,23,Female,West,Tier 2,Arts/Humanities,BJMC/Media,94.8,9.44,Friends/Peers,2.1,6.8,6.4,5.9,Python,Marketing,Private sector,Metro city,Digital Marketer
INDYCC02780,19,Female,West,Tier 3,Commerce,BCA,76.4,8.1,Friends/Peers,7.5,5.1,2.6,9.2,Java,Government/Public Service,Government sector,Remote/Hybrid,Government Officer
INDYCC02781,20,Non-binary/Prefer not to say,West,Tier 1,Arts/Humanities,BJMC/Media,53.7,5.31,Parents,3.0,8.0,9.0,6.3,Python,Technology,Private sector,Any city in India,Healthcare Professional
INDYCC02782,21,Male,West,Tier 1,Commerce,BMS,66.6,7.01,Passion/Interest,6.5,5.3,6.2,8.5,JavaScript,Marketing,Self-employed/Freelance,Remote/Hybrid,Financial Analyst
INDYCC02783,20,Male,Northeast,Tier 3,Arts/Humanities,BBA,82.6,8.05,Passion/Interest,5.4,7.8,4.2,8.5,C++,Design & Media,Private sector,Metro city,UI/UX Designer
INDYCC02784,18,Male,North,Tier 1,Science,MBBS/Health Sciences,48.5,5.0,Friends/Peers,5.8,5.1,7.3,7.0,SQL,Government/Public Service,Private sector,Metro city,Digital Marketer
INDYCC02785,17,Male,Central,Tier 3,Science,MBBS/Health Sciences,77.4,7.44,Friends/Peers,9.0,6.3,5.1,6.6,Python,Government/Public Service,Higher studies,Metro city,Software Engineer
INDYCC02786,23,Male,West,Tier 1,Arts/Humanities,BBA,45.0,5.0,Parents,3.8,5.9,4.3,5.5,,Design & Media,Startup,Any city in India,Researcher/Academician
INDYCC02787,20,Female,West,Tier 1,Science,BCA,76.8,7.62,Salary/Package,8.9,3.8,6.9,2.9,JavaScript,Research/Education,Private sector,Metro city,Software Engineer
INDYCC02788,21,Male,North,Tier 1,Arts/Humanities,BJMC/Media,74.7,7.55,Salary/Package,2.2,6.9,6.2,7.5,,Healthcare,Higher studies,Hometown,UI/UX Designer
INDYCC02789,20,Male,West,Tier 3,Science,B.Pharm,79.0,7.95,Salary/Package,9.1,4.9,7.5,6.1,Java,Healthcare,Private sector,Metro city,Software Engineer
INDYCC02790,19,Male,Northeast,Tier 2,Arts/Humanities,BJMC/Media,67.3,7.1,Parents,6.3,7.6,6.0,8.5,Java,Design & Media,Higher studies,Metro city,Digital Marketer
INDYCC02791,21,Male,South,Tier 1,Arts/Humanities,BJMC/Media,83.1,8.55,Social Media,5.3,7.0,3.1,8.4,,Business & Finance,Government sector,Metro city,Digital Marketer
INDYCC02792,18,Female,North,Tier 1,Commerce,BBA,66.9,6.67,Parents,3.1,8.7,7.2,4.4,,Technology,Government sector,Metro city,Product Manager
INDYCC02793,23,Male,West,Tier 1,Commerce,B.Com,69.7,7.2,Passion/Interest,1.0,4.9,4.7,5.6,,Government/Public Service,Self-employed/Freelance,Metro city,Government Officer
INDYCC02794,23,Male,East,Tier 3,Science,B.Sc.,90.0,8.91,Social Media,7.6,8.8,8.2,5.8,Python,Business & Finance,Government sector,Hometown,Data Scientist
INDYCC02795,20,Male,East,Tier 1,Commerce,BMS,77.2,7.52,Passion/Interest,6.5,6.3,6.3,6.8,SQL,Design & Media,Higher studies,Hometown,UI/UX Designer
INDYCC02796,17,Female,South,Tier 1,Science,B.Pharm,68.5,6.92,Passion/Interest,7.9,7.3,8.9,9.1,SQL,Marketing,Private sector,Any city in India,Software Engineer
INDYCC02797,17,Female,South,Tier 2,Arts/Humanities,LLB,68.1,6.72,Passion/Interest,6.2,6.7,4.7,7.9,Java,Healthcare,Government sector,Metro city,Digital Marketer
INDYCC02798,21,Female,West,Tier 2,Science,B.Sc.,73.1,7.23,Parents,6.9,4.7,5.5,4.8,JavaScript,Business & Finance,Higher studies,Remote/Hybrid,Software Engineer
INDYCC02799,20,Male,West,Tier 2,Commerce,BMS,68.1,7.11,Salary/Package,6.2,5.8,7.9,7.6,Java,Technology,Private sector,Metro city,Financial Analyst
INDYCC02800,24,Male,North,Tier 3,Arts/Humanities,B.Des,67.3,6.92,Salary/Package,1.0,8.6,6.9,7.0,,Business & Finance,Private sector,Any city in India,Digital Marketer
INDYCC02801,21,Female,South,Tier 2,Commerce,CA/Professional Course,50.5,5.13,Social Media,3.8,6.8,6.0,7.0,SQL,Technology,Private sector,Any city in India,Data Scientist
INDYCC02802,17,Female,West,Tier 1,Science,B.Pharm,73.1,7.45,Parents,5.7,6.6,7.3,2.7,,Healthcare,Startup,Any city in India,Healthcare Professional
INDYCC02803,19,Male,Central,Tier 1,Commerce,BCA,88.7,8.99,Friends/Peers,7.6,5.6,8.1,8.9,,Technology,Self-employed/Freelance,Metro city,Software Engineer
INDYCC02804,24,Male,West,Tier 1,Commerce,CA/Professional Course,94.4,9.06,Social Media,5.1,8.4,7.4,7.2,Python,Business & Finance,Private sector,Any city in India,Financial Analyst
INDYCC02805,24,Male,South,Tier 2,Science,B.Sc.,70.7,6.99,Social Media,5.4,7.5,9.1,3.0,Python,Marketing,Self-employed/Freelance,Remote/Hybrid,Software Engineer
INDYCC02806,24,Male,East,Tier 1,Arts/Humanities,B.A.,85.9,8.71,Passion/Interest,2.2,9.3,8.2,8.8,Python,Healthcare,Government sector,Metro city,UI/UX Designer
INDYCC02807,20,Male,North,Tier 3,Commerce,BCA,69.3,6.73,Passion/Interest,7.9,5.0,6.8,9.8,,Government/Public Service,Startup,Any city in India,Government Officer
INDYCC02808,17,Female,North,Tier 1,Arts/Humanities,B.A.,88.4,8.67,Passion/Interest,4.6,8.7,6.2,7.9,,Business & Finance,Startup,Any city in India,Financial Analyst
INDYCC02809,20,Male,Central,Tier 3,Science,B.Sc.,77.5,7.7,Parents,7.0,5.4,6.7,7.3,JavaScript,Government/Public Service,Startup,Metro city,Software Engineer
INDYCC02810,22,Male,North,Tier 3,Science,B.Tech/B.E.,82.1,7.79,Passion/Interest,9.4,6.0,6.8,6.3,Python,Technology,Startup,Metro city,Data Scientist
INDYCC02811,19,Female,West,Tier 2,Arts/Humanities,BBA,66.8,6.26,Social Media,3.2,3.7,4.6,7.6,Python,Design & Media,Self-employed/Freelance,Any city in India,Digital Marketer
INDYCC02812,23,Male,North,Tier 3,Science,MBBS/Health Sciences,70.6,7.03,Social Media,8.1,6.0,4.4,6.7,Java,Technology,Private sector,Any city in India,Data Scientist
INDYCC02813,22,Female,North,Tier 1,Science,B.Sc.,63.7,6.04,Salary/Package,5.2,5.3,4.1,4.1,Java,Healthcare,Government sector,Any city in India,Healthcare Professional
INDYCC02814,18,Male,South,Tier 1,Arts/Humanities,BJMC/Media,68.4,7.21,Parents,2.1,6.0,4.8,4.4,,Design & Media,Startup,Metro city,UI/UX Designer
INDYCC02815,24,Male,South,Tier 2,Science,B.Sc.,72.9,7.38,Parents,6.1,6.3,6.0,7.7,"Python, SQL",Technology,Higher studies,Metro city,Data Scientist
INDYCC02816,18,Female,East,Tier 1,Science,B.Pharm,65.9,6.47,Parents,5.8,5.6,4.9,1.9,C++,Healthcare,Startup,Hometown,Healthcare Professional
INDYCC02817,23,Female,North,Tier 1,Science,B.Pharm,85.6,8.21,Parents,4.0,5.7,6.1,5.4,,Design & Media,Private sector,Metro city,UI/UX Designer
INDYCC02818,21,Male,North,Tier 2,Science,B.Tech/B.E.,49.4,5.0,Social Media,5.2,5.9,6.1,5.9,Python,Business & Finance,Higher studies,Metro city,Researcher/Academician
INDYCC02819,19,Female,Central,Tier 1,Science,B.Tech/B.E.,67.7,6.8,Friends/Peers,5.2,4.9,7.0,5.0,Python,Healthcare,Government sector,Any city in India,Healthcare Professional
INDYCC02820,21,Female,South,Tier 3,Science,MBBS/Health Sciences,66.8,6.69,Parents,8.1,7.5,7.7,3.4,SQL,Business & Finance,Private sector,Remote/Hybrid,Financial Analyst
INDYCC02821,17,Male,South,Tier 2,Science,B.Tech/B.E.,59.5,5.86,Salary/Package,7.5,6.1,8.9,6.9,C++,Healthcare,Higher studies,Metro city,Healthcare Professional
INDYCC02822,21,Female,North,Tier 1,Commerce,BCA,74.2,7.4,Passion/Interest,2.7,4.9,5.2,7.5,,Government/Public Service,Private sector,Any city in India,Government Officer
INDYCC02823,20,Male,Northeast,Tier 1,Science,B.Sc.,77.2,7.45,Parents,7.4,5.6,7.6,7.1,JavaScript,Business & Finance,Private sector,Any city in India,Healthcare Professional
INDYCC02824,18,Male,West,Tier 2,Science,B.Pharm,56.0,5.96,Salary/Package,6.8,4.6,7.8,8.5,SQL,Healthcare,Private sector,Hometown,Healthcare Professional
INDYCC02825,18,Non-binary/Prefer not to say,North,Tier 2,Commerce,B.Com,82.0,7.59,Parents,7.6,3.3,9.0,4.7,Python,Research/Education,Private sector,Metro city,Data Scientist
INDYCC02826,21,Male,East,Tier 1,Science,B.Tech/B.E.,64.9,6.14,Salary/Package,5.7,4.8,6.9,7.4,,Healthcare,Higher studies,Remote/Hybrid,Healthcare Professional
INDYCC02827,19,Female,East,Tier 3,Science,MBBS/Health Sciences,66.6,6.64,Parents,6.1,6.3,5.6,4.1,,Healthcare,Private sector,Any city in India,Healthcare Professional
INDYCC02828,24,Non-binary/Prefer not to say,West,Tier 3,Arts/Humanities,B.Des,93.1,9.33,Salary/Package,3.7,7.1,5.2,7.9,SQL,Government/Public Service,Self-employed/Freelance,Any city in India,Digital Marketer
INDYCC02829,21,Male,West,Tier 3,Science,B.Sc.,71.3,6.43,Passion/Interest,5.6,5.3,5.3,1.6,,Technology,Higher studies,Remote/Hybrid,Software Engineer
INDYCC02830,18,Non-binary/Prefer not to say,Northeast,Tier 3,Arts/Humanities,B.Des,74.2,7.29,Parents,3.4,9.0,6.3,9.7,Python,Technology,Government sector,Metro city,UI/UX Designer
INDYCC02831,21,Male,East,Tier 3,Science,B.Pharm,89.6,8.85,Friends/Peers,7.0,8.1,9.5,8.6,Python,Marketing,Government sector,Metro city,Software Engineer
INDYCC02832,20,Male,East,Tier 2,Commerce,BCA,69.9,6.81,Social Media,5.8,6.5,6.2,3.2,"Python, SQL",Government/Public Service,Higher studies,Any city in India,Government Officer
INDYCC02833,24,Male,East,Tier 2,Science,B.Pharm,68.6,7.0,Parents,4.8,5.5,7.6,7.6,SQL,Government/Public Service,Self-employed/Freelance,Any city in India,Software Engineer
INDYCC02834,18,Female,Northeast,Tier 1,Arts/Humanities,BJMC/Media,45.0,5.0,Passion/Interest,3.6,9.4,8.5,9.7,,Marketing,Private sector,Metro city,UI/UX Designer
INDYCC02835,21,Female,South,Tier 2,Science,MBBS/Health Sciences,61.7,6.2,Passion/Interest,7.0,4.8,7.0,7.5,Java,Technology,Private sector,Hometown,Data Scientist
INDYCC02836,24,Female,East,Tier 3,Commerce,BBA,49.6,,Friends/Peers,5.3,6.2,8.4,4.1,Python,Design & Media,Higher studies,Metro city,Digital Marketer
INDYCC02837,20,Male,Northeast,Tier 1,Arts/Humanities,BBA,61.9,5.73,Parents,3.3,5.3,3.2,8.0,SQL,Government/Public Service,Self-employed/Freelance,Hometown,Government Officer
INDYCC02838,18,Female,Northeast,Tier 1,Arts/Humanities,BJMC/Media,85.9,8.75,Salary/Package,2.2,6.5,6.3,5.4,,Technology,Private sector,Metro city,Data Scientist
INDYCC02839,23,Male,South,Tier 1,Arts/Humanities,BBA,70.2,7.13,Passion/Interest,3.2,4.8,3.7,8.0,SQL,Marketing,Higher studies,Hometown,UI/UX Designer
INDYCC02840,19,Female,West,Tier 3,Arts/Humanities,BJMC/Media,66.0,7.0,Social Media,1.3,7.9,5.3,6.7,SQL,Research/Education,Higher studies,Hometown,Digital Marketer
INDYCC02841,18,Male,South,Tier 2,Commerce,BCA,79.8,7.82,Friends/Peers,3.7,8.1,8.7,3.2,Python,Research/Education,Private sector,Any city in India,Financial Analyst
INDYCC02842,22,Male,Central,Tier 3,Commerce,B.Com,75.4,7.72,Social Media,2.6,7.4,6.2,2.5,SQL,Government/Public Service,Private sector,Hometown,Financial Analyst
INDYCC02843,20,Female,South,Tier 3,Science,B.Tech/B.E.,78.2,8.4,Passion/Interest,9.6,6.0,5.4,6.5,Java,Technology,Private sector,Remote/Hybrid,Software Engineer
INDYCC02844,20,Male,South,Tier 1,Commerce,BMS,79.3,8.66,Salary/Package,9.1,6.3,6.9,5.8,SQL,Design & Media,Private sector,Remote/Hybrid,Digital Marketer
INDYCC02845,17,Male,North,Tier 2,Science,B.Sc.,58.4,6.11,Social Media,6.6,2.7,7.4,4.2,Java,Government/Public Service,Private sector,Hometown,Government Officer
INDYCC02846,17,Male,South,Tier 1,Arts/Humanities,BBA,62.6,6.01,Passion/Interest,1.0,6.1,7.0,6.7,Python,Healthcare,Higher studies,Remote/Hybrid,Healthcare Professional
INDYCC02847,22,Male,West,Tier 2,Arts/Humanities,BBA,68.2,6.66,Parents,6.5,10.0,6.0,5.7,JavaScript,Business & Finance,Private sector,Any city in India,Product Manager
INDYCC02848,19,Female,West,Tier 1,Arts/Humanities,BJMC/Media,52.1,5.03,Salary/Package,4.1,8.4,4.3,9.0,SQL,Government/Public Service,Government sector,Metro city,Government Officer
INDYCC02849,22,Male,North,Tier 1,Science,B.Sc.,49.2,5.0,Parents,10.0,6.2,8.6,5.6,JavaScript,Technology,Government sector,Remote/Hybrid,Software Engineer
INDYCC02850,19,Female,East,Tier 1,Commerce,B.Com,59.1,5.72,Friends/Peers,4.7,5.6,5.9,6.7,,Research/Education,Self-employed/Freelance,Hometown,Financial Analyst
INDYCC02851,22,Female,South,Tier 2,Commerce,B.Com,72.3,7.02,Salary/Package,2.4,8.0,5.9,6.4,Python,Technology,Startup,Any city in India,Healthcare Professional
INDYCC02852,22,Male,West,Tier 2,Arts/Humanities,B.A.,79.3,7.94,Salary/Package,6.2,6.5,7.2,5.5,SQL,Healthcare,Private sector,Metro city,Product Manager
INDYCC02853,18,Female,Northeast,Tier 3,Science,B.Sc.,70.5,6.77,Friends/Peers,5.7,7.0,8.4,5.7,Java,Technology,Private sector,Remote/Hybrid,Data Scientist
INDYCC02854,18,Female,Northeast,Tier 3,Commerce,BMS,74.7,7.21,Social Media,5.2,6.8,7.7,4.3,C++,Technology,Higher studies,Remote/Hybrid,Product Manager
INDYCC02855,22,Male,South,Tier 1,Science,B.Pharm,,6.86,Salary/Package,9.5,3.6,6.4,6.8,Java,Research/Education,Private sector,Any city in India,Software Engineer
INDYCC02856,18,Male,West,Tier 3,Science,B.Pharm,68.6,6.86,Parents,4.7,4.5,9.3,8.7,Python,Marketing,Private sector,Hometown,Financial Analyst
INDYCC02857,18,Female,South,Tier 1,Arts/Humanities,BBA,69.1,7.17,Social Media,7.1,8.5,6.0,10.0,C++,Marketing,Private sector,Hometown,UI/UX Designer
INDYCC02858,17,Female,North,Tier 2,Commerce,B.Com,61.8,6.02,Parents,8.9,4.7,6.1,5.9,JavaScript,Technology,Government sector,Hometown,Software Engineer
INDYCC02859,17,Female,South,Tier 2,Science,B.Tech/B.E.,77.8,7.89,Social Media,6.4,9.5,8.7,7.5,Python,Business & Finance,Self-employed/Freelance,Any city in India,Digital Marketer
INDYCC02860,23,Male,North,Tier 2,Science,B.Pharm,55.2,5.26,Parents,6.7,6.5,8.9,9.7,JavaScript,Technology,Private sector,Metro city,Software Engineer
INDYCC02861,17,Male,South,Tier 3,Arts/Humanities,B.Des,71.0,6.85,Social Media,4.7,7.2,4.5,6.6,Python,Business & Finance,Self-employed/Freelance,Remote/Hybrid,Digital Marketer
INDYCC02862,24,Female,Central,Tier 1,Commerce,B.Com,82.9,8.18,Social Media,2.0,8.5,7.9,3.2,SQL,Government/Public Service,Higher studies,Remote/Hybrid,Government Officer
INDYCC02863,17,Male,Central,Tier 1,Science,B.Sc.,84.1,8.28,Parents,6.9,6.7,7.1,2.2,SQL,Healthcare,Self-employed/Freelance,Any city in India,Software Engineer
INDYCC02864,17,Male,West,Tier 1,Commerce,B.Com,59.2,6.04,Social Media,2.4,7.7,6.0,6.5,SQL,Technology,Government sector,Metro city,Government Officer
INDYCC02865,18,Female,East,Tier 3,Science,B.Tech/B.E.,66.4,6.71,Social Media,8.5,6.8,6.9,4.8,JavaScript,Healthcare,Higher studies,Any city in India,Data Scientist
INDYCC02866,18,Female,South,Tier 2,Commerce,BCA,79.3,8.33,Parents,5.4,7.0,7.1,4.7,C++,Business & Finance,Government sector,Any city in India,Financial Analyst
INDYCC02867,20,Female,South,Tier 2,Science,B.Pharm,80.9,8.16,Social Media,7.4,5.8,7.3,8.1,,Business & Finance,Private sector,Hometown,Data Scientist
INDYCC02868,17,Female,West,Tier 3,Arts/Humanities,B.A.,98.0,9.47,Passion/Interest,4.8,7.7,5.0,6.0,,Design & Media,Private sector,Any city in India,UI/UX Designer
INDYCC02869,22,Male,West,Tier 2,Arts/Humanities,B.Des,76.3,7.58,Parents,2.2,6.3,4.7,9.2,Python,Business & Finance,Private sector,Hometown,UI/UX Designer
INDYCC02870,22,Male,West,Tier 2,Commerce,BMS,63.7,6.42,Friends/Peers,6.7,7.6,6.4,4.8,C++,Design & Media,Private sector,Metro city,UI/UX Designer
INDYCC02871,23,Female,Northeast,Tier 1,Commerce,BMS,67.6,6.24,Parents,5.2,6.3,7.7,6.0,"Python, SQL",Business & Finance,Government sector,Hometown,Financial Analyst
INDYCC02872,21,Male,Central,Tier 1,Commerce,BCA,88.0,,Parents,6.8,7.6,6.4,4.3,SQL,Technology,Government sector,Metro city,Software Engineer
INDYCC02873,23,Female,North,Tier 1,Commerce,CA/Professional Course,66.0,6.8,Social Media,5.7,6.6,6.3,4.5,SQL,Technology,Government sector,Metro city,Product Manager
INDYCC02874,22,Male,North,Tier 2,Science,BCA,60.9,5.81,Parents,5.1,7.7,7.1,4.7,C++,Technology,Government sector,Any city in India,Data Scientist
INDYCC02875,19,Male,South,Tier 3,Science,B.Tech/B.E.,68.8,6.58,Parents,6.3,5.3,8.2,4.5,Java,Research/Education,Private sector,Any city in India,Software Engineer
INDYCC02876,18,Female,North,Tier 1,Arts/Humanities,B.A.,,6.91,Social Media,4.5,6.8,6.0,6.6,SQL,Government/Public Service,Government sector,Metro city,Government Officer
INDYCC02877,21,Male,West,Tier 1,Commerce,BMS,73.0,7.26,Salary/Package,1.3,5.3,10.0,3.8,SQL,Research/Education,Private sector,Metro city,Researcher/Academician
INDYCC02878,19,Male,West,Tier 1,Science,B.Tech/B.E.,77.7,7.82,Passion/Interest,5.3,6.8,7.6,4.4,,Business & Finance,Government sector,Metro city,Software Engineer
INDYCC02879,20,Female,West,Tier 2,Science,B.Sc.,74.1,7.6,Parents,5.3,5.6,7.2,6.6,SQL,Business & Finance,Government sector,Hometown,Healthcare Professional
INDYCC02880,24,Male,North,Tier 2,Arts/Humanities,B.A.,56.9,5.77,Parents,2.1,6.3,5.4,9.4,,Business & Finance,Private sector,Metro city,Digital Marketer
INDYCC02881,21,Male,South,Tier 3,Commerce,BCA,57.4,5.64,Parents,6.3,6.4,8.1,6.7,"Python, SQL",Government/Public Service,Government sector,Any city in India,Government Officer
INDYCC02882,22,Female,Central,Tier 1,Science,B.Pharm,55.2,5.64,Friends/Peers,4.4,7.6,7.1,5.7,Python,Business & Finance,Government sector,Remote/Hybrid,Data Scientist
INDYCC02883,22,Female,East,Tier 2,Commerce,CA/Professional Course,73.2,7.29,Salary/Package,5.6,4.8,5.6,1.4,"Python, SQL",Marketing,Private sector,Metro city,Software Engineer
INDYCC02884,19,Female,West,Tier 2,Commerce,BMS,68.2,6.59,Passion/Interest,2.4,3.8,6.8,4.1,,Research/Education,Private sector,Any city in India,Researcher/Academician
INDYCC02885,18,Female,North,Tier 1,Arts/Humanities,BBA,60.8,6.13,Parents,3.4,7.0,2.2,7.7,Python,Technology,Private sector,Hometown,Digital Marketer
INDYCC02886,23,Male,East,Tier 1,Science,B.Tech/B.E.,76.2,7.51,Parents,7.5,7.2,6.6,4.7,SQL,Business & Finance,Private sector,Remote/Hybrid,Software Engineer
INDYCC02887,17,Female,West,Tier 3,Science,B.Sc.,81.4,8.44,Parents,5.0,6.1,6.7,4.3,C++,Research/Education,Government sector,Metro city,Researcher/Academician
INDYCC02888,23,Male,West,Tier 2,Science,B.Sc.,63.0,6.25,Social Media,6.2,3.7,7.2,5.3,C++,Design & Media,Startup,Any city in India,Data Scientist
INDYCC02889,19,Female,West,Tier 1,Science,B.Pharm,95.5,9.54,Salary/Package,7.0,7.1,7.4,4.6,,Healthcare,Startup,Hometown,Software Engineer
INDYCC02890,18,Female,North,Tier 3,Commerce,B.Com,86.8,8.92,Parents,5.6,5.5,7.6,8.1,Java,Technology,Higher studies,Any city in India,Financial Analyst
INDYCC02891,21,Male,South,Tier 2,Science,B.Sc.,67.4,6.84,Parents,3.8,4.0,9.6,1.0,,Design & Media,Private sector,Any city in India,UI/UX Designer
INDYCC02892,24,Male,Central,Tier 3,Science,B.Sc.,70.7,7.13,Friends/Peers,9.1,5.5,10.0,4.4,JavaScript,Business & Finance,Private sector,Metro city,Software Engineer
INDYCC02893,21,Female,South,Tier 3,Commerce,BMS,95.3,9.8,Parents,6.2,7.7,5.6,6.2,SQL,Marketing,Government sector,Remote/Hybrid,Financial Analyst
INDYCC02894,18,Male,South,Tier 1,Science,B.Tech/B.E.,83.9,8.19,Social Media,7.5,6.2,8.1,3.2,C++,Business & Finance,Private sector,Metro city,Product Manager
INDYCC02895,23,Female,Central,Tier 2,Science,B.Sc.,63.0,6.45,Passion/Interest,6.4,7.8,7.9,6.4,JavaScript,Government/Public Service,Government sector,Metro city,Government Officer
INDYCC02896,23,Male,Northeast,Tier 3,Commerce,BCA,93.0,8.8,Social Media,3.3,5.7,6.2,9.9,SQL,Marketing,Government sector,Any city in India,Financial Analyst
INDYCC02897,24,Female,North,Tier 1,Science,B.Pharm,80.1,7.68,Social Media,8.1,4.3,6.5,1.0,C++,Healthcare,Government sector,Remote/Hybrid,Healthcare Professional
INDYCC02898,23,Male,Central,Tier 3,Arts/Humanities,LLB,60.7,6.47,Social Media,2.7,8.5,8.0,6.2,Python,Design & Media,Higher studies,Hometown,UI/UX Designer
INDYCC02899,18,Male,West,Tier 2,Commerce,CA/Professional Course,72.7,7.3,Friends/Peers,1.6,8.6,6.4,4.8,,Design & Media,Higher studies,Metro city,Product Manager
INDYCC02900,24,Male,South,Tier 3,Science,B.Sc.,64.9,6.54,Friends/Peers,4.8,6.2,5.1,6.4,Python,Business & Finance,Self-employed/Freelance,Remote/Hybrid,Data Scientist
INDYCC02901,20,Female,North,Tier 1,Arts/Humanities,BJMC/Media,51.8,5.31,Social Media,3.3,4.2,6.9,7.3,,Research/Education,Self-employed/Freelance,Metro city,UI/UX Designer
INDYCC02902,19,Male,South,Tier 2,Commerce,BMS,80.2,8.27,Salary/Package,3.3,6.8,5.6,6.2,,Business & Finance,Government sector,Remote/Hybrid,Financial Analyst
INDYCC02903,21,Non-binary/Prefer not to say,West,Tier 1,Arts/Humanities,LLB,84.4,8.75,Salary/Package,4.8,6.5,6.0,7.3,,Design & Media,Private sector,Hometown,UI/UX Designer
INDYCC02904,21,Male,West,Tier 3,Science,B.Tech/B.E.,80.2,8.45,Passion/Interest,9.3,4.6,7.1,8.6,"Python, SQL",Research/Education,Private sector,Remote/Hybrid,Software Engineer
INDYCC02905,18,Female,West,Tier 2,Commerce,BCA,94.2,9.18,Parents,4.5,7.8,8.0,7.5,Python,Technology,Government sector,Metro city,Software Engineer
INDYCC02906,23,Male,West,Tier 2,Science,BCA,74.1,7.43,Passion/Interest,6.1,7.3,7.0,3.1,Python,Technology,Private sector,Hometown,Data Scientist
INDYCC02907,23,Male,West,Tier 3,Science,BCA,63.4,6.49,Parents,9.0,6.7,8.4,4.3,"Python, SQL",Research/Education,Private sector,Metro city,Researcher/Academician
INDYCC02908,24,Female,North,Tier 1,Commerce,CA/Professional Course,87.7,8.77,Parents,9.6,9.1,7.9,3.5,C++,Technology,Startup,Remote/Hybrid,Product Manager
INDYCC02909,17,Female,South,Tier 3,Science,B.Tech/B.E.,73.4,6.89,Passion/Interest,6.0,6.8,7.3,5.9,Python,Healthcare,Startup,Metro city,Healthcare Professional
INDYCC02910,22,Female,West,Tier 2,Commerce,BBA,48.9,5.03,Parents,4.6,5.7,8.9,3.2,Python,Design & Media,Private sector,Metro city,Product Manager
INDYCC02911,18,Male,Central,Tier 1,Arts/Humanities,BJMC/Media,48.9,5.0,Passion/Interest,3.6,6.4,5.6,7.0,,Technology,Private sector,Any city in India,Digital Marketer
INDYCC02912,22,Female,South,Tier 2,Commerce,BBA,80.8,8.16,Parents,2.3,8.7,6.4,6.6,Python,Technology,Government sector,Any city in India,Government Officer
INDYCC02913,22,Female,South,Tier 1,Commerce,B.Com,78.5,8.07,Friends/Peers,2.6,7.2,8.2,4.1,SQL,Government/Public Service,Higher studies,Remote/Hybrid,Government Officer
INDYCC02914,21,Male,South,Tier 3,Commerce,BMS,72.4,7.0,Parents,3.1,7.7,4.8,4.4,,Marketing,Government sector,Remote/Hybrid,Financial Analyst
INDYCC02915,21,Male,South,Tier 3,Arts/Humanities,BJMC/Media,73.5,7.27,Parents,1.0,8.6,4.1,6.5,SQL,Research/Education,Private sector,Metro city,Researcher/Academician
INDYCC02916,18,Female,West,Tier 2,Arts/Humanities,LLB,60.2,6.05,Social Media,2.3,7.7,4.1,8.3,Python,Marketing,Private sector,Any city in India,Digital Marketer
INDYCC02917,20,Male,West,Tier 2,Science,B.Pharm,64.8,6.08,Friends/Peers,6.6,7.4,8.3,5.7,"Python, SQL",Business & Finance,Startup,Metro city,Financial Analyst
INDYCC02918,24,Male,North,Tier 2,Science,B.Pharm,68.9,6.38,Friends/Peers,5.7,8.6,8.5,2.9,,Technology,Private sector,Hometown,Data Scientist
INDYCC02919,18,Female,West,Tier 3,Arts/Humanities,BJMC/Media,52.2,5.58,Salary/Package,4.0,6.2,6.3,2.9,SQL,Marketing,Private sector,Metro city,Digital Marketer
INDYCC02920,19,Male,North,Tier 2,Science,B.Sc.,83.6,8.49,Parents,2.7,8.3,10.0,6.2,,Marketing,Private sector,Metro city,Healthcare Professional
INDYCC02921,23,Female,North,Tier 3,Arts/Humanities,B.A.,70.7,6.58,Passion/Interest,6.8,8.8,8.0,9.4,JavaScript,Design & Media,Self-employed/Freelance,Metro city,Digital Marketer
INDYCC02922,23,Female,West,Tier 1,Arts/Humanities,LLB,64.5,6.53,Social Media,1.0,7.3,5.5,5.5,,Business & Finance,Private sector,Hometown,Digital Marketer
INDYCC02923,18,Female,South,Tier 3,Commerce,B.Com,78.8,7.67,Parents,6.9,6.4,4.5,5.9,JavaScript,Government/Public Service,Self-employed/Freelance,Hometown,Government Officer
INDYCC02924,17,Male,West,Tier 2,Science,B.Sc.,93.0,9.57,Parents,6.3,2.5,4.7,6.1,,Government/Public Service,Private sector,Remote/Hybrid,Data Scientist
INDYCC02925,20,Female,North,Tier 2,Science,BCA,57.9,,Parents,5.8,9.0,4.3,5.9,JavaScript,Design & Media,Private sector,Hometown,UI/UX Designer
INDYCC02926,24,Male,North,Tier 2,Commerce,BCA,74.9,7.5,Social Media,5.1,4.0,7.9,5.8,Python,Marketing,Startup,Hometown,Product Manager
INDYCC02927,24,Male,Central,Tier 3,Commerce,CA/Professional Course,77.0,7.68,Parents,4.9,3.7,5.7,3.3,Python,Technology,Private sector,Any city in India,Product Manager
INDYCC02928,19,Male,Central,Tier 1,Science,B.Tech/B.E.,82.4,8.08,Passion/Interest,6.6,7.3,8.3,8.0,Python,Healthcare,Private sector,Metro city,Healthcare Professional
INDYCC02929,22,Female,North,Tier 3,Science,B.Pharm,78.7,7.87,Parents,8.1,4.7,7.7,4.3,Java,Marketing,Private sector,Metro city,Data Scientist
INDYCC02930,24,Female,West,Tier 2,Arts/Humanities,LLB,73.0,7.32,Passion/Interest,1.0,6.5,1.9,8.6,SQL,Marketing,Startup,Hometown,Researcher/Academician
INDYCC02931,24,Male,East,Tier 2,Science,B.Pharm,79.2,8.05,Salary/Package,8.0,6.5,5.9,8.2,JavaScript,Business & Finance,Higher studies,Remote/Hybrid,Software Engineer
INDYCC02932,21,Male,South,Tier 3,Commerce,CA/Professional Course,79.3,8.43,Parents,3.4,6.5,7.1,2.5,Python,Technology,Private sector,Metro city,Product Manager
INDYCC02933,21,Male,Central,Tier 2,Arts/Humanities,BJMC/Media,72.4,7.17,Passion/Interest,4.1,7.4,5.3,8.5,SQL,Marketing,Private sector,Metro city,Digital Marketer
INDYCC02934,22,Female,South,Tier 3,Commerce,BMS,54.5,,Friends/Peers,4.2,4.0,5.5,5.3,,Technology,Private sector,Remote/Hybrid,Product Manager
INDYCC02935,23,Male,North,Tier 3,Science,MBBS/Health Sciences,77.8,7.95,Parents,9.7,7.6,9.2,4.7,Java,Design & Media,Private sector,Any city in India,Data Scientist
INDYCC02936,19,Male,West,Tier 2,Science,B.Tech/B.E.,86.0,8.29,Parents,2.3,8.2,5.6,3.2,Python,Design & Media,Higher studies,Any city in India,Data Scientist
INDYCC02937,21,Male,East,Tier 1,Science,B.Tech/B.E.,65.0,6.02,Friends/Peers,3.7,5.0,5.7,4.6,Python,Technology,Higher studies,Metro city,Software Engineer
INDYCC02938,24,Male,South,Tier 1,Commerce,BBA,60.3,6.18,Salary/Package,8.0,4.4,7.2,6.8,Python,Business & Finance,Private sector,Remote/Hybrid,Financial Analyst
INDYCC02939,20,Female,North,Tier 1,Science,BCA,58.1,5.79,Friends/Peers,3.7,2.8,8.8,6.0,SQL,Marketing,Private sector,Any city in India,Data Scientist
INDYCC02940,21,Female,Central,Tier 1,Science,MBBS/Health Sciences,67.0,6.78,Social Media,4.0,6.4,5.8,4.6,Python,Marketing,Private sector,Remote/Hybrid,Software Engineer
INDYCC02941,22,Male,North,Tier 3,Science,B.Sc.,74.0,7.5,Salary/Package,6.8,5.5,5.8,5.0,Python,Research/Education,Private sector,Any city in India,Researcher/Academician
INDYCC02942,22,Male,West,Tier 1,Science,BCA,98.0,9.8,Salary/Package,6.7,5.8,7.6,4.7,"Python, SQL",Healthcare,Government sector,Metro city,Healthcare Professional
INDYCC02943,24,Male,South,Tier 2,Arts/Humanities,BBA,72.8,7.33,Parents,4.8,6.1,5.9,7.8,,Healthcare,Government sector,Hometown,Healthcare Professional
INDYCC02944,21,Male,North,Tier 2,Science,MBBS/Health Sciences,64.3,6.49,Salary/Package,2.6,4.7,5.1,5.5,SQL,Healthcare,Self-employed/Freelance,Hometown,Researcher/Academician
INDYCC02945,21,Female,Northeast,Tier 3,Commerce,CA/Professional Course,72.2,6.99,Parents,5.1,2.6,5.4,5.1,C++,Healthcare,Startup,Metro city,Data Scientist
INDYCC02946,22,Male,South,Tier 1,Commerce,B.Com,68.1,6.68,Friends/Peers,4.3,7.4,7.0,5.8,Python,Technology,Government sector,Metro city,Data Scientist
INDYCC02947,24,Female,North,Tier 1,Science,BCA,60.6,5.87,Parents,5.1,7.6,7.6,7.5,JavaScript,Technology,Higher studies,Metro city,Software Engineer
INDYCC02948,24,Male,North,Tier 2,Science,B.Tech/B.E.,84.1,8.71,Social Media,10.0,6.8,8.1,4.1,Java,Business & Finance,Higher studies,Any city in India,Software Engineer
INDYCC02949,23,Female,East,Tier 3,Arts/Humanities,BJMC/Media,85.7,8.58,Social Media,8.6,5.2,5.1,2.8,,Government/Public Service,Private sector,Metro city,Government Officer
INDYCC02950,23,Male,North,Tier 1,Commerce,BMS,65.5,6.3,Parents,2.7,7.5,7.7,4.1,,Business & Finance,Private sector,Metro city,Product Manager
INDYCC02951,23,Female,South,Tier 3,Science,BCA,46.3,5.0,Passion/Interest,6.2,6.7,5.3,7.6,,Marketing,Government sector,Any city in India,Data Scientist
INDYCC02952,22,Male,North,Tier 1,Commerce,BMS,79.0,8.61,Passion/Interest,1.1,5.0,5.7,4.7,,Design & Media,Private sector,Any city in India,Software Engineer
INDYCC02953,21,Female,South,Tier 3,Arts/Humanities,B.A.,71.5,6.99,Parents,7.6,7.4,5.0,5.3,Java,Technology,Private sector,Hometown,Software Engineer
INDYCC02954,17,Male,Central,Tier 2,Science,MBBS/Health Sciences,63.4,6.55,Parents,10.0,7.4,8.1,9.4,SQL,Research/Education,Government sector,Hometown,Software Engineer
INDYCC02955,24,Female,West,Tier 3,Science,B.Tech/B.E.,68.7,6.52,Social Media,5.6,6.2,7.2,4.9,C++,Technology,Government sector,Remote/Hybrid,Software Engineer
INDYCC02956,21,Male,South,Tier 1,Science,B.Tech/B.E.,53.1,5.0,Friends/Peers,6.3,6.5,5.4,4.7,Python,Technology,Government sector,Remote/Hybrid,Data Scientist
INDYCC02957,18,Male,South,Tier 2,Commerce,BCA,83.8,8.52,Social Media,5.5,5.7,5.5,2.6,C++,Marketing,Startup,Metro city,Product Manager
INDYCC02958,18,Non-binary/Prefer not to say,West,Tier 1,Science,BCA,83.5,7.77,Parents,9.6,4.7,7.3,4.7,Java,Research/Education,Private sector,Metro city,Software Engineer
INDYCC02959,22,Female,Northeast,Tier 2,Arts/Humanities,B.A.,55.7,5.92,Parents,1.0,7.7,5.4,7.5,Python,Technology,Private sector,Metro city,Software Engineer
INDYCC02960,21,Female,West,Tier 2,Science,BCA,,7.69,Salary/Package,6.7,7.3,9.1,6.0,"Python, SQL",Design & Media,Government sector,Hometown,Software Engineer
INDYCC02961,18,Female,West,Tier 2,Commerce,BCA,84.3,8.08,Parents,5.5,6.1,7.6,5.0,Java,Healthcare,Government sector,Metro city,Financial Analyst
INDYCC02962,24,Female,Northeast,Tier 1,Science,B.Sc.,71.6,7.26,Salary/Package,4.9,5.6,8.0,6.0,Python,Marketing,Private sector,Metro city,UI/UX Designer
INDYCC02963,20,Male,Central,Tier 2,Commerce,BCA,89.4,8.46,Parents,1.3,6.1,6.6,7.3,,Government/Public Service,Government sector,Metro city,Government Officer
INDYCC02964,22,Female,North,Tier 2,Commerce,BCA,60.0,5.98,Parents,3.0,6.7,5.8,3.2,SQL,Research/Education,Private sector,Hometown,Researcher/Academician
INDYCC02965,17,Male,West,Tier 2,Arts/Humanities,B.A.,91.6,9.04,Parents,5.9,6.8,4.6,7.7,,Research/Education,Private sector,Hometown,Researcher/Academician
INDYCC02966,20,Female,North,Tier 3,Arts/Humanities,BJMC/Media,76.3,7.75,Social Media,6.0,7.2,5.7,6.7,,Design & Media,Self-employed/Freelance,Remote/Hybrid,UI/UX Designer
INDYCC02967,22,Female,West,Tier 2,Science,BCA,62.1,,Salary/Package,9.8,4.2,5.9,3.9,"Python, SQL",Healthcare,Private sector,Hometown,Software Engineer
INDYCC02968,19,Male,East,Tier 1,Commerce,BCA,96.1,9.29,Parents,2.7,7.5,8.0,6.9,SQL,Government/Public Service,Government sector,Hometown,Government Officer
INDYCC02969,17,Male,West,Tier 2,Science,B.Tech/B.E.,72.1,7.42,Social Media,3.6,5.8,4.0,7.3,SQL,Marketing,Government sector,Hometown,Digital Marketer
INDYCC02970,20,Female,East,Tier 3,Science,MBBS/Health Sciences,71.5,7.2,Passion/Interest,6.6,5.7,6.4,6.1,SQL,Technology,Government sector,Remote/Hybrid,Software Engineer
INDYCC02971,22,Female,East,Tier 2,Science,B.Sc.,82.7,8.25,Salary/Package,9.3,6.5,8.3,7.8,Java,Research/Education,Private sector,Any city in India,Data Scientist
INDYCC02972,24,Male,East,Tier 2,Science,B.Tech/B.E.,77.0,7.73,Salary/Package,8.5,6.0,8.0,5.8,Python,Government/Public Service,Private sector,Metro city,Data Scientist
INDYCC02973,23,Male,West,Tier 3,Science,B.Tech/B.E.,63.4,6.15,Passion/Interest,5.7,5.6,4.9,7.2,,Healthcare,Private sector,Remote/Hybrid,Healthcare Professional
INDYCC02974,23,Female,South,Tier 1,Science,MBBS/Health Sciences,64.9,6.2,Social Media,5.7,4.5,5.8,3.3,,Technology,Government sector,Any city in India,Software Engineer
INDYCC02975,20,Female,West,Tier 3,Arts/Humanities,B.A.,93.3,9.21,Friends/Peers,1.0,8.2,5.4,5.9,SQL,Healthcare,Private sector,Metro city,Digital Marketer
INDYCC02976,22,Male,East,Tier 1,Science,BCA,54.0,5.4,Parents,6.3,8.3,9.8,7.3,JavaScript,Government/Public Service,Private sector,Metro city,Healthcare Professional
INDYCC02977,21,Male,South,Tier 2,Commerce,BBA,63.8,5.85,Passion/Interest,5.1,8.3,5.5,6.7,C++,Business & Finance,Self-employed/Freelance,Metro city,Product Manager
INDYCC02978,22,Female,Central,Tier 2,Arts/Humanities,B.Des,75.4,7.3,Passion/Interest,3.5,6.1,3.8,7.8,SQL,Healthcare,Private sector,Any city in India,UI/UX Designer
INDYCC02979,24,Female,North,Tier 3,Commerce,BBA,89.0,8.52,Salary/Package,7.3,7.3,4.4,4.7,Java,Technology,Private sector,Metro city,Product Manager
INDYCC02980,22,Male,West,Tier 1,Commerce,B.Com,82.4,7.98,Social Media,3.9,6.3,7.3,7.2,SQL,Design & Media,Private sector,Any city in India,Financial Analyst
INDYCC02981,23,Male,North,Tier 2,Science,B.Sc.,75.6,7.39,Parents,9.7,6.4,8.9,6.1,C++,Marketing,Government sector,Metro city,Data Scientist
INDYCC02982,18,Non-binary/Prefer not to say,West,Tier 2,Arts/Humanities,B.Des,76.5,7.45,Friends/Peers,1.3,8.3,4.0,7.0,SQL,Government/Public Service,Private sector,Any city in India,Government Officer
INDYCC02983,18,Female,Northeast,Tier 3,Commerce,BBA,79.3,8.32,Parents,3.0,7.5,7.0,3.4,SQL,Healthcare,Private sector,Metro city,Healthcare Professional
INDYCC02984,21,Female,Northeast,Tier 2,Science,BCA,75.8,7.46,Salary/Package,8.1,8.0,5.2,5.5,,Healthcare,Startup,Hometown,Data Scientist
INDYCC02985,19,Male,East,Tier 2,Commerce,BBA,67.5,6.79,Salary/Package,3.8,6.5,5.1,4.3,Python,Design & Media,Private sector,Metro city,UI/UX Designer
INDYCC02986,24,Male,South,Tier 2,Science,BCA,63.8,,Passion/Interest,5.3,4.7,6.6,3.4,"Python, SQL",Business & Finance,Startup,Metro city,Software Engineer
INDYCC02987,19,Male,North,Tier 2,Arts/Humanities,LLB,91.2,8.9,Friends/Peers,4.1,7.4,6.5,8.1,SQL,Technology,Higher studies,Any city in India,Software Engineer
INDYCC02988,22,Male,West,Tier 2,Science,B.Tech/B.E.,84.6,7.91,Friends/Peers,6.9,10.0,5.4,6.8,Python,Business & Finance,Private sector,Metro city,Financial Analyst
INDYCC02989,21,Male,North,Tier 2,Commerce,B.Com,82.1,8.65,Salary/Package,4.8,2.6,7.7,7.6,,Marketing,Private sector,Metro city,Product Manager
INDYCC02990,20,Female,East,Tier 2,Arts/Humanities,B.Des,77.9,7.34,Friends/Peers,8.4,6.7,4.2,6.0,C++,Design & Media,Self-employed/Freelance,Metro city,UI/UX Designer
INDYCC02991,17,Male,West,Tier 1,Commerce,BMS,61.9,5.99,Social Media,4.5,6.5,6.1,5.6,Python,Government/Public Service,Higher studies,Remote/Hybrid,Government Officer
INDYCC02992,17,Female,North,Tier 2,Science,BCA,96.5,9.57,Salary/Package,8.1,6.0,8.6,5.8,JavaScript,Design & Media,Private sector,Hometown,Software Engineer
INDYCC02993,21,Male,East,Tier 2,Arts/Humanities,B.A.,60.4,6.38,Salary/Package,6.1,8.7,3.3,8.8,C++,Healthcare,Startup,Any city in India,Healthcare Professional
INDYCC02994,17,Female,East,Tier 3,Arts/Humanities,B.Des,73.1,7.69,Salary/Package,4.9,7.2,8.5,6.7,,Healthcare,Private sector,Any city in India,UI/UX Designer
INDYCC02995,23,Male,South,Tier 2,Commerce,CA/Professional Course,71.9,7.2,Friends/Peers,4.5,5.8,7.7,4.6,SQL,Business & Finance,Private sector,Any city in India,Product Manager
INDYCC02996,19,Female,West,Tier 1,Commerce,BCA,83.3,8.5,Friends/Peers,4.5,8.0,6.0,5.5,,Research/Education,Government sector,Remote/Hybrid,Government Officer
INDYCC02997,24,Female,North,Tier 2,Arts/Humanities,LLB,75.0,7.74,Parents,2.5,4.8,6.4,6.1,Python,Healthcare,Government sector,Any city in India,Digital Marketer
INDYCC02998,18,Female,East,Tier 2,Science,B.Pharm,80.9,7.72,Friends/Peers,8.1,4.5,6.8,6.6,,Healthcare,Government sector,Remote/Hybrid,Software Engineer
INDYCC02999,23,Male,Central,Tier 2,Science,B.Sc.,85.6,8.24,Salary/Package,8.0,4.1,5.1,5.0,JavaScript,Design & Media,Self-employed/Freelance,Metro city,Software Engineer
INDYCC03000,21,Female,Central,Tier 1,Commerce,BCA,84.8,9.23,Parents,5.2,6.6,7.0,7.9,,Marketing,Private sector,Remote/Hybrid,Government Officer
INDYCC03001,18,Male,East,Tier 3,Science,B.Tech/B.E.,58.2,5.93,Parents,8.3,8.3,7.9,5.0,JavaScript,Technology,Startup,Hometown,Data Scientist
INDYCC03002,21,Female,South,Tier 1,Science,BCA,54.8,5.94,Friends/Peers,4.0,7.9,9.3,5.6,,Marketing,Self-employed/Freelance,Any city in India,Government Officer
INDYCC03003,21,Female,West,Tier 1,Arts/Humanities,B.Des,62.8,6.41,Friends/Peers,1.0,8.4,6.1,8.5,,Healthcare,Self-employed/Freelance,Hometown,Digital Marketer
INDYCC03004,19,Male,East,Tier 1,Commerce,B.Com,74.7,7.43,Parents,3.7,5.6,6.2,3.6,SQL,Design & Media,Startup,Remote/Hybrid,Digital Marketer
INDYCC03005,22,Male,South,Tier 2,Arts/Humanities,BJMC/Media,79.9,7.85,Parents,4.5,7.1,6.5,8.3,Python,Government/Public Service,Private sector,Remote/Hybrid,Government Officer
INDYCC03006,24,Male,Central,Tier 2,Science,MBBS/Health Sciences,78.6,7.79,Social Media,5.8,6.0,7.9,4.9,SQL,Technology,Government sector,Any city in India,Data Scientist
INDYCC03007,21,Female,West,Tier 3,Science,B.Tech/B.E.,85.5,8.33,Parents,4.2,6.8,5.5,9.7,Python,Design & Media,Private sector,Metro city,UI/UX Designer
INDYCC03008,21,Male,East,Tier 1,Commerce,CA/Professional Course,88.6,8.59,Parents,5.1,6.0,8.6,3.7,Java,Technology,Government sector,Hometown,Data Scientist
INDYCC03009,22,Female,East,Tier 1,Arts/Humanities,B.A.,54.0,5.14,Salary/Package,4.9,6.7,7.2,6.4,SQL,Healthcare,Startup,Remote/Hybrid,Healthcare Professional
INDYCC03010,21,Male,North,Tier 2,Commerce,BMS,46.4,5.0,Social Media,4.0,4.7,7.1,8.2,,Marketing,Private sector,Any city in India,UI/UX Designer
INDYCC03011,22,Female,Central,Tier 2,Science,B.Sc.,69.1,6.67,Social Media,4.7,9.1,5.3,4.0,Python,Marketing,Private sector,Remote/Hybrid,Healthcare Professional
INDYCC03012,18,Male,North,Tier 2,Arts/Humanities,B.A.,70.6,7.31,Passion/Interest,3.0,5.4,5.8,8.2,,Government/Public Service,Government sector,Metro city,Government Officer
INDYCC03013,23,Female,Central,Tier 1,Science,BCA,91.5,9.19,Parents,6.8,5.3,4.5,3.8,SQL,Research/Education,Self-employed/Freelance,Remote/Hybrid,Researcher/Academician
INDYCC03014,19,Male,West,Tier 2,Arts/Humanities,BBA,60.5,5.94,Parents,2.3,7.2,3.4,6.7,SQL,Government/Public Service,Self-employed/Freelance,Any city in India,Digital Marketer
INDYCC03015,22,Female,South,Tier 1,Arts/Humanities,BJMC/Media,62.4,6.24,Passion/Interest,2.4,8.8,5.6,7.3,,Research/Education,Startup,Any city in India,Researcher/Academician
INDYCC03016,17,Male,South,Tier 1,Science,B.Pharm,65.3,6.53,Parents,7.0,8.3,8.8,3.9,Python,Healthcare,Government sector,Remote/Hybrid,Healthcare Professional
INDYCC03017,18,Female,North,Tier 1,Science,B.Tech/B.E.,55.4,5.56,Salary/Package,6.6,3.2,8.4,8.5,,Business & Finance,Self-employed/Freelance,Any city in India,Data Scientist
INDYCC03018,22,Male,Central,Tier 1,Commerce,B.Com,86.8,,Social Media,2.9,8.8,8.4,4.6,SQL,Business & Finance,Private sector,Metro city,Product Manager
INDYCC03019,17,Female,North,Tier 2,Science,MBBS/Health Sciences,84.3,8.47,Social Media,9.1,6.7,7.5,4.4,C++,Marketing,Government sector,Remote/Hybrid,Software Engineer
INDYCC03020,22,Male,South,Tier 2,Science,B.Tech/B.E.,89.7,8.91,Social Media,9.9,6.1,3.5,8.6,,Design & Media,Government sector,Metro city,UI/UX Designer
INDYCC03021,24,Female,South,Tier 1,Commerce,BBA,71.4,6.74,Friends/Peers,5.6,4.8,7.9,4.5,JavaScript,Business & Finance,Government sector,Metro city,Financial Analyst
INDYCC03022,17,Female,Northeast,Tier 1,Arts/Humanities,B.Des,75.0,7.65,Passion/Interest,5.7,8.6,3.5,9.8,C++,Design & Media,Startup,Hometown,UI/UX Designer
INDYCC03023,19,Male,South,Tier 1,Commerce,B.Com,88.5,9.05,Parents,5.1,5.0,10.0,8.6,Python,Technology,Self-employed/Freelance,Remote/Hybrid,Product Manager
INDYCC03024,24,Female,West,Tier 2,Science,B.Sc.,64.5,6.33,Parents,6.3,5.3,7.0,4.4,,Business & Finance,Government sector,Metro city,Financial Analyst
INDYCC03025,24,Non-binary/Prefer not to say,West,Tier 2,Arts/Humanities,B.A.,61.3,6.43,Friends/Peers,3.9,6.7,4.2,5.6,Python,Technology,Higher studies,Metro city,Software Engineer
INDYCC03026,20,Non-binary/Prefer not to say,East,Tier 2,Science,B.Tech/B.E.,66.6,6.67,Passion/Interest,3.8,4.7,9.6,6.1,,Marketing,Private sector,Remote/Hybrid,Healthcare Professional
INDYCC03027,19,Male,East,Tier 2,Commerce,BBA,84.9,8.06,Friends/Peers,7.2,6.4,7.2,8.4,Java,Marketing,Government sector,Metro city,Product Manager
INDYCC03028,18,Female,South,Tier 2,Arts/Humanities,LLB,73.5,6.87,Salary/Package,4.6,5.1,4.6,6.0,SQL,Government/Public Service,Self-employed/Freelance,Hometown,Researcher/Academician
INDYCC03029,22,Male,North,Tier 1,Arts/Humanities,BJMC/Media,75.8,7.37,Social Media,6.9,6.2,5.3,8.8,Java,Design & Media,Higher studies,Metro city,Digital Marketer
INDYCC03030,18,Male,North,Tier 3,Science,MBBS/Health Sciences,76.5,7.27,Parents,9.1,8.1,7.5,6.4,SQL,Government/Public Service,Startup,Metro city,Data Scientist
INDYCC03031,17,Male,East,Tier 3,Arts/Humanities,B.Des,68.4,6.86,Parents,3.6,7.2,2.2,10.0,SQL,Business & Finance,Private sector,Metro city,Digital Marketer
INDYCC03032,18,Male,North,Tier 1,Commerce,B.Com,86.8,8.59,Passion/Interest,4.7,8.8,7.6,6.9,,Business & Finance,Higher studies,Metro city,Financial Analyst
INDYCC03033,23,Female,North,Tier 1,Science,B.Pharm,79.7,7.85,Salary/Package,6.5,2.3,4.9,4.8,"Python, SQL",Design & Media,Startup,Remote/Hybrid,Data Scientist
INDYCC03034,24,Female,North,Tier 1,Commerce,BMS,64.8,6.43,Passion/Interest,5.4,7.1,4.7,4.6,Java,Technology,Government sector,Metro city,Product Manager
INDYCC03035,17,Female,West,Tier 2,Commerce,BMS,66.8,6.08,Parents,3.3,5.1,6.4,6.0,Python,Business & Finance,Startup,Remote/Hybrid,Financial Analyst
INDYCC03036,21,Non-binary/Prefer not to say,North,Tier 2,Science,B.Sc.,60.6,6.33,Social Media,7.4,8.0,7.9,6.0,"Python, SQL",Government/Public Service,Startup,Any city in India,Software Engineer
INDYCC03037,21,Male,North,Tier 1,Science,B.Tech/B.E.,46.5,5.0,Friends/Peers,5.4,5.5,6.3,8.9,C++,Healthcare,Startup,Hometown,Healthcare Professional
INDYCC03038,18,Female,North,Tier 2,Commerce,BMS,68.6,6.85,Passion/Interest,7.0,8.0,4.6,4.9,Java,Business & Finance,Government sector,Any city in India,Product Manager
INDYCC03039,23,Non-binary/Prefer not to say,West,Tier 1,Commerce,B.Com,71.6,7.07,Salary/Package,6.7,8.3,6.8,6.4,JavaScript,Business & Finance,Private sector,Metro city,Financial Analyst
INDYCC03040,21,Female,East,Tier 1,Commerce,BBA,86.6,8.51,Parents,5.8,7.2,6.6,5.2,JavaScript,Technology,Startup,Metro city,Product Manager
INDYCC03041,18,Female,Central,Tier 1,Science,MBBS/Health Sciences,70.5,7.04,Friends/Peers,6.9,6.9,6.5,4.7,"Python, SQL",Research/Education,Private sector,Any city in India,Data Scientist
INDYCC03042,22,Male,North,Tier 2,Commerce,BCA,54.0,5.0,Social Media,3.7,7.0,6.9,5.5,,Research/Education,Private sector,Hometown,Researcher/Academician
INDYCC03043,23,Male,South,Tier 2,Science,B.Sc.,74.7,7.35,Friends/Peers,8.1,7.2,6.1,5.7,"Python, SQL",Marketing,Government sector,Remote/Hybrid,Data Scientist
INDYCC03044,24,Male,North,Tier 3,Arts/Humanities,BBA,84.0,8.29,Social Media,1.5,5.0,5.2,10.0,,Business & Finance,Startup,Metro city,Digital Marketer
INDYCC03045,22,Female,West,Tier 2,Arts/Humanities,LLB,63.9,6.3,Passion/Interest,1.8,5.7,5.2,7.4,,Healthcare,Private sector,Metro city,UI/UX Designer
INDYCC03046,19,Male,North,Tier 2,Science,B.Pharm,67.9,6.75,Social Media,5.4,6.7,8.1,5.7,SQL,Marketing,Government sector,Metro city,Software Engineer
INDYCC03047,22,Female,North,Tier 1,Science,B.Tech/B.E.,58.4,5.27,Salary/Package,7.0,6.2,7.6,4.3,JavaScript,Technology,Startup,Remote/Hybrid,Software Engineer
INDYCC03048,19,Male,West,Tier 3,Science,B.Tech/B.E.,63.3,6.46,Friends/Peers,9.1,6.8,6.8,4.1,C++,Government/Public Service,Higher studies,Metro city,Data Scientist
INDYCC03049,18,Female,South,Tier 2,Arts/Humanities,B.A.,60.8,5.92,Friends/Peers,1.8,7.1,6.6,3.9,SQL,Research/Education,Private sector,Hometown,Researcher/Academician
INDYCC03050,20,Male,North,Tier 3,Commerce,BCA,66.6,6.75,Friends/Peers,5.4,7.8,7.7,3.4,Java,Healthcare,Startup,Remote/Hybrid,Healthcare Professional
INDYCC03051,17,Female,East,Tier 2,Science,MBBS/Health Sciences,58.0,5.89,Salary/Package,3.9,8.6,7.6,5.2,,Technology,Private sector,Metro city,Data Scientist
INDYCC03052,21,Male,South,Tier 2,Science,B.Pharm,72.1,6.88,Parents,6.1,5.7,7.6,5.6,SQL,Design & Media,Self-employed/Freelance,Any city in India,Software Engineer
INDYCC03053,20,Male,West,Tier 2,Commerce,BMS,74.8,7.93,Parents,4.4,6.3,6.9,6.5,SQL,Technology,Private sector,Any city in India,Software Engineer
INDYCC03054,20,Female,Northeast,Tier 1,Arts/Humanities,B.A.,81.1,7.73,Passion/Interest,2.6,8.1,7.4,8.3,SQL,Technology,Private sector,Metro city,UI/UX Designer
INDYCC03055,24,Male,West,Tier 2,Commerce,CA/Professional Course,64.3,6.22,Salary/Package,5.5,7.3,5.9,5.8,C++,Technology,Private sector,Metro city,Product Manager
INDYCC03056,24,Male,South,Tier 2,Commerce,BCA,63.6,6.27,Social Media,6.8,5.0,7.0,7.6,,Business & Finance,Self-employed/Freelance,Any city in India,Financial Analyst
INDYCC03057,20,Male,Central,Tier 1,Commerce,CA/Professional Course,81.2,8.29,Social Media,5.1,7.4,7.7,4.4,JavaScript,Technology,Private sector,Remote/Hybrid,Product Manager
INDYCC03058,18,Male,Northeast,Tier 1,Arts/Humanities,BBA,70.9,7.37,Friends/Peers,1.5,4.6,4.6,6.4,Python,Technology,Self-employed/Freelance,Any city in India,Software Engineer
INDYCC03059,21,Female,South,Tier 2,Arts/Humanities,BBA,76.1,7.61,Parents,5.4,7.4,9.9,5.9,Python,Design & Media,Private sector,Metro city,UI/UX Designer
INDYCC03060,23,Male,Central,Tier 3,Commerce,BCA,67.8,6.98,Social Media,2.2,5.7,6.9,5.5,Python,Research/Education,Private sector,Remote/Hybrid,Financial Analyst
INDYCC03061,17,Non-binary/Prefer not to say,Central,Tier 3,Arts/Humanities,BJMC/Media,69.6,7.02,Parents,4.0,3.3,5.8,6.2,SQL,Research/Education,Private sector,Metro city,Researcher/Academician
INDYCC03062,17,Male,East,Tier 2,Arts/Humanities,B.A.,63.8,6.71,Social Media,4.0,6.2,4.7,7.2,SQL,Technology,Private sector,Hometown,UI/UX Designer
INDYCC03063,18,Non-binary/Prefer not to say,Central,Tier 3,Science,B.Pharm,87.3,8.31,Passion/Interest,5.4,7.6,10.0,3.8,SQL,Business & Finance,Government sector,Remote/Hybrid,Financial Analyst
INDYCC03064,22,Female,West,Tier 3,Science,B.Pharm,77.8,7.75,Passion/Interest,7.4,4.5,7.2,3.0,C++,Technology,Private sector,Metro city,Data Scientist
INDYCC03065,24,Female,South,Tier 1,Science,B.Sc.,74.5,7.66,Parents,5.1,7.2,6.6,8.2,,Marketing,Private sector,Remote/Hybrid,Healthcare Professional
INDYCC03066,20,Male,East,Tier 1,Arts/Humanities,B.Des,56.7,5.54,Parents,7.2,6.4,3.2,6.5,SQL,Design & Media,Government sector,Any city in India,UI/UX Designer
INDYCC03067,19,Female,North,Tier 1,Science,B.Tech/B.E.,80.4,8.0,Passion/Interest,7.2,10.0,8.7,5.3,"Python, SQL",Technology,Private sector,Metro city,Software Engineer
INDYCC03068,17,Female,Central,Tier 3,Science,B.Pharm,62.0,5.67,Salary/Package,9.2,5.4,7.4,4.0,,Research/Education,Private sector,Remote/Hybrid,Software Engineer
INDYCC03069,18,Male,West,Tier 3,Arts/Humanities,B.Des,76.3,7.71,Social Media,3.3,9.5,6.9,5.2,Python,Research/Education,Startup,Hometown,Researcher/Academician
INDYCC03070,20,Male,North,Tier 2,Science,B.Tech/B.E.,71.5,7.0,Social Media,5.7,5.6,7.6,5.0,SQL,Technology,Higher studies,Any city in India,Data Scientist
INDYCC03071,21,Male,North,Tier 3,Arts/Humanities,LLB,67.9,6.72,Friends/Peers,3.7,7.6,3.6,5.4,SQL,Design & Media,Government sector,Hometown,UI/UX Designer
INDYCC03072,24,Male,West,Tier 1,Arts/Humanities,B.A.,64.0,6.43,Social Media,5.8,7.8,6.4,7.1,SQL,Government/Public Service,Government sector,Metro city,Government Officer
INDYCC03073,24,Female,East,Tier 2,Arts/Humanities,B.Des,79.7,7.98,Salary/Package,3.8,7.0,4.5,6.5,SQL,Government/Public Service,Private sector,Hometown,Government Officer
INDYCC03074,21,Female,Central,Tier 1,Science,MBBS/Health Sciences,87.4,8.97,Friends/Peers,3.2,5.6,8.0,7.2,Python,Healthcare,Higher studies,Any city in India,Data Scientist
INDYCC03075,24,Male,South,Tier 2,Arts/Humanities,BBA,66.3,6.85,Parents,2.1,8.2,6.5,8.5,Python,Marketing,Self-employed/Freelance,Metro city,Digital Marketer
INDYCC03076,21,Male,North,Tier 1,Arts/Humanities,BBA,64.9,6.79,Parents,3.1,7.5,4.4,6.9,Python,Technology,Private sector,Metro city,Software Engineer
INDYCC03077,19,Male,South,Tier 2,Commerce,CA/Professional Course,80.6,8.26,Parents,5.9,5.6,8.5,7.0,"Python, SQL",Healthcare,Higher studies,Remote/Hybrid,Government Officer
INDYCC03078,19,Female,South,Tier 2,Science,BCA,54.2,5.27,Parents,4.3,6.9,8.4,7.9,SQL,Healthcare,Startup,Any city in India,Healthcare Professional
INDYCC03079,21,Male,West,Tier 2,Arts/Humanities,BBA,,7.36,Parents,5.2,5.7,5.6,8.0,SQL,Business & Finance,Government sector,Any city in India,UI/UX Designer
INDYCC03080,18,Male,Northeast,Tier 2,Commerce,BMS,68.4,6.72,Parents,4.2,5.0,6.3,4.7,SQL,Design & Media,Private sector,Remote/Hybrid,Software Engineer
INDYCC03081,18,Male,West,Tier 2,Science,B.Sc.,66.9,6.77,Friends/Peers,2.6,5.5,7.0,2.7,SQL,Marketing,Startup,Any city in India,Software Engineer
INDYCC03082,19,Male,South,Tier 1,Science,MBBS/Health Sciences,82.6,8.71,Social Media,4.2,4.3,6.8,10.0,Python,Healthcare,Private sector,Metro city,Healthcare Professional
INDYCC03083,19,Male,North,Tier 2,Arts/Humanities,LLB,79.3,8.08,Salary/Package,3.4,7.3,5.3,7.4,,Business & Finance,Higher studies,Hometown,Digital Marketer
INDYCC03084,21,Male,South,Tier 3,Commerce,BBA,58.6,5.16,Salary/Package,2.3,5.0,5.8,7.9,,Research/Education,Private sector,Remote/Hybrid,Product Manager
INDYCC03085,17,Female,South,Tier 1,Arts/Humanities,B.Des,82.8,8.05,Salary/Package,7.8,8.6,4.7,6.7,"Python, SQL",Marketing,Startup,Metro city,Product Manager
INDYCC03086,20,Female,West,Tier 3,Science,BCA,82.8,8.14,Passion/Interest,9.2,6.8,7.6,3.6,"Python, SQL",Technology,Startup,Metro city,Data Scientist
INDYCC03087,19,Male,West,Tier 1,Science,MBBS/Health Sciences,50.7,5.0,Social Media,7.4,5.7,6.9,2.9,,Marketing,Government sector,Remote/Hybrid,Software Engineer
INDYCC03088,21,Male,North,Tier 1,Science,B.Sc.,,5.48,Passion/Interest,4.2,3.0,5.7,3.2,Python,Design & Media,Self-employed/Freelance,Metro city,UI/UX Designer
INDYCC03089,24,Male,Central,Tier 1,Science,B.Pharm,76.4,7.56,Passion/Interest,8.8,5.5,8.2,5.7,"Python, SQL",Marketing,Startup,Metro city,Data Scientist
INDYCC03090,22,Male,North,Tier 2,Science,B.Sc.,79.2,7.94,Social Media,5.3,4.8,8.2,7.4,Python,Business & Finance,Higher studies,Metro city,Digital Marketer
INDYCC03091,22,Female,South,Tier 1,Science,BCA,86.8,8.82,Social Media,9.7,6.3,8.2,7.4,JavaScript,Business & Finance,Startup,Metro city,Data Scientist
INDYCC03092,22,Male,West,Tier 1,Commerce,BBA,54.4,5.12,Parents,3.5,6.9,7.9,6.7,,Marketing,Higher studies,Metro city,Government Officer
INDYCC03093,23,Male,North,Tier 3,Science,B.Sc.,68.8,6.6,Passion/Interest,8.6,7.3,5.4,8.3,Python,Business & Finance,Private sector,Metro city,Product Manager
INDYCC03094,18,Male,East,Tier 2,Science,B.Tech/B.E.,60.3,6.28,Social Media,6.3,4.1,7.3,6.9,JavaScript,Healthcare,Startup,Metro city,Healthcare Professional
INDYCC03095,17,Male,South,Tier 1,Commerce,BCA,73.6,7.43,Friends/Peers,5.9,5.3,5.8,4.0,SQL,Healthcare,Self-employed/Freelance,Remote/Hybrid,Healthcare Professional
INDYCC03096,17,Female,West,Tier 2,Arts/Humanities,BJMC/Media,71.6,6.68,Social Media,5.8,8.4,4.7,4.2,C++,Government/Public Service,Private sector,Any city in India,Government Officer
INDYCC03097,24,Male,South,Tier 3,Science,B.Sc.,76.0,7.37,Social Media,3.0,5.6,6.4,6.7,SQL,Technology,Private sector,Remote/Hybrid,Software Engineer
INDYCC03098,24,Male,Northeast,Tier 2,Science,B.Pharm,98.0,9.11,Parents,6.4,6.1,8.3,5.7,"Python, SQL",Business & Finance,Startup,Metro city,Software Engineer
INDYCC03099,17,Male,West,Tier 1,Arts/Humanities,LLB,89.4,9.04,Friends/Peers,3.4,6.4,3.7,3.9,Python,Research/Education,Government sector,Any city in India,Researcher/Academician
INDYCC03100,18,Female,East,Tier 2,Arts/Humanities,BJMC/Media,75.1,7.62,Friends/Peers,2.6,5.8,3.5,6.2,Python,Design & Media,Government sector,Hometown,UI/UX Designer
INDYCC03101,24,Male,South,Tier 3,Science,B.Sc.,64.5,6.04,Parents,7.8,5.6,6.4,5.4,JavaScript,Government/Public Service,Private sector,Metro city,Software Engineer
INDYCC03102,24,Female,Northeast,Tier 3,Commerce,BMS,58.2,5.76,Parents,4.6,6.3,7.6,5.0,,Business & Finance,Private sector,Metro city,Financial Analyst
INDYCC03103,21,Male,East,Tier 1,Science,B.Tech/B.E.,76.2,7.99,Social Media,3.9,6.9,7.9,8.2,,Business & Finance,Higher studies,Hometown,Financial Analyst
INDYCC03104,19,Male,North,Tier 2,Science,B.Pharm,67.8,6.81,Passion/Interest,4.4,7.3,7.9,7.2,SQL,Marketing,Private sector,Metro city,Software Engineer
INDYCC03105,23,Female,North,Tier 2,Commerce,B.Com,67.2,6.42,Social Media,5.4,5.9,6.6,1.9,"Python, SQL",Healthcare,Private sector,Metro city,Product Manager
INDYCC03106,20,Female,South,Tier 2,Science,B.Sc.,50.7,5.0,Parents,4.6,3.4,4.5,5.8,,Government/Public Service,Self-employed/Freelance,Metro city,Government Officer
INDYCC03107,19,Male,East,Tier 1,Arts/Humanities,B.A.,77.7,7.55,Passion/Interest,5.4,8.4,4.5,8.4,,Business & Finance,Private sector,Remote/Hybrid,Digital Marketer
INDYCC03108,18,Female,North,Tier 2,Science,B.Sc.,64.3,6.6,Friends/Peers,5.6,6.5,5.3,4.5,Python,Design & Media,Private sector,Hometown,Data Scientist
INDYCC03109,17,Male,South,Tier 1,Science,B.Pharm,54.2,5.77,Passion/Interest,6.3,6.4,6.6,7.3,,Business & Finance,Private sector,Hometown,Product Manager
INDYCC03110,20,Male,South,Tier 1,Science,BCA,78.5,7.96,Friends/Peers,7.7,4.8,7.0,2.3,SQL,Government/Public Service,Private sector,Metro city,Government Officer
INDYCC03111,17,Female,East,Tier 2,Arts/Humanities,B.A.,62.4,5.78,Parents,2.9,8.9,5.3,9.9,,Government/Public Service,Private sector,Metro city,Government Officer
INDYCC03112,22,Male,North,Tier 2,Science,B.Tech/B.E.,92.3,9.29,Parents,6.5,5.8,8.3,3.7,JavaScript,Marketing,Private sector,Any city in India,Healthcare Professional
INDYCC03113,22,Female,Central,Tier 3,Commerce,CA/Professional Course,81.3,8.11,Salary/Package,5.2,4.2,5.4,2.6,,Healthcare,Private sector,Remote/Hybrid,Financial Analyst
INDYCC03114,21,Male,West,Tier 1,Science,MBBS/Health Sciences,77.7,7.83,Passion/Interest,5.6,5.6,7.8,7.4,C++,Technology,Government sector,Any city in India,Software Engineer
INDYCC03115,17,Female,North,Tier 2,Science,B.Tech/B.E.,71.4,7.05,Passion/Interest,6.6,6.5,9.2,6.2,Java,Healthcare,Private sector,Any city in India,Healthcare Professional
INDYCC03116,21,Non-binary/Prefer not to say,West,Tier 3,Commerce,CA/Professional Course,49.2,5.0,Social Media,4.0,3.9,8.3,4.5,Python,Healthcare,Private sector,Any city in India,Financial Analyst
INDYCC03117,20,Female,North,Tier 2,Arts/Humanities,LLB,72.5,7.42,Social Media,1.6,7.9,4.1,5.9,Python,Government/Public Service,Startup,Hometown,Government Officer
INDYCC03118,18,Female,West,Tier 2,Commerce,BMS,68.7,6.41,Parents,1.0,5.9,7.1,6.1,Python,Design & Media,Private sector,Metro city,UI/UX Designer
INDYCC03119,19,Female,North,Tier 2,Commerce,CA/Professional Course,70.5,7.17,Salary/Package,6.1,6.7,7.0,5.7,SQL,Technology,Startup,Metro city,Product Manager
INDYCC03120,20,Male,South,Tier 2,Commerce,BCA,79.4,8.31,Parents,5.0,6.5,8.9,5.7,,Government/Public Service,Private sector,Remote/Hybrid,Government Officer
INDYCC03121,18,Male,East,Tier 2,Commerce,BBA,86.5,8.26,Parents,2.2,7.6,6.7,7.2,,Technology,Private sector,Hometown,Financial Analyst
INDYCC03122,20,Female,North,Tier 3,Arts/Humanities,B.Des,82.5,8.58,Social Media,2.6,8.8,5.4,7.8,SQL,Technology,Higher studies,Metro city,Digital Marketer
INDYCC03123,18,Female,North,Tier 1,Science,B.Sc.,74.4,7.04,Friends/Peers,2.3,6.7,8.1,5.7,SQL,Technology,Higher studies,Metro city,Software Engineer
INDYCC03124,17,Male,South,Tier 2,Arts/Humanities,BJMC/Media,69.1,6.97,Salary/Package,3.1,7.9,5.9,7.1,Python,Healthcare,Private sector,Any city in India,Digital Marketer
INDYCC03125,20,Female,West,Tier 1,Science,B.Pharm,70.9,6.98,Friends/Peers,7.3,6.9,4.1,5.3,C++,Research/Education,Self-employed/Freelance,Metro city,Data Scientist
INDYCC03126,19,Female,East,Tier 3,Science,MBBS/Health Sciences,74.5,7.5,Salary/Package,6.3,7.6,7.0,5.0,"Python, SQL",Marketing,Private sector,Any city in India,Data Scientist
INDYCC03127,23,Female,West,Tier 2,Science,B.Sc.,62.6,6.19,Friends/Peers,4.6,9.7,7.6,6.0,SQL,Research/Education,Higher studies,Any city in India,Researcher/Academician
INDYCC03128,19,Male,East,Tier 2,Science,B.Tech/B.E.,75.6,7.49,Parents,6.2,7.7,6.9,5.3,,Research/Education,Self-employed/Freelance,Hometown,Software Engineer
INDYCC03129,17,Female,North,Tier 2,Science,B.Sc.,75.9,7.48,Passion/Interest,4.1,5.1,10.0,5.5,,Technology,Startup,Any city in India,Data Scientist
INDYCC03130,18,Female,Northeast,Tier 1,Commerce,BCA,66.8,6.49,Parents,5.0,5.3,6.3,7.0,JavaScript,Design & Media,Private sector,Metro city,UI/UX Designer
INDYCC03131,24,Female,North,Tier 2,Arts/Humanities,LLB,91.0,9.04,Passion/Interest,2.4,8.1,4.7,7.1,,Government/Public Service,Private sector,Any city in India,Government Officer
INDYCC03132,23,Female,West,Tier 2,Science,B.Tech/B.E.,70.4,7.54,Salary/Package,8.4,8.1,5.3,8.4,SQL,Business & Finance,Private sector,Metro city,Financial Analyst
INDYCC03133,18,Female,East,Tier 2,Science,MBBS/Health Sciences,59.8,5.64,Salary/Package,7.4,6.7,6.7,7.6,SQL,Healthcare,Private sector,Hometown,Data Scientist
INDYCC03134,18,Non-binary/Prefer not to say,North,Tier 2,Science,BCA,67.7,6.78,Parents,6.7,7.1,5.6,5.8,Java,Business & Finance,Startup,Any city in India,Digital Marketer
INDYCC03135,23,Male,North,Tier 1,Commerce,CA/Professional Course,72.0,7.4,Social Media,3.7,4.2,6.8,3.3,,Government/Public Service,Startup,Metro city,Government Officer
INDYCC03136,23,Male,North,Tier 2,Arts/Humanities,LLB,82.9,8.26,Salary/Package,1.0,8.1,6.1,4.2,Python,Healthcare,Self-employed/Freelance,Hometown,Healthcare Professional
INDYCC03137,23,Female,Central,Tier 3,Science,MBBS/Health Sciences,83.2,8.58,Parents,5.4,4.5,8.3,7.2,Python,Design & Media,Private sector,Hometown,UI/UX Designer
INDYCC03138,17,Male,Central,Tier 2,Science,B.Sc.,79.5,8.05,Salary/Package,6.0,4.0,9.8,3.7,"Python, SQL",Business & Finance,Private sector,Remote/Hybrid,Software Engineer
INDYCC03139,20,Female,South,Tier 3,Science,MBBS/Health Sciences,80.9,7.87,Friends/Peers,7.2,6.5,6.7,5.1,,Business & Finance,Self-employed/Freelance,Remote/Hybrid,Data Scientist
INDYCC03140,23,Male,West,Tier 3,Arts/Humanities,BJMC/Media,71.9,7.15,Parents,3.2,4.7,6.8,6.2,,Healthcare,Private sector,Hometown,Digital Marketer
INDYCC03141,23,Female,North,Tier 3,Commerce,CA/Professional Course,60.9,6.0,Parents,6.4,5.8,4.7,3.9,,Design & Media,Private sector,Metro city,UI/UX Designer
INDYCC03142,17,Male,West,Tier 2,Science,B.Pharm,79.9,7.51,Social Media,5.1,6.1,6.3,4.7,Python,Marketing,Private sector,Metro city,Software Engineer
INDYCC03143,24,Male,South,Tier 3,Science,BCA,75.8,7.98,Passion/Interest,6.5,5.1,6.9,8.5,C++,Business & Finance,Government sector,Any city in India,Digital Marketer
INDYCC03144,17,Female,Northeast,Tier 1,Arts/Humanities,BJMC/Media,70.6,7.05,Social Media,5.5,7.0,7.4,6.8,,Technology,Government sector,Any city in India,Data Scientist
INDYCC03145,24,Male,East,Tier 1,Science,B.Pharm,63.0,6.44,Salary/Package,8.5,7.7,6.8,5.9,,Healthcare,Private sector,Metro city,Data Scientist
INDYCC03146,17,Female,West,Tier 2,Arts/Humanities,BBA,75.1,7.47,Salary/Package,3.5,4.3,8.5,6.4,SQL,Business & Finance,Private sector,Hometown,Digital Marketer
INDYCC03147,21,Female,Northeast,Tier 3,Arts/Humanities,B.Des,79.2,8.56,Social Media,4.2,7.5,7.6,7.9,SQL,Healthcare,Government sector,Metro city,UI/UX Designer
INDYCC03148,24,Male,Central,Tier 2,Science,B.Tech/B.E.,74.8,7.68,Social Media,7.0,6.5,9.5,5.3,"Python, SQL",Healthcare,Self-employed/Freelance,Metro city,Healthcare Professional
INDYCC03149,21,Male,South,Tier 2,Science,MBBS/Health Sciences,69.1,7.0,Friends/Peers,6.7,5.1,5.4,5.3,"Python, SQL",Research/Education,Higher studies,Metro city,Healthcare Professional
INDYCC03150,21,Female,North,Tier 2,Science,BCA,80.1,7.64,Passion/Interest,5.2,6.1,7.2,4.1,"Python, SQL",Research/Education,Private sector,Any city in India,Researcher/Academician
INDYCC03151,17,Female,South,Tier 2,Commerce,BMS,52.8,5.11,Parents,7.6,6.8,4.0,4.6,Python,Marketing,Higher studies,Any city in India,Financial Analyst
INDYCC03152,22,Female,Central,Tier 1,Science,B.Sc.,60.8,5.67,Social Media,5.0,3.4,7.6,5.6,Java,Healthcare,Private sector,Any city in India,Data Scientist
INDYCC03153,21,Male,North,Tier 2,Science,B.Sc.,81.9,7.72,Salary/Package,5.8,4.9,8.3,6.6,,Technology,Startup,Metro city,Software Engineer
INDYCC03154,22,Non-binary/Prefer not to say,North,Tier 3,Commerce,B.Com,60.2,5.93,Social Media,3.9,7.8,4.7,1.0,SQL,Technology,Startup,Any city in India,Financial Analyst
INDYCC03155,18,Male,North,Tier 1,Arts/Humanities,B.A.,64.9,6.21,Parents,1.8,7.7,4.3,8.2,SQL,Marketing,Government sector,Metro city,Researcher/Academician
INDYCC03156,20,Female,Northeast,Tier 1,Arts/Humanities,BJMC/Media,67.7,6.95,Salary/Package,5.5,3.0,2.4,5.4,C++,Research/Education,Private sector,Any city in India,Researcher/Academician
INDYCC03157,17,Male,Central,Tier 3,Commerce,BMS,67.8,6.58,Parents,5.5,2.5,8.9,5.8,C++,Technology,Private sector,Hometown,Product Manager
INDYCC03158,22,Male,East,Tier 1,Science,BCA,57.9,5.83,Friends/Peers,5.2,3.0,6.7,5.5,"Python, SQL",Design & Media,Government sector,Any city in India,Researcher/Academician
INDYCC03159,17,Male,Central,Tier 2,Commerce,CA/Professional Course,67.9,,Friends/Peers,4.7,3.4,5.1,5.7,,Business & Finance,Higher studies,Remote/Hybrid,Financial Analyst
INDYCC03160,24,Male,Central,Tier 1,Commerce,BCA,70.8,6.78,Passion/Interest,3.6,5.7,7.8,5.0,Python,Healthcare,Higher studies,Any city in India,Product Manager
INDYCC03161,19,Female,West,Tier 1,Commerce,CA/Professional Course,69.6,6.88,Parents,7.2,5.4,7.5,5.5,Java,Design & Media,Higher studies,Metro city,Healthcare Professional
INDYCC03162,23,Male,West,Tier 1,Science,BCA,65.7,6.74,Salary/Package,8.0,7.4,5.1,8.2,Java,Research/Education,Government sector,Metro city,Data Scientist
INDYCC03163,20,Male,Central,Tier 2,Science,B.Sc.,74.7,7.12,Parents,7.0,5.2,7.2,6.8,Java,Technology,Private sector,Metro city,Software Engineer
INDYCC03164,24,Female,South,Tier 3,Science,BCA,72.8,6.94,Passion/Interest,5.4,6.8,7.2,7.2,Python,Design & Media,Private sector,Remote/Hybrid,UI/UX Designer
INDYCC03165,24,Female,North,Tier 1,Science,B.Sc.,73.9,7.28,Passion/Interest,9.4,6.3,8.0,6.0,Java,Design & Media,Private sector,Metro city,Digital Marketer
INDYCC03166,19,Male,Northeast,Tier 2,Arts/Humanities,B.Des,71.2,6.9,Parents,3.4,4.1,4.7,7.7,SQL,Business & Finance,Self-employed/Freelance,Remote/Hybrid,UI/UX Designer
INDYCC03167,22,Female,South,Tier 3,Science,B.Sc.,75.1,7.75,Salary/Package,6.5,5.8,6.0,6.6,C++,Research/Education,Startup,Remote/Hybrid,Healthcare Professional
INDYCC03168,24,Male,West,Tier 1,Science,B.Sc.,82.3,8.05,Social Media,5.8,3.3,5.7,5.9,,Research/Education,Self-employed/Freelance,Metro city,Researcher/Academician
INDYCC03169,20,Male,Central,Tier 1,Commerce,CA/Professional Course,73.5,7.83,Parents,2.3,4.0,7.5,7.9,,Technology,Higher studies,Metro city,Software Engineer
INDYCC03170,20,Female,South,Tier 1,Science,B.Tech/B.E.,85.8,8.27,Parents,9.5,5.1,7.2,4.4,"Python, SQL",Marketing,Private sector,Any city in India,Software Engineer
INDYCC03171,21,Male,South,Tier 1,Arts/Humanities,LLB,81.8,8.37,Salary/Package,4.9,9.9,6.6,9.9,,Design & Media,Government sector,Any city in India,UI/UX Designer
INDYCC03172,23,Male,East,Tier 3,Commerce,BBA,65.7,6.44,Friends/Peers,2.3,6.8,5.7,5.8,,Design & Media,Higher studies,Metro city,Financial Analyst
INDYCC03173,24,Male,South,Tier 2,Science,MBBS/Health Sciences,77.2,7.67,Passion/Interest,6.9,7.0,6.1,5.9,,Business & Finance,Private sector,Remote/Hybrid,Product Manager
INDYCC03174,19,Male,South,Tier 1,Science,B.Tech/B.E.,83.8,8.54,Social Media,6.4,4.4,8.9,5.4,,Design & Media,Private sector,Hometown,Digital Marketer
INDYCC03175,23,Male,North,Tier 1,Arts/Humanities,BBA,47.1,5.0,Passion/Interest,7.2,4.6,5.4,10.0,Java,Business & Finance,Startup,Hometown,Government Officer
INDYCC03176,20,Male,South,Tier 1,Arts/Humanities,B.A.,76.2,7.79,Social Media,3.1,7.3,6.6,7.9,,Research/Education,Private sector,Any city in India,UI/UX Designer
INDYCC03177,17,Female,South,Tier 2,Commerce,CA/Professional Course,62.5,6.49,Salary/Package,5.2,6.7,6.8,7.3,Python,Business & Finance,Private sector,Hometown,Product Manager
INDYCC03178,21,Male,South,Tier 1,Commerce,BMS,68.1,6.95,Friends/Peers,4.9,4.0,8.6,9.6,SQL,Healthcare,Private sector,Any city in India,Healthcare Professional
INDYCC03179,20,Male,West,Tier 3,Commerce,B.Com,77.8,7.33,Parents,3.2,4.3,6.4,9.1,Python,Government/Public Service,Private sector,Metro city,Government Officer
INDYCC03180,21,Female,West,Tier 2,Commerce,CA/Professional Course,67.5,6.71,Passion/Interest,1.7,7.1,6.3,3.2,,Business & Finance,Government sector,Hometown,Financial Analyst
INDYCC03181,22,Male,Northeast,Tier 3,Science,MBBS/Health Sciences,74.9,7.25,Friends/Peers,7.8,6.1,5.7,2.5,Python,Design & Media,Higher studies,Hometown,Software Engineer
INDYCC03182,17,Female,Northeast,Tier 1,Science,B.Sc.,79.2,7.8,Parents,4.1,8.3,6.6,6.4,,Government/Public Service,Government sector,Hometown,Government Officer
INDYCC03183,20,Male,South,Tier 3,Arts/Humanities,B.A.,74.4,7.08,Parents,3.6,10.0,8.2,8.5,Python,Technology,Government sector,Metro city,UI/UX Designer
INDYCC03184,24,Female,Northeast,Tier 2,Science,B.Sc.,87.9,8.88,Friends/Peers,6.7,6.3,5.9,6.3,JavaScript,Healthcare,Higher studies,Metro city,Healthcare Professional
INDYCC03185,21,Male,West,Tier 3,Commerce,BCA,76.4,7.95,Parents,3.1,7.7,7.1,8.1,SQL,Healthcare,Self-employed/Freelance,Hometown,Government Officer
INDYCC03186,24,Female,West,Tier 3,Arts/Humanities,LLB,68.9,6.57,Parents,1.7,8.1,3.8,4.7,,Design & Media,Government sector,Hometown,UI/UX Designer
INDYCC03187,22,Female,South,Tier 3,Science,MBBS/Health Sciences,77.4,7.56,Passion/Interest,8.2,6.4,4.2,2.8,SQL,Marketing,Government sector,Metro city,Healthcare Professional
INDYCC03188,21,Female,North,Tier 3,Science,B.Sc.,87.4,8.99,Passion/Interest,4.6,7.4,6.7,4.6,,Business & Finance,Startup,Metro city,Researcher/Academician
INDYCC03189,21,Male,Central,Tier 1,Science,B.Pharm,70.5,7.0,Friends/Peers,4.0,6.4,7.8,3.6,SQL,Marketing,Startup,Remote/Hybrid,Software Engineer
INDYCC03190,17,Female,South,Tier 2,Arts/Humanities,B.Des,54.2,5.81,Social Media,4.0,8.2,3.1,4.7,,Research/Education,Self-employed/Freelance,Any city in India,Researcher/Academician
INDYCC03191,20,Male,South,Tier 2,Science,B.Tech/B.E.,56.5,5.65,Salary/Package,9.0,4.3,6.9,6.3,C++,Marketing,Private sector,Remote/Hybrid,Data Scientist
INDYCC03192,17,Male,North,Tier 1,Commerce,CA/Professional Course,62.7,6.77,Passion/Interest,4.3,5.1,7.1,7.8,Python,Design & Media,Startup,Metro city,Digital Marketer
INDYCC03193,23,Male,North,Tier 2,Arts/Humanities,B.Des,69.5,6.66,Parents,2.2,3.8,6.4,5.7,Python,Healthcare,Startup,Metro city,Digital Marketer
INDYCC03194,19,Male,Central,Tier 2,Science,B.Tech/B.E.,75.0,7.23,Friends/Peers,4.9,6.4,4.4,3.3,SQL,Government/Public Service,Startup,Remote/Hybrid,UI/UX Designer
INDYCC03195,22,Male,South,Tier 1,Arts/Humanities,BJMC/Media,77.7,8.2,Friends/Peers,2.2,5.5,6.0,9.5,,Marketing,Private sector,Hometown,Digital Marketer
INDYCC03196,22,Female,South,Tier 1,Science,MBBS/Health Sciences,77.5,7.7,Parents,4.6,5.7,9.4,4.9,SQL,Healthcare,Private sector,Metro city,Healthcare Professional
INDYCC03197,20,Male,North,Tier 2,Commerce,BCA,73.8,6.93,Salary/Package,8.3,7.6,6.6,3.9,C++,Healthcare,Private sector,Any city in India,Healthcare Professional
INDYCC03198,17,Male,North,Tier 1,Science,B.Tech/B.E.,84.3,8.73,,6.4,6.5,7.4,3.2,SQL,Research/Education,Private sector,Any city in India,Researcher/Academician
INDYCC03199,24,Female,South,Tier 1,Science,B.Tech/B.E.,80.8,8.21,Parents,5.8,4.5,5.4,7.0,,Technology,Government sector,Any city in India,Data Scientist
INDYCC03200,24,Female,North,Tier 1,Science,MBBS/Health Sciences,87.9,9.0,Passion/Interest,7.7,8.0,7.0,5.7,,Healthcare,Self-employed/Freelance,Hometown,Healthcare Professional
INDYCC03201,17,Female,Central,Tier 1,Arts/Humanities,BBA,62.2,6.27,Salary/Package,2.0,5.8,6.1,5.2,,Government/Public Service,Private sector,Remote/Hybrid,Government Officer
INDYCC03202,22,Female,West,Tier 1,Arts/Humanities,B.Des,77.8,8.22,Passion/Interest,1.1,5.4,2.6,6.4,,Healthcare,Private sector,Hometown,Healthcare Professional
INDYCC03203,23,Male,Northeast,Tier 2,Science,B.Tech/B.E.,68.3,6.42,Salary/Package,7.1,6.2,6.5,4.0,Java,Healthcare,Private sector,Remote/Hybrid,Software Engineer
INDYCC03204,17,Female,Northeast,Tier 3,Science,BCA,69.1,6.82,Parents,5.7,5.0,5.3,5.8,SQL,Healthcare,Private sector,Hometown,Healthcare Professional
INDYCC03205,18,Male,West,Tier 1,Commerce,B.Com,62.6,6.0,Social Media,6.4,7.3,6.2,6.1,Java,Business & Finance,Startup,Remote/Hybrid,Financial Analyst
INDYCC03206,20,Male,West,Tier 1,Commerce,CA/Professional Course,72.8,7.76,Friends/Peers,7.4,7.5,7.9,3.8,Python,Government/Public Service,Private sector,Any city in India,Product Manager
INDYCC03207,22,Male,North,Tier 2,Arts/Humanities,BJMC/Media,70.9,6.9,Passion/Interest,2.9,6.1,3.5,7.3,SQL,Design & Media,Private sector,Any city in India,Digital Marketer
INDYCC03208,17,Female,Central,Tier 2,Science,B.Sc.,68.6,6.99,Parents,6.2,9.4,8.8,2.3,Java,Healthcare,Private sector,Remote/Hybrid,Healthcare Professional
INDYCC03209,24,Male,South,Tier 2,Arts/Humanities,LLB,70.8,7.38,Parents,5.5,7.6,4.0,2.9,Python,Technology,Private sector,Remote/Hybrid,Data Scientist
INDYCC03210,23,Female,South,Tier 3,Science,B.Sc.,81.6,8.33,Parents,5.6,6.6,6.8,5.7,Java,Business & Finance,Higher studies,Metro city,Software Engineer
INDYCC03211,19,Male,West,Tier 3,Commerce,BMS,71.8,7.08,Friends/Peers,2.5,5.5,8.3,4.6,SQL,Design & Media,Startup,Hometown,UI/UX Designer
INDYCC03212,19,Female,South,Tier 2,Science,MBBS/Health Sciences,61.1,6.19,Parents,7.4,4.6,7.5,5.8,SQL,Government/Public Service,Startup,Any city in India,Software Engineer
INDYCC03213,22,Female,Central,Tier 3,Science,MBBS/Health Sciences,79.5,8.31,Social Media,5.6,7.0,6.8,8.6,Java,Research/Education,Private sector,Remote/Hybrid,Digital Marketer
INDYCC03214,23,Male,West,Tier 1,Commerce,BCA,71.9,7.2,Social Media,3.4,3.8,7.3,6.5,,Technology,Higher studies,Hometown,Software Engineer
INDYCC03215,23,Female,West,Tier 1,Arts/Humanities,B.Des,64.5,6.6,Parents,3.2,5.6,4.3,7.2,SQL,Business & Finance,Private sector,Any city in India,Government Officer
INDYCC03216,22,Male,East,Tier 3,Science,BCA,65.5,6.59,Parents,8.1,4.6,3.6,5.8,SQL,Technology,Startup,Metro city,Software Engineer
INDYCC03217,18,Male,South,Tier 2,Science,B.Sc.,79.6,7.73,Passion/Interest,10.0,5.1,8.8,7.2,"Python, SQL",Technology,Startup,Any city in India,Software Engineer
INDYCC03218,19,Male,East,Tier 2,Science,BCA,64.8,6.25,Friends/Peers,5.1,6.2,9.1,3.7,JavaScript,Technology,Self-employed/Freelance,Hometown,Software Engineer
INDYCC03219,24,Male,West,Tier 2,Commerce,CA/Professional Course,87.8,8.6,Salary/Package,10.0,7.3,7.1,8.3,,Technology,Private sector,Hometown,Data Scientist
INDYCC03220,21,Male,Northeast,Tier 2,Commerce,BMS,92.3,9.64,Parents,1.2,4.7,7.2,4.9,SQL,Research/Education,Government sector,Hometown,Financial Analyst
INDYCC03221,23,Female,East,Tier 2,Science,B.Tech/B.E.,78.4,7.51,Parents,7.4,5.4,5.9,4.2,C++,Marketing,Private sector,Metro city,Software Engineer
INDYCC03222,23,Male,West,Tier 2,Arts/Humanities,B.Des,73.0,7.21,Social Media,3.0,8.1,5.4,6.3,Python,Healthcare,Government sector,Metro city,UI/UX Designer
INDYCC03223,17,Female,West,Tier 3,Science,B.Sc.,91.2,9.55,Passion/Interest,4.7,9.0,8.6,9.0,,Business & Finance,Private sector,Any city in India,Financial Analyst
INDYCC03224,21,Female,North,Tier 2,Arts/Humanities,BJMC/Media,53.5,5.45,Parents,2.2,7.9,6.6,6.4,Python,Research/Education,Private sector,Metro city,UI/UX Designer
INDYCC03225,20,Male,South,Tier 2,Science,B.Tech/B.E.,75.1,7.19,Parents,5.7,5.7,8.7,3.4,SQL,Government/Public Service,Startup,Hometown,Data Scientist
INDYCC03226,22,Female,West,Tier 3,Science,MBBS/Health Sciences,73.7,7.43,Parents,4.8,6.9,6.0,6.5,Python,Technology,Self-employed/Freelance,Hometown,Software Engineer
INDYCC03227,17,Female,West,Tier 2,Science,BCA,84.1,,Passion/Interest,7.7,4.2,5.3,5.4,SQL,Business & Finance,Government sector,Hometown,Software Engineer
INDYCC03228,22,Male,South,Tier 1,Commerce,CA/Professional Course,82.2,8.35,Salary/Package,8.0,4.7,6.3,8.3,,Business & Finance,Government sector,Remote/Hybrid,Financial Analyst
INDYCC03229,24,Male,South,Tier 1,Science,BCA,65.9,6.62,Friends/Peers,7.8,9.6,5.4,5.6,,Government/Public Service,Private sector,Metro city,Government Officer
INDYCC03230,21,Female,North,Tier 2,Science,B.Tech/B.E.,56.1,5.46,,3.1,6.7,7.1,6.4,,Business & Finance,Startup,Metro city,Financial Analyst
INDYCC03231,21,Male,East,Tier 1,Science,B.Sc.,73.5,7.4,Parents,5.9,9.0,8.9,3.1,Python,Marketing,Private sector,Any city in India,Software Engineer
INDYCC03232,17,Male,West,Tier 2,Arts/Humanities,B.A.,82.7,7.87,Passion/Interest,4.3,7.9,8.1,6.9,Python,Business & Finance,Government sector,Metro city,Financial Analyst
INDYCC03233,24,Male,South,Tier 3,Science,MBBS/Health Sciences,80.5,8.26,Parents,1.9,4.9,8.3,4.9,Python,Healthcare,Government sector,Any city in India,Healthcare Professional
INDYCC03234,18,Female,Central,Tier 1,Science,B.Tech/B.E.,98.0,9.8,Salary/Package,3.7,7.1,6.6,3.1,Python,Marketing,Private sector,Metro city,Software Engineer
INDYCC03235,23,Male,Central,Tier 2,Science,B.Sc.,85.2,8.05,Parents,8.1,9.8,6.2,6.6,SQL,Design & Media,Startup,Any city in India,Digital Marketer
INDYCC03236,23,Male,South,Tier 1,Science,MBBS/Health Sciences,56.6,5.65,Parents,8.1,6.7,8.7,7.8,C++,Business & Finance,Private sector,Any city in India,Software Engineer
INDYCC03237,23,Female,North,Tier 3,Commerce,B.Com,70.5,7.0,Salary/Package,4.9,4.2,4.5,5.9,Python,Marketing,Private sector,Hometown,Product Manager
INDYCC03238,17,Female,South,Tier 2,Commerce,BCA,77.7,7.78,Parents,5.7,3.5,5.7,5.5,Java,Healthcare,Government sector,Hometown,Healthcare Professional
INDYCC03239,18,Female,West,Tier 2,Arts/Humanities,BJMC/Media,87.1,8.86,Parents,7.1,6.0,6.4,6.1,SQL,Design & Media,Private sector,Hometown,UI/UX Designer
INDYCC03240,21,Male,South,Tier 2,Arts/Humanities,BBA,91.8,8.87,,3.2,4.8,5.1,8.8,SQL,Healthcare,Higher studies,Metro city,Healthcare Professional
INDYCC03241,17,Male,Northeast,Tier 1,Science,B.Sc.,65.9,6.12,Passion/Interest,5.6,4.5,6.8,5.9,Java,Business & Finance,Private sector,Hometown,Software Engineer
INDYCC03242,18,Female,North,Tier 2,Science,MBBS/Health Sciences,98.0,9.23,Parents,7.6,4.7,5.8,4.3,JavaScript,Research/Education,Higher studies,Remote/Hybrid,Researcher/Academician
INDYCC03243,21,Male,East,Tier 3,Science,MBBS/Health Sciences,72.3,6.96,Passion/Interest,7.5,5.8,5.6,4.7,"Python, SQL",Technology,Higher studies,Remote/Hybrid,Data Scientist
INDYCC03244,19,Male,Northeast,Tier 3,Commerce,BBA,75.9,7.88,Friends/Peers,7.3,7.2,5.3,7.1,C++,Design & Media,Private sector,Remote/Hybrid,UI/UX Designer
INDYCC03245,23,Male,South,Tier 2,Commerce,BCA,95.5,9.71,Salary/Package,7.1,7.4,8.5,5.6,C++,Design & Media,Private sector,Metro city,Digital Marketer
INDYCC03246,17,Non-binary/Prefer not to say,West,Tier 2,Science,BCA,60.5,6.14,Parents,4.1,7.2,4.2,4.5,,Design & Media,Government sector,Metro city,UI/UX Designer
INDYCC03247,22,Female,Central,Tier 1,Commerce,B.Com,79.0,7.83,Parents,3.0,5.2,10.0,4.3,,Healthcare,Private sector,Hometown,Healthcare Professional
INDYCC03248,18,Male,South,Tier 2,Science,B.Tech/B.E.,79.0,7.64,Salary/Package,6.0,4.5,5.5,2.8,Python,Healthcare,Self-employed/Freelance,Any city in India,Software Engineer
INDYCC03249,20,Female,Central,Tier 2,Arts/Humanities,LLB,81.3,8.08,Passion/Interest,1.0,8.5,4.5,10.0,SQL,Design & Media,Higher studies,Metro city,Digital Marketer
INDYCC03250,22,Female,South,Tier 3,Arts/Humanities,BJMC/Media,87.9,9.08,Social Media,1.0,7.9,6.7,4.3,Python,Marketing,Government sector,Any city in India,Digital Marketer
INDYCC03251,24,Female,Northeast,Tier 2,Arts/Humanities,BJMC/Media,75.3,7.55,Parents,1.9,8.0,3.5,4.0,SQL,Healthcare,Government sector,Hometown,Researcher/Academician
INDYCC03252,21,Male,South,Tier 2,Commerce,BBA,65.3,6.35,Friends/Peers,6.0,6.4,4.8,6.5,"Python, SQL",Business & Finance,Government sector,Any city in India,Financial Analyst
INDYCC03253,20,Male,North,Tier 1,Arts/Humanities,B.A.,51.9,5.57,Parents,6.0,8.9,3.7,6.7,,Research/Education,Private sector,Metro city,Researcher/Academician
INDYCC03254,19,Male,East,Tier 2,Commerce,BBA,76.8,8.15,Salary/Package,4.5,7.6,5.6,5.6,,Design & Media,Private sector,Remote/Hybrid,Product Manager
INDYCC03255,23,Male,North,Tier 1,Commerce,BMS,53.9,5.18,Social Media,3.2,6.1,6.0,8.2,,Design & Media,Government sector,Any city in India,Financial Analyst
INDYCC03256,21,Male,North,Tier 2,Science,B.Pharm,68.8,7.37,Social Media,6.4,7.1,7.8,3.9,,Business & Finance,Government sector,Any city in India,Product Manager
INDYCC03257,24,Non-binary/Prefer not to say,North,Tier 2,Commerce,BCA,73.3,7.63,Parents,6.2,4.9,5.3,7.7,JavaScript,Government/Public Service,Government sector,Remote/Hybrid,Government Officer
INDYCC03258,20,Male,West,Tier 2,Commerce,BBA,67.5,6.56,Passion/Interest,2.1,5.4,7.9,5.0,Python,Government/Public Service,Private sector,Any city in India,Government Officer
INDYCC03259,21,Female,West,Tier 1,Science,B.Sc.,80.8,7.74,Friends/Peers,7.8,5.9,6.4,3.9,C++,Technology,Startup,Hometown,Data Scientist
INDYCC03260,23,Female,East,Tier 3,Commerce,BMS,74.1,7.47,Parents,7.2,7.8,5.6,7.6,,Healthcare,Startup,Metro city,Healthcare Professional
INDYCC03261,24,Female,North,Tier 1,Arts/Humanities,LLB,67.1,7.02,Salary/Package,4.1,5.8,4.6,7.0,,Government/Public Service,Private sector,Metro city,Government Officer
INDYCC03262,17,Female,North,Tier 2,Science,BCA,80.2,8.05,Salary/Package,6.7,3.9,5.7,6.5,C++,Design & Media,Private sector,Metro city,Data Scientist
INDYCC03263,20,Female,South,Tier 1,Commerce,BCA,71.4,,Social Media,1.1,5.9,8.5,4.9,Python,Research/Education,Startup,Metro city,Software Engineer
INDYCC03264,23,Female,North,Tier 2,Arts/Humanities,LLB,81.2,8.69,Passion/Interest,6.3,4.4,5.1,6.0,Java,Healthcare,Startup,Metro city,UI/UX Designer
INDYCC03265,22,Female,West,Tier 2,Science,B.Sc.,62.8,6.38,Friends/Peers,4.6,4.5,6.6,6.4,Python,Healthcare,Government sector,Hometown,Healthcare Professional
INDYCC03266,23,Male,South,Tier 3,Science,B.Tech/B.E.,65.6,6.44,Passion/Interest,6.8,3.9,9.0,4.3,JavaScript,Technology,Private sector,Any city in India,Data Scientist
INDYCC03267,23,Male,Central,Tier 1,Arts/Humanities,BJMC/Media,,8.85,Salary/Package,2.8,6.5,8.7,5.7,Python,Business & Finance,Government sector,Remote/Hybrid,Researcher/Academician
INDYCC03268,22,Female,Central,Tier 1,Science,B.Sc.,86.5,8.65,Social Media,5.4,7.6,7.8,7.3,JavaScript,Marketing,Government sector,Any city in India,Government Officer
INDYCC03269,20,Female,West,Tier 3,Science,B.Tech/B.E.,66.6,6.72,Parents,7.6,6.7,6.2,6.3,,Marketing,Startup,Hometown,Software Engineer
INDYCC03270,19,Non-binary/Prefer not to say,East,Tier 1,Arts/Humanities,BJMC/Media,46.0,5.0,Friends/Peers,3.8,7.4,3.3,4.9,,Business & Finance,Private sector,Hometown,Financial Analyst
INDYCC03271,22,Male,Northeast,Tier 1,Science,B.Sc.,68.1,7.05,Parents,8.4,10.0,5.8,5.6,,Marketing,Government sector,Metro city,Software Engineer
INDYCC03272,20,Female,South,Tier 2,Science,B.Pharm,83.0,8.28,Salary/Package,6.9,5.7,5.7,3.4,C++,Technology,Government sector,Any city in India,Software Engineer
INDYCC03273,23,Female,Central,Tier 2,Science,B.Tech/B.E.,81.9,8.21,Friends/Peers,4.0,5.9,8.1,3.8,Python,Design & Media,Higher studies,Remote/Hybrid,Government Officer
INDYCC03274,24,Male,North,Tier 3,Science,B.Sc.,69.0,6.54,Social Media,5.8,5.9,9.6,6.0,C++,Technology,Private sector,Remote/Hybrid,Data Scientist
INDYCC03275,22,Female,Central,Tier 1,Commerce,CA/Professional Course,80.5,8.56,Parents,4.7,5.8,5.3,2.8,Python,Business & Finance,Startup,Metro city,Financial Analyst
INDYCC03276,24,Female,North,Tier 1,Science,B.Sc.,68.9,6.56,Salary/Package,5.0,5.5,9.2,6.7,C++,Technology,Startup,Metro city,Software Engineer
INDYCC03277,18,Male,East,Tier 2,Science,B.Tech/B.E.,71.9,6.9,Passion/Interest,6.3,5.6,7.8,6.4,SQL,Technology,Private sector,Metro city,Data Scientist
INDYCC03278,21,Female,East,Tier 1,Arts/Humanities,B.Des,59.2,6.25,Passion/Interest,2.5,6.8,5.4,7.4,Python,Healthcare,Private sector,Remote/Hybrid,UI/UX Designer
INDYCC03279,24,Female,South,Tier 3,Science,B.Pharm,79.1,7.99,Parents,7.9,7.8,6.9,6.3,JavaScript,Research/Education,Private sector,Remote/Hybrid,Researcher/Academician
INDYCC03280,17,Male,Central,Tier 3,Science,B.Sc.,62.8,5.74,Parents,6.3,5.6,6.6,5.6,,Healthcare,Private sector,Hometown,Healthcare Professional
INDYCC03281,18,Male,East,Tier 2,Arts/Humanities,LLB,65.2,6.72,Friends/Peers,3.1,6.7,5.0,6.1,Python,Government/Public Service,Self-employed/Freelance,Metro city,Government Officer
INDYCC03282,21,Male,Northeast,Tier 2,Arts/Humanities,B.Des,79.6,8.33,Salary/Package,5.1,8.8,5.7,7.7,SQL,Business & Finance,Self-employed/Freelance,Hometown,Product Manager
INDYCC03283,17,Female,South,Tier 2,Commerce,BCA,81.7,8.23,Parents,3.3,3.8,7.1,5.8,SQL,Government/Public Service,Higher studies,Any city in India,Government Officer
INDYCC03284,17,Male,East,Tier 1,Commerce,BBA,81.7,8.23,Passion/Interest,6.9,8.4,7.2,5.6,JavaScript,Research/Education,Private sector,Metro city,Product Manager
INDYCC03285,24,Male,North,Tier 1,Arts/Humanities,BBA,76.1,7.28,Friends/Peers,3.9,9.0,3.2,5.4,Python,Design & Media,Private sector,Remote/Hybrid,Digital Marketer
INDYCC03286,18,Male,South,Tier 2,Commerce,CA/Professional Course,47.9,5.0,Social Media,1.5,6.8,6.6,6.6,SQL,Marketing,Higher studies,Metro city,Financial Analyst
INDYCC03287,21,Male,South,Tier 1,Science,B.Tech/B.E.,85.4,8.58,Friends/Peers,9.6,4.4,5.2,7.8,"Python, SQL",Healthcare,Private sector,Metro city,Software Engineer
INDYCC03288,21,Female,North,Tier 2,Commerce,CA/Professional Course,66.2,6.47,Passion/Interest,4.7,7.6,5.7,8.4,Python,Marketing,Startup,Metro city,Financial Analyst
INDYCC03289,17,Male,East,Tier 3,Arts/Humanities,B.A.,64.1,5.9,Salary/Package,4.2,7.5,9.7,9.0,Python,Healthcare,Government sector,Any city in India,UI/UX Designer
INDYCC03290,18,Male,South,Tier 1,Commerce,B.Com,77.9,7.59,Parents,5.2,5.3,6.9,4.6,JavaScript,Business & Finance,Self-employed/Freelance,Hometown,Financial Analyst
INDYCC03291,17,Male,North,Tier 1,Arts/Humanities,BJMC/Media,76.5,7.89,Social Media,3.4,5.4,3.6,10.0,SQL,Healthcare,Government sector,Any city in India,UI/UX Designer
INDYCC03292,24,Female,South,Tier 2,Commerce,BCA,61.0,6.24,Salary/Package,2.1,4.6,5.0,6.1,Python,Research/Education,Private sector,Any city in India,Financial Analyst
INDYCC03293,18,Female,North,Tier 2,Science,B.Sc.,83.1,8.6,Salary/Package,7.4,3.4,7.0,4.3,"Python, SQL",Healthcare,Private sector,Remote/Hybrid,Software Engineer
INDYCC03294,17,Male,Northeast,Tier 1,Commerce,CA/Professional Course,68.7,7.39,Friends/Peers,2.8,4.9,6.2,6.8,,Design & Media,Private sector,Metro city,UI/UX Designer
INDYCC03295,22,Female,South,Tier 2,Arts/Humanities,BJMC/Media,67.5,6.3,Social Media,3.6,7.1,3.5,10.0,,Technology,Government sector,Metro city,Digital Marketer
INDYCC03296,22,Male,Central,Tier 1,Arts/Humanities,B.Des,78.6,7.86,Parents,2.8,6.4,6.3,9.5,SQL,Healthcare,Private sector,Hometown,UI/UX Designer
INDYCC03297,17,Male,North,Tier 2,Arts/Humanities,B.A.,60.5,5.95,Salary/Package,1.5,9.3,8.1,5.9,Python,Business & Finance,Government sector,Remote/Hybrid,Product Manager
INDYCC03298,20,Non-binary/Prefer not to say,West,Tier 2,Science,MBBS/Health Sciences,79.2,7.92,Friends/Peers,6.0,5.9,4.0,5.9,SQL,Government/Public Service,Startup,Any city in India,Software Engineer
INDYCC03299,20,Male,East,Tier 1,Science,MBBS/Health Sciences,70.5,7.12,Friends/Peers,2.3,4.1,5.8,6.6,,Business & Finance,Self-employed/Freelance,Any city in India,Financial Analyst
INDYCC03300,23,Female,South,Tier 2,Science,B.Tech/B.E.,74.9,7.21,Passion/Interest,3.9,6.1,8.9,4.2,,Healthcare,Private sector,Any city in India,Healthcare Professional
INDYCC03301,20,Female,North,Tier 2,Commerce,CA/Professional Course,72.5,7.1,Passion/Interest,4.9,6.2,6.0,6.6,SQL,Technology,Government sector,Metro city,Software Engineer
INDYCC03302,23,Male,West,Tier 1,Science,B.Pharm,77.2,8.2,Social Media,4.5,6.5,8.0,3.8,Python,Technology,Private sector,Any city in India,Software Engineer
INDYCC03303,21,Male,South,Tier 2,Science,MBBS/Health Sciences,85.0,8.16,Friends/Peers,6.5,5.5,6.6,7.6,,Government/Public Service,Startup,Metro city,Digital Marketer
INDYCC03304,17,Male,South,Tier 3,Arts/Humanities,B.A.,59.5,5.73,Salary/Package,1.0,9.1,4.8,7.6,,Design & Media,Self-employed/Freelance,Metro city,UI/UX Designer
INDYCC03305,18,Female,West,Tier 1,Science,BCA,70.8,6.86,Social Media,5.5,7.3,7.0,4.3,,Technology,Government sector,Any city in India,Data Scientist
INDYCC03306,18,Female,South,Tier 1,Commerce,BMS,60.0,5.79,Passion/Interest,9.5,6.7,3.5,4.6,SQL,Research/Education,Startup,Metro city,Financial Analyst
INDYCC03307,22,Male,South,Tier 1,Arts/Humanities,B.Des,62.5,6.37,Parents,2.2,6.3,4.6,8.8,,Business & Finance,Private sector,Any city in India,Digital Marketer
INDYCC03308,20,Male,South,Tier 2,Commerce,CA/Professional Course,65.6,6.85,Parents,2.2,4.0,4.0,1.6,Python,Government/Public Service,Self-employed/Freelance,Any city in India,Government Officer
INDYCC03309,19,Male,South,Tier 2,Commerce,BCA,77.4,7.72,Passion/Interest,3.9,6.5,6.5,7.7,,Business & Finance,Government sector,Remote/Hybrid,Financial Analyst
INDYCC03310,22,Female,West,Tier 2,Science,B.Sc.,73.9,7.26,Passion/Interest,9.7,3.2,6.7,2.3,Java,Research/Education,Government sector,Any city in India,Researcher/Academician
INDYCC03311,18,Male,South,Tier 3,Commerce,B.Com,76.5,7.79,Salary/Package,1.7,5.7,7.5,3.3,SQL,Technology,Private sector,Metro city,Financial Analyst
INDYCC03312,20,Female,North,Tier 3,Science,B.Pharm,64.1,6.1,Passion/Interest,6.8,4.2,6.4,3.5,Python,Technology,Private sector,Metro city,Data Scientist
INDYCC03313,24,Female,Northeast,Tier 2,Science,MBBS/Health Sciences,76.3,7.94,Passion/Interest,5.8,4.7,9.1,6.5,,Business & Finance,Private sector,Any city in India,Data Scientist
INDYCC03314,24,Female,South,Tier 2,Commerce,BMS,77.3,7.9,Salary/Package,6.2,4.8,4.3,4.8,Java,Technology,Government sector,Any city in India,Data Scientist
INDYCC03315,20,Male,South,Tier 2,Science,B.Sc.,67.5,6.93,Salary/Package,8.1,5.5,8.3,3.7,"Python, SQL",Business & Finance,Government sector,Metro city,Software Engineer
INDYCC03316,23,Male,South,Tier 3,Commerce,BBA,81.0,7.63,Parents,2.2,5.3,6.5,7.8,Python,Design & Media,Private sector,Any city in India,UI/UX Designer
INDYCC03317,21,Male,North,Tier 2,Science,B.Tech/B.E.,68.4,7.31,Passion/Interest,6.1,5.6,6.7,3.8,"Python, SQL",Business & Finance,Private sector,Hometown,Digital Marketer
INDYCC03318,23,Male,South,Tier 1,Commerce,B.Com,79.2,7.96,Parents,2.8,3.9,8.3,5.8,SQL,Business & Finance,Government sector,Metro city,Financial Analyst
INDYCC03319,19,Male,North,Tier 1,Science,MBBS/Health Sciences,85.7,8.8,Parents,9.0,5.8,6.7,5.8,"Python, SQL",Research/Education,Private sector,Hometown,Data Scientist
INDYCC03320,17,Male,North,Tier 2,Commerce,CA/Professional Course,60.2,5.81,Social Media,3.0,5.6,4.4,5.2,SQL,Business & Finance,Higher studies,Any city in India,Financial Analyst
INDYCC03321,24,Male,Central,Tier 3,Commerce,BCA,46.8,5.0,Passion/Interest,3.9,5.7,4.4,4.4,,Government/Public Service,Government sector,Hometown,Government Officer
INDYCC03322,22,Female,East,Tier 1,Commerce,B.Com,69.7,6.75,Salary/Package,6.8,4.6,7.1,6.9,JavaScript,Design & Media,Self-employed/Freelance,Metro city,Digital Marketer
INDYCC03323,23,Male,East,Tier 2,Science,MBBS/Health Sciences,71.8,7.34,Parents,4.7,6.3,5.8,7.3,Python,Design & Media,Government sector,Any city in India,Digital Marketer
INDYCC03324,24,Female,East,Tier 2,Science,MBBS/Health Sciences,86.0,8.62,Social Media,4.1,4.8,4.2,1.5,,Marketing,Startup,Any city in India,Researcher/Academician
INDYCC03325,17,Female,North,Tier 2,Science,B.Tech/B.E.,84.6,8.36,Passion/Interest,4.3,6.9,8.1,2.3,Python,Technology,Startup,Remote/Hybrid,Data Scientist
INDYCC03326,19,Female,West,Tier 1,Science,B.Tech/B.E.,57.5,5.56,Salary/Package,6.5,5.6,6.8,2.0,"Python, SQL",Marketing,Private sector,Metro city,Healthcare Professional
INDYCC03327,24,Male,South,Tier 2,Science,B.Tech/B.E.,65.7,6.8,Passion/Interest,7.5,8.0,8.0,7.8,C++,Marketing,Private sector,Hometown,Data Scientist
INDYCC03328,18,Female,West,Tier 2,Arts/Humanities,BBA,69.4,6.6,Parents,3.5,7.9,7.3,5.8,Python,Marketing,Higher studies,Hometown,Digital Marketer
INDYCC03329,17,Female,Central,Tier 2,Science,B.Sc.,49.0,5.12,Parents,5.5,7.0,6.9,5.6,Python,Technology,Private sector,Hometown,Software Engineer
INDYCC03330,18,Male,Central,Tier 2,Science,B.Tech/B.E.,66.2,6.77,Friends/Peers,8.1,7.8,8.6,5.5,,Government/Public Service,Private sector,Remote/Hybrid,Software Engineer
INDYCC03331,19,Female,South,Tier 3,Arts/Humanities,BBA,57.0,5.68,Social Media,3.0,2.3,4.7,6.8,SQL,Design & Media,Startup,Remote/Hybrid,Digital Marketer
INDYCC03332,24,Female,North,Tier 2,Arts/Humanities,BBA,65.3,7.05,Parents,4.9,6.6,8.1,10.0,SQL,Technology,Startup,Metro city,UI/UX Designer
INDYCC03333,18,Male,North,Tier 3,Science,B.Pharm,63.2,5.79,Social Media,6.2,6.1,5.9,4.2,"Python, SQL",Government/Public Service,Private sector,Any city in India,Data Scientist
INDYCC03334,17,Female,Central,Tier 2,Commerce,BMS,70.9,,Parents,2.8,5.7,7.6,8.3,Python,Healthcare,Private sector,Remote/Hybrid,Healthcare Professional
INDYCC03335,20,Female,West,Tier 2,Commerce,BCA,60.2,6.06,Salary/Package,4.2,4.2,5.8,3.9,Python,Marketing,Private sector,Any city in India,Product Manager
INDYCC03336,20,Female,West,Tier 3,Arts/Humanities,B.Des,68.3,6.86,Parents,3.8,6.4,3.7,8.4,SQL,Government/Public Service,Private sector,Metro city,Government Officer
INDYCC03337,20,Male,Central,Tier 2,Science,B.Pharm,67.1,6.76,Passion/Interest,10.0,6.1,5.0,5.5,JavaScript,Research/Education,Private sector,Remote/Hybrid,Researcher/Academician
INDYCC03338,24,Female,South,Tier 1,Science,MBBS/Health Sciences,,6.35,Parents,2.9,5.8,6.2,7.5,,Technology,Higher studies,Any city in India,Software Engineer
INDYCC03339,21,Male,South,Tier 3,Commerce,BMS,98.0,9.8,Parents,1.0,4.9,7.9,5.8,Python,Design & Media,Private sector,Remote/Hybrid,Financial Analyst
INDYCC03340,19,Female,Central,Tier 2,Science,B.Sc.,79.8,7.87,Passion/Interest,5.9,7.5,9.4,8.2,"Python, SQL",Research/Education,Government sector,Metro city,Software Engineer
INDYCC03341,21,Female,South,Tier 2,Science,MBBS/Health Sciences,84.7,8.6,Salary/Package,6.8,5.1,6.3,6.4,"Python, SQL",Government/Public Service,Private sector,Any city in India,Software Engineer
INDYCC03342,19,Female,Northeast,Tier 2,Commerce,CA/Professional Course,64.1,,Salary/Package,5.7,5.8,4.6,5.5,JavaScript,Healthcare,Private sector,Metro city,Financial Analyst
INDYCC03343,20,Male,South,Tier 3,Commerce,B.Com,65.9,6.51,Passion/Interest,5.2,7.0,7.9,6.4,C++,Technology,Higher studies,Metro city,Product Manager
INDYCC03344,24,Female,Central,Tier 2,Science,B.Sc.,61.6,6.37,Passion/Interest,5.2,5.6,8.4,7.5,SQL,Marketing,Self-employed/Freelance,Hometown,UI/UX Designer
INDYCC03345,18,Male,North,Tier 3,Commerce,CA/Professional Course,73.1,7.6,Parents,5.1,7.4,7.6,7.2,,Government/Public Service,Government sector,Hometown,Government Officer
INDYCC03346,23,Female,South,Tier 1,Science,B.Tech/B.E.,87.5,8.47,Parents,4.5,6.7,9.9,4.8,SQL,Research/Education,Higher studies,Hometown,Healthcare Professional
INDYCC03347,23,Male,West,Tier 3,Commerce,BCA,73.9,7.28,Social Media,6.2,6.5,6.9,7.3,C++,Research/Education,Higher studies,Any city in India,Researcher/Academician
INDYCC03348,21,Male,Central,Tier 1,Science,B.Sc.,68.6,,Friends/Peers,7.8,6.5,8.8,5.1,SQL,Technology,Private sector,Remote/Hybrid,Data Scientist
INDYCC03349,18,Male,East,Tier 1,Commerce,B.Com,63.7,6.34,Parents,3.7,3.2,7.1,8.1,SQL,Government/Public Service,Government sector,Metro city,Government Officer
INDYCC03350,24,Male,Central,Tier 2,Arts/Humanities,BBA,60.8,6.13,Parents,4.0,8.1,2.9,10.0,SQL,Business & Finance,Self-employed/Freelance,Any city in India,UI/UX Designer
INDYCC03351,19,Female,East,Tier 2,Commerce,BCA,66.7,6.88,Passion/Interest,2.0,5.8,6.5,5.5,SQL,Design & Media,Private sector,Metro city,Product Manager
INDYCC03352,23,Male,South,Tier 2,Arts/Humanities,LLB,78.3,7.27,Friends/Peers,3.3,5.2,4.8,6.9,,Design & Media,Startup,Hometown,UI/UX Designer
INDYCC03353,24,Female,North,Tier 2,Arts/Humanities,B.A.,78.8,8.1,Passion/Interest,5.6,5.8,2.4,5.7,C++,Marketing,Higher studies,Any city in India,Digital Marketer
INDYCC03354,21,Male,North,Tier 1,Commerce,CA/Professional Course,71.3,7.19,Passion/Interest,6.6,5.1,5.7,5.2,JavaScript,Business & Finance,Private sector,Metro city,Financial Analyst
INDYCC03355,23,Female,North,Tier 3,Science,MBBS/Health Sciences,64.2,5.78,Salary/Package,4.0,4.4,7.7,3.8,,Healthcare,Private sector,Metro city,Healthcare Professional
INDYCC03356,17,Female,East,Tier 2,Commerce,CA/Professional Course,78.7,7.51,Friends/Peers,3.1,7.5,6.2,3.1,Python,Design & Media,Private sector,Hometown,UI/UX Designer
INDYCC03357,24,Male,West,Tier 3,Commerce,BMS,73.7,7.96,Passion/Interest,5.8,8.9,6.8,7.1,,Design & Media,Government sector,Hometown,UI/UX Designer
INDYCC03358,23,Male,North,Tier 2,Commerce,BMS,89.8,8.84,Salary/Package,7.9,8.2,7.8,8.4,Python,Research/Education,Self-employed/Freelance,Remote/Hybrid,Researcher/Academician
INDYCC03359,23,Female,Northeast,Tier 3,Science,B.Pharm,89.9,9.14,Social Media,7.8,4.5,7.6,10.0,Java,Design & Media,Government sector,Remote/Hybrid,Software Engineer
INDYCC03360,24,Female,West,Tier 1,Science,B.Pharm,59.6,5.95,Parents,2.4,4.7,6.5,7.7,SQL,Technology,Startup,Remote/Hybrid,Software Engineer
INDYCC03361,22,Female,West,Tier 3,Arts/Humanities,BJMC/Media,69.1,6.98,Salary/Package,2.7,6.9,5.3,7.0,,Business & Finance,Private sector,Any city in India,Financial Analyst
INDYCC03362,19,Male,Central,Tier 2,Science,B.Sc.,45.0,5.0,Parents,5.6,5.0,7.3,6.0,JavaScript,Design & Media,Self-employed/Freelance,Metro city,UI/UX Designer
INDYCC03363,21,Female,West,Tier 2,Science,MBBS/Health Sciences,73.1,7.16,Passion/Interest,6.5,8.6,8.7,6.1,SQL,Business & Finance,Higher studies,Remote/Hybrid,Digital Marketer
INDYCC03364,21,Female,West,Tier 1,Commerce,CA/Professional Course,70.8,7.2,Salary/Package,5.5,6.6,3.9,4.9,Java,Marketing,Private sector,Any city in India,Product Manager
INDYCC03365,24,Female,West,Tier 2,Commerce,BCA,57.4,5.96,Friends/Peers,4.2,6.7,6.1,6.0,Python,Research/Education,Government sector,Metro city,Product Manager
INDYCC03366,18,Non-binary/Prefer not to say,North,Tier 1,Science,MBBS/Health Sciences,68.7,6.98,Friends/Peers,9.9,6.2,8.4,5.1,JavaScript,Technology,Private sector,Remote/Hybrid,Software Engineer
INDYCC03367,21,Female,North,Tier 3,Science,BCA,66.0,6.5,Social Media,6.0,7.6,7.8,4.3,"Python, SQL",Healthcare,Startup,Any city in India,Healthcare Professional
INDYCC03368,19,Male,Northeast,Tier 3,Science,BCA,64.0,6.3,Passion/Interest,7.4,5.9,7.7,4.1,Java,Technology,Higher studies,Hometown,Software Engineer
INDYCC03369,21,Male,West,Tier 3,Science,B.Sc.,90.5,8.77,Friends/Peers,7.0,7.8,5.6,2.3,,Business & Finance,Private sector,Metro city,Software Engineer
INDYCC03370,20,Male,Central,Tier 1,Commerce,BMS,65.5,6.44,Social Media,6.5,4.2,7.2,5.0,Java,Marketing,Private sector,Any city in India,Government Officer
INDYCC03371,17,Male,North,Tier 2,Commerce,CA/Professional Course,91.7,9.12,Salary/Package,3.3,5.4,4.9,4.5,,Government/Public Service,Private sector,Remote/Hybrid,Government Officer
INDYCC03372,23,Female,West,Tier 2,Science,MBBS/Health Sciences,81.0,8.2,Salary/Package,8.0,5.0,7.6,1.7,Python,Design & Media,Private sector,Any city in India,Data Scientist
INDYCC03373,21,Female,North,Tier 3,Science,MBBS/Health Sciences,60.7,6.18,Parents,6.3,4.2,8.0,4.8,JavaScript,Business & Finance,Higher studies,Remote/Hybrid,Financial Analyst
INDYCC03374,20,Male,East,Tier 1,Arts/Humanities,BJMC/Media,95.4,9.78,Passion/Interest,5.5,6.5,5.4,7.6,,Research/Education,Higher studies,Metro city,UI/UX Designer
INDYCC03375,24,Male,South,Tier 3,Science,B.Tech/B.E.,71.1,7.11,Salary/Package,4.2,5.0,6.8,8.5,Python,Government/Public Service,Higher studies,Hometown,Software Engineer
INDYCC03376,19,Female,Central,Tier 3,Science,B.Pharm,90.0,9.07,Parents,3.0,5.5,6.0,4.5,SQL,Marketing,Private sector,Hometown,Software Engineer
INDYCC03377,24,Female,South,Tier 1,Commerce,B.Com,62.3,6.09,Salary/Package,2.8,7.6,6.5,2.8,SQL,Design & Media,Private sector,Any city in India,Financial Analyst
INDYCC03378,19,Female,Central,Tier 2,Commerce,BCA,60.7,6.27,Passion/Interest,3.9,5.7,9.0,2.3,,Business & Finance,Startup,Metro city,Government Officer
INDYCC03379,18,Female,East,Tier 3,Commerce,CA/Professional Course,89.1,8.65,Parents,3.5,6.4,6.3,9.5,Python,Government/Public Service,Private sector,Remote/Hybrid,UI/UX Designer
INDYCC03380,23,Female,East,Tier 1,Commerce,B.Com,71.0,7.39,Parents,4.8,7.8,7.8,3.6,Python,Business & Finance,Higher studies,Any city in India,Financial Analyst
INDYCC03381,19,Male,West,Tier 1,Arts/Humanities,BBA,79.2,7.88,Friends/Peers,5.3,5.0,7.2,6.4,Java,Healthcare,Government sector,Metro city,Healthcare Professional
INDYCC03382,23,Male,Central,Tier 3,Commerce,CA/Professional Course,70.3,7.0,Parents,5.8,5.4,5.2,6.0,SQL,Design & Media,Private sector,Metro city,UI/UX Designer
INDYCC03383,23,Female,West,Tier 1,Arts/Humanities,BBA,59.9,6.29,Passion/Interest,2.7,6.5,3.2,7.1,,Business & Finance,Private sector,Metro city,UI/UX Designer
INDYCC03384,24,Male,West,Tier 2,Commerce,B.Com,86.9,8.64,Friends/Peers,6.5,5.4,7.7,6.9,JavaScript,Technology,Private sector,Metro city,Product Manager
INDYCC03385,23,Male,North,Tier 1,Science,MBBS/Health Sciences,66.0,6.6,Parents,3.8,7.2,5.0,1.3,,Healthcare,Private sector,Hometown,Healthcare Professional
INDYCC03386,19,Male,North,Tier 3,Arts/Humanities,BBA,73.5,7.29,Passion/Interest,4.1,6.5,7.0,6.7,Python,Business & Finance,Startup,Remote/Hybrid,Financial Analyst
INDYCC03387,19,Male,North,Tier 1,Arts/Humanities,BJMC/Media,59.2,5.78,Salary/Package,7.9,8.5,6.2,4.3,C++,Healthcare,Private sector,Remote/Hybrid,Digital Marketer
INDYCC03388,24,Female,Central,Tier 1,Science,BCA,,6.29,Salary/Package,3.8,7.2,6.1,7.4,Python,Business & Finance,Higher studies,Any city in India,Digital Marketer
INDYCC03389,18,Male,South,Tier 3,Commerce,BCA,90.8,8.81,Parents,3.4,7.2,5.8,6.3,SQL,Technology,Higher studies,Remote/Hybrid,Product Manager
INDYCC03390,19,Female,North,Tier 2,Commerce,BCA,64.5,6.62,,2.7,7.2,5.8,3.5,,Technology,Self-employed/Freelance,Metro city,Product Manager
INDYCC03391,22,Male,South,Tier 3,Science,B.Tech/B.E.,62.5,6.07,Salary/Package,7.1,6.2,6.2,6.2,Java,Business & Finance,Private sector,Any city in India,Data Scientist
INDYCC03392,17,Male,Central,Tier 2,Commerce,BBA,,7.84,Social Media,3.3,4.7,6.1,4.6,Python,Government/Public Service,Government sector,Hometown,Product Manager
INDYCC03393,21,Male,East,Tier 2,Arts/Humanities,LLB,59.9,5.68,Parents,3.6,6.2,3.1,10.0,,Business & Finance,Startup,Hometown,Financial Analyst
INDYCC03394,23,Female,North,Tier 1,Science,B.Pharm,63.4,6.67,Salary/Package,6.2,6.4,7.3,6.3,Python,Healthcare,Private sector,Metro city,Healthcare Professional
INDYCC03395,18,Male,Central,Tier 3,Science,MBBS/Health Sciences,71.1,6.98,Parents,8.0,5.7,8.1,3.1,C++,Technology,Government sector,Remote/Hybrid,Data Scientist
INDYCC03396,20,Male,North,Tier 3,Science,BCA,78.0,7.98,Passion/Interest,4.3,5.7,6.2,4.8,SQL,Business & Finance,Private sector,Any city in India,Healthcare Professional
INDYCC03397,20,Female,North,Tier 3,Science,B.Sc.,48.6,5.0,Social Media,4.2,7.7,3.6,5.8,,Government/Public Service,Government sector,Metro city,Government Officer
INDYCC03398,21,Male,Northeast,Tier 3,Commerce,BMS,66.9,6.65,Parents,5.3,5.7,6.8,2.2,JavaScript,Business & Finance,Private sector,Metro city,Financial Analyst
INDYCC03399,22,Male,North,Tier 2,Commerce,BCA,79.0,8.3,Friends/Peers,6.0,5.8,5.5,4.9,"Python, SQL",Marketing,Private sector,Metro city,Financial Analyst
INDYCC03400,18,Female,North,Tier 1,Commerce,B.Com,80.7,7.91,Social Media,6.2,4.3,5.2,6.4,SQL,Business & Finance,Private sector,Hometown,Financial Analyst
INDYCC03401,22,Male,South,Tier 2,Commerce,BMS,87.8,8.95,Passion/Interest,6.6,4.3,4.6,4.7,,Research/Education,Private sector,Any city in India,Government Officer
INDYCC03402,20,Female,Northeast,Tier 2,Science,B.Tech/B.E.,86.2,8.62,Social Media,7.2,6.0,5.1,4.6,C++,Research/Education,Government sector,Hometown,Researcher/Academician
INDYCC03403,20,Male,South,Tier 2,Science,BCA,60.4,5.57,Passion/Interest,5.1,4.2,6.7,8.6,,Marketing,Government sector,Hometown,Data Scientist
INDYCC03404,23,Male,South,Tier 2,Science,B.Tech/B.E.,58.5,5.93,Friends/Peers,9.4,5.6,7.4,5.4,Python,Healthcare,Government sector,Hometown,Software Engineer
INDYCC03405,18,Female,Northeast,Tier 2,Commerce,BMS,76.1,7.07,Salary/Package,5.7,5.9,6.5,3.6,"Python, SQL",Healthcare,Private sector,Hometown,Product Manager
INDYCC03406,23,Male,North,Tier 2,Arts/Humanities,B.A.,87.5,8.92,Parents,4.8,7.2,4.5,6.2,SQL,Government/Public Service,Self-employed/Freelance,Hometown,Government Officer
INDYCC03407,22,Male,West,Tier 1,Commerce,BBA,54.1,5.54,Passion/Interest,3.8,6.9,10.0,4.1,SQL,Business & Finance,Private sector,Metro city,Financial Analyst
INDYCC03408,20,Female,North,Tier 2,Science,B.Tech/B.E.,74.6,7.32,Passion/Interest,7.6,6.0,9.0,5.3,JavaScript,Marketing,Higher studies,Any city in India,Software Engineer
INDYCC03409,24,Female,South,Tier 2,Commerce,CA/Professional Course,84.6,8.36,Social Media,4.0,6.9,5.7,2.6,Python,Business & Finance,Higher studies,Metro city,Financial Analyst
INDYCC03410,21,Female,West,Tier 1,Arts/Humanities,B.A.,98.0,9.41,Social Media,5.2,5.8,7.2,6.3,SQL,Technology,Government sector,Any city in India,Data Scientist
INDYCC03411,21,Male,West,Tier 3,Science,B.Pharm,94.8,9.64,Passion/Interest,7.5,7.8,6.9,4.3,C++,Technology,Government sector,Any city in India,Data Scientist
INDYCC03412,19,Female,West,Tier 1,Science,MBBS/Health Sciences,77.9,7.66,Parents,6.4,7.4,9.3,6.6,Python,Healthcare,Higher studies,Metro city,Data Scientist
INDYCC03413,24,Female,West,Tier 1,Arts/Humanities,LLB,69.4,7.07,Social Media,4.4,6.0,5.2,6.1,,Marketing,Private sector,Any city in India,Data Scientist
INDYCC03414,21,Female,Central,Tier 2,Commerce,B.Com,63.8,6.59,Passion/Interest,5.5,6.8,7.8,7.5,SQL,Business & Finance,Startup,Any city in India,Product Manager
INDYCC03415,22,Female,East,Tier 2,Science,MBBS/Health Sciences,55.2,5.81,Salary/Package,6.5,8.1,8.1,5.6,,Healthcare,Private sector,Hometown,Data Scientist
INDYCC03416,21,Female,North,Tier 3,Science,BCA,83.7,8.41,Salary/Package,5.4,6.6,4.8,6.9,SQL,Design & Media,Private sector,Hometown,Data Scientist
INDYCC03417,18,Non-binary/Prefer not to say,East,Tier 1,Arts/Humanities,B.A.,70.1,7.34,Parents,5.6,5.9,8.0,5.1,"Python, SQL",Healthcare,Higher studies,Any city in India,Healthcare Professional
INDYCC03418,19,Female,West,Tier 2,Commerce,BCA,53.9,5.54,Parents,3.8,7.9,7.6,6.2,Python,Healthcare,Private sector,Any city in India,Product Manager
INDYCC03419,20,Female,Northeast,Tier 3,Science,B.Pharm,82.9,8.02,Parents,4.9,5.2,5.2,4.0,,Technology,Startup,Metro city,Software Engineer
INDYCC03420,21,Male,Central,Tier 1,Commerce,BCA,72.8,7.34,Passion/Interest,9.5,8.0,7.1,2.5,C++,Healthcare,Private sector,Any city in India,Digital Marketer
INDYCC03421,22,Female,South,Tier 2,Science,B.Pharm,81.8,8.33,Social Media,7.0,7.1,8.9,3.4,Python,Government/Public Service,Private sector,Any city in India,Government Officer
INDYCC03422,17,Female,South,Tier 2,Science,MBBS/Health Sciences,96.6,9.8,Parents,2.9,6.0,5.3,8.5,Python,Business & Finance,Startup,Hometown,Financial Analyst
INDYCC03423,24,Male,South,Tier 1,Science,B.Pharm,58.1,5.77,Social Media,4.8,6.3,5.9,2.7,SQL,Technology,Government sector,Remote/Hybrid,Data Scientist
INDYCC03424,19,Male,North,Tier 2,Science,B.Tech/B.E.,59.0,5.84,Friends/Peers,7.9,5.7,3.3,6.0,Python,Marketing,Higher studies,Any city in India,Software Engineer
INDYCC03425,23,Female,East,Tier 2,Science,B.Pharm,78.7,7.86,,4.0,7.4,5.4,5.2,SQL,Design & Media,Private sector,Any city in India,Software Engineer
INDYCC03426,21,Male,West,Tier 1,Science,BCA,62.4,6.4,Salary/Package,5.6,5.5,5.0,4.8,C++,Government/Public Service,Self-employed/Freelance,Any city in India,Government Officer
INDYCC03427,24,Female,Central,Tier 2,Arts/Humanities,B.A.,71.5,7.36,Social Media,4.1,5.2,6.8,6.6,,Healthcare,Private sector,Remote/Hybrid,Healthcare Professional
INDYCC03428,19,Male,Central,Tier 2,Science,MBBS/Health Sciences,70.6,7.17,Parents,7.4,4.4,7.2,3.6,C++,Technology,Private sector,Remote/Hybrid,Software Engineer
INDYCC03429,19,Female,Central,Tier 2,Science,BCA,82.4,8.01,Parents,2.4,7.2,7.1,5.1,SQL,Business & Finance,Higher studies,Hometown,Financial Analyst
INDYCC03430,24,Female,North,Tier 2,Science,BCA,57.2,5.86,Parents,1.6,5.8,3.9,6.5,,Research/Education,Startup,Any city in India,Researcher/Academician
INDYCC03431,21,Male,East,Tier 2,Science,BCA,51.6,5.38,Salary/Package,6.9,7.1,6.6,5.2,Python,Technology,Private sector,Metro city,Software Engineer
INDYCC03432,17,Male,North,Tier 2,Science,B.Sc.,60.2,6.01,Passion/Interest,4.1,5.8,6.5,4.6,SQL,Research/Education,Private sector,Hometown,Data Scientist
INDYCC03433,20,Female,North,Tier 2,Commerce,B.Com,71.4,7.02,Salary/Package,7.7,7.7,8.0,3.2,"Python, SQL",Design & Media,Private sector,Remote/Hybrid,UI/UX Designer
INDYCC03434,18,Female,North,Tier 1,Science,B.Pharm,51.9,5.09,Passion/Interest,2.1,4.4,9.9,5.5,SQL,Technology,Government sector,Remote/Hybrid,Data Scientist
INDYCC03435,22,Male,East,Tier 2,Arts/Humanities,B.Des,87.6,8.41,Parents,5.9,10.0,6.5,8.6,C++,Business & Finance,Government sector,Hometown,UI/UX Designer
INDYCC03436,18,Male,North,Tier 2,Arts/Humanities,LLB,87.4,8.75,Passion/Interest,1.8,6.3,5.9,8.7,Python,Research/Education,Government sector,Metro city,UI/UX Designer
INDYCC03437,22,Female,East,Tier 1,Arts/Humanities,B.Des,83.4,8.47,Parents,2.8,6.0,3.4,6.5,,Design & Media,Private sector,Hometown,UI/UX Designer
INDYCC03438,17,Male,North,Tier 2,Science,B.Sc.,49.1,5.0,Social Media,5.8,8.6,4.6,3.4,SQL,Business & Finance,Higher studies,Metro city,Healthcare Professional
INDYCC03439,22,Female,South,Tier 1,Arts/Humanities,B.A.,85.3,8.94,Friends/Peers,3.5,6.8,5.7,8.7,,Technology,Government sector,Remote/Hybrid,Digital Marketer
INDYCC03440,24,Female,Central,Tier 1,Science,BCA,77.7,7.67,Parents,7.1,5.6,7.4,7.2,Python,Marketing,Private sector,Any city in India,Software Engineer
INDYCC03441,21,Male,North,Tier 1,Commerce,B.Com,81.7,8.24,Friends/Peers,4.5,5.0,5.7,5.5,,Design & Media,Private sector,Hometown,Data Scientist
INDYCC03442,23,Female,Central,Tier 3,Science,MBBS/Health Sciences,59.8,6.46,Friends/Peers,4.0,6.8,6.1,7.1,Python,Government/Public Service,Startup,Any city in India,Data Scientist
INDYCC03443,18,Female,East,Tier 2,Science,B.Tech/B.E.,61.1,6.23,Salary/Package,3.9,8.4,6.6,4.5,Python,Healthcare,Private sector,Remote/Hybrid,Healthcare Professional
INDYCC03444,21,Female,West,Tier 1,Arts/Humanities,B.Des,69.8,7.05,Friends/Peers,4.7,6.6,3.3,9.2,SQL,Research/Education,Government sector,Any city in India,Researcher/Academician
INDYCC03445,17,Female,East,Tier 3,Commerce,BCA,77.2,7.72,Friends/Peers,7.0,5.6,5.2,7.6,SQL,Technology,Government sector,Any city in India,Product Manager
INDYCC03446,17,Female,North,Tier 1,Science,MBBS/Health Sciences,53.6,5.26,Salary/Package,3.6,5.2,5.5,3.6,,Marketing,Higher studies,Remote/Hybrid,Software Engineer
INDYCC03447,22,Male,West,Tier 3,Science,BCA,85.7,8.72,Parents,6.0,6.6,8.3,5.3,"Python, SQL",Government/Public Service,Private sector,Any city in India,Software Engineer
INDYCC03448,19,Male,South,Tier 1,Science,B.Sc.,68.3,6.7,Friends/Peers,6.6,4.1,7.5,6.8,SQL,Research/Education,Startup,Hometown,Researcher/Academician
INDYCC03449,21,Female,North,Tier 3,Science,B.Pharm,58.5,5.71,Friends/Peers,5.7,5.3,6.5,6.0,,Government/Public Service,Private sector,Metro city,Software Engineer
INDYCC03450,19,Male,East,Tier 3,Science,B.Tech/B.E.,67.0,6.37,Parents,5.3,6.5,5.4,4.6,SQL,Technology,Startup,Hometown,Data Scientist
INDYCC03451,23,Female,North,Tier 1,Science,MBBS/Health Sciences,83.1,8.38,Social Media,5.2,6.5,6.7,3.6,JavaScript,Marketing,Government sector,Remote/Hybrid,Software Engineer
INDYCC03452,23,Female,Northeast,Tier 1,Commerce,CA/Professional Course,94.3,9.46,Salary/Package,5.8,6.6,6.2,4.0,SQL,Technology,Private sector,Hometown,Product Manager
INDYCC03453,19,Female,West,Tier 1,Science,BCA,66.8,6.68,Social Media,5.7,5.9,6.1,5.9,JavaScript,Design & Media,Government sector,Any city in India,UI/UX Designer
INDYCC03454,21,Female,South,Tier 3,Science,MBBS/Health Sciences,83.0,8.51,Social Media,5.8,3.7,8.3,4.8,Python,Technology,Private sector,Any city in India,Software Engineer
INDYCC03455,23,Male,East,Tier 1,Arts/Humanities,B.Des,60.6,6.26,Parents,1.0,7.5,4.5,7.5,Python,Marketing,Private sector,Remote/Hybrid,UI/UX Designer
INDYCC03456,21,Male,East,Tier 1,Science,MBBS/Health Sciences,67.3,6.81,Social Media,2.6,6.1,6.8,4.8,,Design & Media,Higher studies,Remote/Hybrid,Researcher/Academician
INDYCC03457,20,Male,West,Tier 3,Commerce,CA/Professional Course,89.0,8.89,Salary/Package,6.6,6.6,6.8,6.0,Python,Design & Media,Startup,Hometown,Product Manager
INDYCC03458,18,Male,North,Tier 3,Arts/Humanities,LLB,74.2,7.43,Social Media,6.1,6.7,6.1,8.6,Python,Technology,Self-employed/Freelance,Any city in India,Digital Marketer
INDYCC03459,24,Female,West,Tier 2,Commerce,BMS,49.8,5.0,Salary/Package,8.6,5.7,2.7,6.4,Python,Marketing,Self-employed/Freelance,Any city in India,Financial Analyst
INDYCC03460,17,Male,North,Tier 2,Science,MBBS/Health Sciences,91.1,9.46,Social Media,6.4,8.2,6.2,4.9,JavaScript,Government/Public Service,Self-employed/Freelance,Metro city,Government Officer
INDYCC03461,22,Male,South,Tier 1,Commerce,B.Com,77.0,7.84,Social Media,3.5,5.8,6.6,6.1,SQL,Marketing,Startup,Metro city,Product Manager
INDYCC03462,24,Male,North,Tier 2,Science,B.Tech/B.E.,63.7,6.23,Friends/Peers,5.7,3.8,9.1,5.4,Java,Marketing,Private sector,Any city in India,Data Scientist
INDYCC03463,23,Female,East,Tier 3,Science,B.Pharm,78.9,7.88,Parents,6.6,7.5,8.9,6.9,C++,Design & Media,Private sector,Any city in India,Digital Marketer
INDYCC03464,20,Male,South,Tier 1,Science,MBBS/Health Sciences,61.2,5.81,Salary/Package,6.4,9.1,8.0,5.4,Python,Healthcare,Private sector,Any city in India,Software Engineer
INDYCC03465,20,Male,South,Tier 3,Commerce,BCA,86.3,8.76,Friends/Peers,1.0,6.7,9.0,4.9,SQL,Government/Public Service,Startup,Remote/Hybrid,Government Officer
INDYCC03466,22,Male,West,Tier 3,Science,BCA,61.1,6.08,Friends/Peers,4.9,5.6,7.5,5.4,Python,Healthcare,Private sector,Remote/Hybrid,Healthcare Professional
INDYCC03467,17,Male,North,Tier 3,Commerce,BMS,72.3,7.2,Social Media,6.0,7.2,4.3,3.5,Python,Marketing,Higher studies,Remote/Hybrid,Government Officer
INDYCC03468,21,Male,South,Tier 3,Commerce,CA/Professional Course,55.6,5.58,Salary/Package,4.7,4.8,6.5,6.3,SQL,Healthcare,Higher studies,Any city in India,Product Manager
INDYCC03469,18,Male,South,Tier 2,Science,B.Sc.,45.6,5.0,Salary/Package,7.4,6.0,9.6,5.4,JavaScript,Government/Public Service,Private sector,Metro city,Software Engineer
INDYCC03470,23,Male,South,Tier 3,Science,BCA,60.1,6.38,Parents,7.3,6.4,8.0,8.5,Python,Technology,Higher studies,Metro city,Software Engineer
INDYCC03471,17,Female,East,Tier 3,Commerce,BBA,64.1,6.12,Social Media,5.5,7.5,5.8,5.2,"Python, SQL",Technology,Private sector,Remote/Hybrid,Product Manager
INDYCC03472,19,Female,Central,Tier 3,Arts/Humanities,BBA,,5.9,Salary/Package,2.3,4.4,5.1,8.6,SQL,Technology,Government sector,Hometown,Digital Marketer
INDYCC03473,20,Male,West,Tier 3,Science,MBBS/Health Sciences,63.6,6.11,Passion/Interest,5.3,5.6,5.9,5.8,"Python, SQL",Healthcare,Startup,Any city in India,Healthcare Professional
INDYCC03474,20,Male,Northeast,Tier 1,Science,B.Tech/B.E.,74.0,7.68,Salary/Package,4.3,7.4,5.7,4.9,SQL,Marketing,Higher studies,Remote/Hybrid,Product Manager
INDYCC03475,18,Male,North,Tier 3,Arts/Humanities,LLB,81.9,8.43,Passion/Interest,2.6,7.1,8.3,7.2,Python,Design & Media,Private sector,Any city in India,UI/UX Designer
INDYCC03476,22,Male,Northeast,Tier 1,Arts/Humanities,LLB,72.2,7.36,Social Media,2.6,5.7,7.0,6.2,Python,Research/Education,Higher studies,Metro city,Researcher/Academician
INDYCC03477,18,Male,North,Tier 1,Science,B.Tech/B.E.,84.5,8.23,Salary/Package,6.8,6.7,3.4,5.4,Python,Marketing,Private sector,Hometown,Researcher/Academician
INDYCC03478,22,Male,West,Tier 1,Commerce,CA/Professional Course,81.5,8.77,Parents,6.3,4.8,4.7,6.8,SQL,Healthcare,Private sector,Metro city,Healthcare Professional
INDYCC03479,19,Female,Central,Tier 3,Commerce,B.Com,68.2,6.86,Salary/Package,3.7,4.4,6.0,6.3,Python,Business & Finance,Government sector,Remote/Hybrid,Financial Analyst
INDYCC03480,20,Male,West,Tier 1,Arts/Humanities,BJMC/Media,63.5,6.23,Salary/Package,2.9,7.4,3.9,6.8,SQL,Design & Media,Self-employed/Freelance,Any city in India,UI/UX Designer
INDYCC03481,18,Male,North,Tier 3,Science,B.Tech/B.E.,95.8,9.25,Social Media,6.0,7.4,4.6,9.5,JavaScript,Research/Education,Government sector,Metro city,Software Engineer
INDYCC03482,18,Female,North,Tier 1,Science,B.Sc.,47.3,5.0,Friends/Peers,10.0,4.5,8.6,5.8,"Python, SQL",Government/Public Service,Private sector,Remote/Hybrid,Software Engineer
INDYCC03483,24,Female,West,Tier 3,Science,BCA,61.4,6.28,Passion/Interest,5.8,4.4,6.8,7.9,Python,Design & Media,Private sector,Remote/Hybrid,Data Scientist
INDYCC03484,23,Male,South,Tier 2,Commerce,BBA,72.4,7.18,Passion/Interest,2.8,5.2,5.9,5.1,,Marketing,Private sector,Hometown,UI/UX Designer
INDYCC03485,22,Male,Northeast,Tier 3,Science,B.Sc.,85.2,8.36,Parents,6.1,6.3,7.1,6.6,JavaScript,Technology,Private sector,Any city in India,Data Scientist
INDYCC03486,20,Male,East,Tier 1,Science,B.Sc.,90.8,8.57,Friends/Peers,5.6,7.8,5.7,4.4,JavaScript,Healthcare,Startup,Any city in India,Healthcare Professional
INDYCC03487,19,Male,Northeast,Tier 1,Science,MBBS/Health Sciences,71.0,7.18,Friends/Peers,7.1,5.0,7.4,4.9,Python,Government/Public Service,Self-employed/Freelance,Metro city,Software Engineer
INDYCC03488,20,Female,North,Tier 1,Commerce,B.Com,94.5,9.51,Social Media,1.4,4.4,9.1,4.7,Python,Research/Education,Private sector,Remote/Hybrid,Government Officer
INDYCC03489,22,Male,East,Tier 2,Arts/Humanities,B.Des,72.7,7.89,Social Media,3.0,5.7,2.9,6.1,Python,Healthcare,Startup,Hometown,Healthcare Professional
INDYCC03490,18,Male,South,Tier 2,Arts/Humanities,BJMC/Media,72.7,7.21,Parents,4.5,4.7,5.9,6.6,SQL,Technology,Startup,Any city in India,Data Scientist
INDYCC03491,24,Male,East,Tier 2,Arts/Humanities,LLB,87.8,8.86,Social Media,1.4,6.2,6.0,6.8,,Marketing,Government sector,Metro city,Software Engineer
INDYCC03492,20,Male,North,Tier 1,Science,MBBS/Health Sciences,86.7,8.78,Friends/Peers,4.8,6.4,3.9,3.8,SQL,Healthcare,Startup,Metro city,Healthcare Professional
INDYCC03493,17,Female,Northeast,Tier 1,Commerce,CA/Professional Course,63.6,6.27,Passion/Interest,4.8,6.0,5.3,7.1,Python,Government/Public Service,Private sector,Hometown,Government Officer
INDYCC03494,21,Female,South,Tier 2,Commerce,B.Com,81.9,8.17,Friends/Peers,4.4,3.5,7.4,7.0,SQL,Research/Education,Private sector,Metro city,Researcher/Academician
INDYCC03495,20,Male,South,Tier 2,Commerce,BMS,72.1,7.17,Friends/Peers,4.1,4.9,8.4,5.8,Python,Marketing,Private sector,Metro city,Government Officer
INDYCC03496,17,Male,West,Tier 1,Commerce,BCA,77.2,8.05,Social Media,2.8,8.4,7.1,5.0,Python,Healthcare,Private sector,Any city in India,Product Manager
INDYCC03497,20,Female,West,Tier 2,Arts/Humanities,BJMC/Media,98.0,9.8,Salary/Package,6.7,6.1,4.6,5.2,"Python, SQL",Research/Education,Private sector,Any city in India,Digital Marketer
INDYCC03498,18,Male,West,Tier 3,Science,BCA,76.7,7.59,Friends/Peers,5.9,5.5,9.7,6.3,Python,Marketing,Private sector,Remote/Hybrid,Data Scientist
INDYCC03499,22,Female,Northeast,Tier 1,Science,B.Pharm,76.8,7.77,Friends/Peers,6.5,5.3,7.5,4.5,SQL,Technology,Startup,Any city in India,Software Engineer
INDYCC03500,22,Male,West,Tier 3,Science,B.Sc.,78.0,7.91,Social Media,5.8,5.6,6.4,7.3,,Technology,Startup,Metro city,Data Scientist
INDYCC03501,20,Female,South,Tier 2,Science,BCA,73.0,7.51,Social Media,6.4,5.3,9.1,7.0,"Python, SQL",Design & Media,Higher studies,Metro city,Digital Marketer
INDYCC03502,21,Female,North,Tier 2,Arts/Humanities,LLB,82.0,8.3,Social Media,2.5,8.1,7.0,8.6,Python,Research/Education,Government sector,Any city in India,Researcher/Academician
INDYCC03503,24,Female,West,Tier 1,Arts/Humanities,BJMC/Media,67.6,6.25,Passion/Interest,6.1,7.6,6.6,7.1,Java,Government/Public Service,Private sector,Metro city,Government Officer
INDYCC03504,20,Female,South,Tier 2,Arts/Humanities,B.A.,91.5,9.66,Passion/Interest,3.9,5.5,4.4,6.4,,Technology,Private sector,Remote/Hybrid,Digital Marketer
INDYCC03505,18,Non-binary/Prefer not to say,West,Tier 1,Science,MBBS/Health Sciences,,5.78,Social Media,6.7,7.3,7.9,4.7,C++,Technology,Private sector,Any city in India,Software Engineer
INDYCC03506,22,Male,West,Tier 3,Arts/Humanities,LLB,77.0,7.63,Salary/Package,5.7,10.0,4.3,9.2,SQL,Technology,Startup,Any city in India,Software Engineer
INDYCC03507,22,Male,East,Tier 1,Arts/Humanities,BJMC/Media,59.5,6.11,Passion/Interest,6.3,6.9,6.9,6.5,SQL,Healthcare,Government sector,Remote/Hybrid,Healthcare Professional
INDYCC03508,19,Male,North,Tier 2,Science,B.Tech/B.E.,81.4,8.15,Passion/Interest,4.9,6.9,8.5,7.8,,Research/Education,Government sector,Any city in India,Software Engineer
INDYCC03509,20,Male,Central,Tier 2,Science,BCA,71.8,7.24,Friends/Peers,6.3,7.7,8.6,3.5,Java,Design & Media,Startup,Metro city,UI/UX Designer
INDYCC03510,23,Male,Central,Tier 3,Science,B.Sc.,67.6,6.89,Parents,3.6,3.2,5.6,7.7,SQL,Technology,Government sector,Metro city,Data Scientist
INDYCC03511,24,Female,South,Tier 2,Science,B.Pharm,78.9,8.09,Passion/Interest,4.9,7.0,8.9,8.5,Python,Technology,Private sector,Hometown,Data Scientist
INDYCC03512,17,Female,South,Tier 2,Science,MBBS/Health Sciences,61.1,5.79,Passion/Interest,7.5,7.3,8.5,7.5,Python,Business & Finance,Private sector,Hometown,Software Engineer
INDYCC03513,22,Male,Northeast,Tier 1,Science,B.Tech/B.E.,76.3,6.9,Parents,5.6,4.8,5.7,6.9,"Python, SQL",Healthcare,Higher studies,Any city in India,Software Engineer
INDYCC03514,18,Female,North,Tier 2,Science,B.Tech/B.E.,69.3,,Social Media,5.6,8.9,5.6,5.0,C++,Business & Finance,Private sector,Metro city,Software Engineer
INDYCC03515,17,Female,West,Tier 3,Arts/Humanities,B.A.,82.7,8.26,Social Media,7.4,7.5,3.1,7.6,C++,Healthcare,Private sector,Hometown,Digital Marketer
INDYCC03516,22,Male,West,Tier 3,Science,B.Tech/B.E.,66.7,6.81,Friends/Peers,6.4,5.1,6.8,5.9,"Python, SQL",Healthcare,Government sector,Metro city,Data Scientist
INDYCC03517,19,Female,North,Tier 1,Commerce,BMS,55.0,5.68,Parents,5.1,8.5,6.7,4.7,SQL,Technology,Private sector,Remote/Hybrid,Product Manager
INDYCC03518,18,Male,South,Tier 2,Science,BCA,50.6,5.41,Friends/Peers,7.2,7.4,5.5,5.3,SQL,Technology,Private sector,Metro city,Data Scientist
INDYCC03519,22,Female,Central,Tier 2,Arts/Humanities,LLB,63.5,6.63,Friends/Peers,7.0,10.0,5.2,5.5,C++,Healthcare,Private sector,Metro city,Digital Marketer
INDYCC03520,20,Male,West,Tier 2,Science,BCA,90.7,9.26,Parents,6.9,5.1,6.7,5.3,JavaScript,Healthcare,Government sector,Metro city,Healthcare Professional
INDYCC03521,17,Female,Northeast,Tier 3,Commerce,BCA,82.4,7.76,Friends/Peers,7.7,6.2,7.7,8.4,SQL,Technology,Startup,Remote/Hybrid,Product Manager
INDYCC03522,21,Male,North,Tier 1,Commerce,BCA,89.6,8.77,Friends/Peers,5.9,6.6,9.9,10.0,"Python, SQL",Technology,Private sector,Metro city,Product Manager
INDYCC03523,20,Female,Central,Tier 1,Science,MBBS/Health Sciences,60.6,6.15,Friends/Peers,9.3,6.9,6.8,5.6,JavaScript,Technology,Government sector,Any city in India,Software Engineer
INDYCC03524,20,Female,North,Tier 2,Arts/Humanities,B.Des,68.0,7.2,Parents,1.1,5.3,5.9,7.7,,Research/Education,Higher studies,Remote/Hybrid,Digital Marketer
INDYCC03525,20,Male,West,Tier 2,Commerce,BMS,77.4,7.19,Parents,2.6,7.4,5.4,10.0,Python,Technology,Self-employed/Freelance,Metro city,Product Manager
INDYCC03526,17,Female,North,Tier 1,Science,MBBS/Health Sciences,78.4,7.96,Parents,9.4,7.3,6.0,6.5,Python,Government/Public Service,Government sector,Metro city,Software Engineer
INDYCC03527,19,Male,West,Tier 3,Science,B.Sc.,77.8,7.95,Salary/Package,7.0,2.0,6.6,4.7,SQL,Research/Education,Startup,Any city in India,Software Engineer
INDYCC03528,18,Male,East,Tier 2,Arts/Humanities,B.A.,82.0,8.41,Passion/Interest,2.1,6.8,3.0,7.0,,Technology,Government sector,Remote/Hybrid,UI/UX Designer
INDYCC03529,20,Female,South,Tier 3,Science,MBBS/Health Sciences,65.5,6.5,Parents,5.5,7.3,7.6,6.1,JavaScript,Design & Media,Startup,Any city in India,UI/UX Designer
INDYCC03530,21,Male,North,Tier 2,Commerce,B.Com,58.9,6.37,Parents,4.8,4.6,6.4,3.7,,Business & Finance,Self-employed/Freelance,Metro city,Financial Analyst
INDYCC03531,22,Female,East,Tier 2,Commerce,BCA,70.7,7.19,Salary/Package,4.0,5.8,5.8,6.5,Python,Research/Education,Startup,Remote/Hybrid,Product Manager
INDYCC03532,19,Male,North,Tier 1,Science,B.Sc.,64.6,6.52,Salary/Package,7.1,9.4,6.7,4.8,"Python, SQL",Technology,Higher studies,Any city in India,Software Engineer
INDYCC03533,19,Female,North,Tier 2,Commerce,BBA,84.6,8.26,Friends/Peers,3.2,4.9,7.4,7.8,SQL,Technology,Higher studies,Remote/Hybrid,Product Manager
INDYCC03534,24,Female,Central,Tier 1,Science,B.Sc.,82.6,8.05,Parents,9.2,9.6,5.3,4.9,SQL,Business & Finance,Government sector,Remote/Hybrid,Data Scientist
INDYCC03535,21,Male,South,Tier 3,Science,B.Tech/B.E.,80.4,7.66,Salary/Package,7.3,5.4,5.3,3.6,"Python, SQL",Technology,Startup,Remote/Hybrid,Data Scientist
INDYCC03536,23,Male,Central,Tier 3,Arts/Humanities,BJMC/Media,71.7,6.99,Friends/Peers,5.6,6.2,4.6,10.0,SQL,Technology,Private sector,Any city in India,Government Officer
INDYCC03537,17,Male,South,Tier 1,Commerce,CA/Professional Course,73.2,7.51,Parents,6.6,4.3,4.4,5.7,,Design & Media,Self-employed/Freelance,Metro city,Financial Analyst
INDYCC03538,21,Female,South,Tier 1,Commerce,CA/Professional Course,69.9,7.0,Parents,3.1,4.2,2.8,5.7,SQL,Business & Finance,Government sector,Metro city,Financial Analyst
INDYCC03539,23,Female,South,Tier 3,Commerce,BCA,57.8,5.79,Friends/Peers,5.4,4.6,8.2,5.8,SQL,Technology,Private sector,Any city in India,Product Manager
INDYCC03540,24,Male,South,Tier 1,Commerce,CA/Professional Course,73.9,7.41,Parents,3.7,6.7,8.0,7.7,,Business & Finance,Private sector,Metro city,Financial Analyst
INDYCC03541,24,Female,Northeast,Tier 1,Commerce,CA/Professional Course,92.3,9.36,Parents,5.2,9.0,5.0,2.1,SQL,Government/Public Service,Private sector,Hometown,Product Manager
INDYCC03542,21,Female,Central,Tier 1,Arts/Humanities,B.A.,74.6,7.7,Parents,5.1,8.3,2.8,7.8,"Python, SQL",Business & Finance,Self-employed/Freelance,Hometown,Digital Marketer
INDYCC03543,20,Male,South,Tier 1,Arts/Humanities,B.Des,75.1,7.3,Parents,3.0,6.3,9.1,6.1,Python,Government/Public Service,Self-employed/Freelance,Hometown,Government Officer
INDYCC03544,17,Male,North,Tier 2,Arts/Humanities,B.A.,77.2,7.86,Parents,2.4,7.3,7.8,9.8,SQL,Research/Education,Private sector,Metro city,Researcher/Academician
INDYCC03545,17,Female,South,Tier 1,Commerce,BBA,82.8,8.49,Parents,5.4,5.4,7.1,1.9,Python,Technology,Government sector,Metro city,Data Scientist
INDYCC03546,19,Female,Northeast,Tier 2,Arts/Humanities,B.Des,73.2,7.19,Passion/Interest,4.5,3.4,5.4,7.4,Python,Technology,Higher studies,Remote/Hybrid,Digital Marketer
INDYCC03547,17,Female,East,Tier 2,Commerce,CA/Professional Course,77.8,7.97,Social Media,7.8,6.5,6.3,4.0,Java,Business & Finance,Higher studies,Remote/Hybrid,Financial Analyst
INDYCC03548,19,Male,West,Tier 1,Science,MBBS/Health Sciences,70.8,7.25,Social Media,5.0,5.0,7.5,6.4,,Business & Finance,Self-employed/Freelance,Metro city,Software Engineer
INDYCC03549,23,Female,West,Tier 2,Arts/Humanities,B.A.,75.9,7.62,Friends/Peers,3.5,4.9,4.7,5.9,SQL,Technology,Private sector,Hometown,UI/UX Designer
INDYCC03550,21,Male,Central,Tier 3,Commerce,BBA,55.8,5.48,Friends/Peers,4.1,8.0,6.0,5.8,SQL,Technology,Private sector,Hometown,Financial Analyst
INDYCC03551,23,Male,East,Tier 1,Commerce,B.Com,60.0,6.14,Social Media,5.1,6.6,6.5,4.6,Java,Government/Public Service,Higher studies,Remote/Hybrid,Government Officer
INDYCC03552,23,Male,East,Tier 2,Arts/Humanities,LLB,74.3,7.17,Parents,3.9,5.8,3.4,9.9,Python,Research/Education,Private sector,Any city in India,UI/UX Designer
INDYCC03553,21,Male,South,Tier 2,Science,B.Sc.,82.5,8.32,Friends/Peers,8.0,3.1,6.4,5.1,Java,Business & Finance,Private sector,Any city in India,Software Engineer
INDYCC03554,17,Female,Central,Tier 1,Commerce,BMS,61.2,6.03,Salary/Package,3.6,6.1,6.6,3.5,Python,Research/Education,Private sector,Any city in India,Financial Analyst
INDYCC03555,22,Male,South,Tier 2,Science,B.Sc.,54.8,5.41,Friends/Peers,6.7,5.0,4.8,3.1,JavaScript,Technology,Government sector,Any city in India,Data Scientist
INDYCC03556,23,Female,East,Tier 3,Commerce,CA/Professional Course,74.6,7.76,Social Media,7.4,6.3,4.4,7.3,Java,Design & Media,Higher studies,Any city in India,UI/UX Designer
INDYCC03557,23,Male,West,Tier 1,Commerce,CA/Professional Course,45.0,5.0,Parents,4.5,5.9,5.6,7.4,Python,Healthcare,Private sector,Any city in India,Healthcare Professional
INDYCC03558,23,Female,South,Tier 2,Commerce,B.Com,71.1,7.57,Parents,5.9,5.4,7.9,5.5,C++,Business & Finance,Higher studies,Hometown,Financial Analyst
INDYCC03559,24,Female,Central,Tier 3,Science,BCA,82.3,8.4,Parents,6.6,6.5,6.5,6.3,Java,Design & Media,Government sector,Any city in India,Researcher/Academician
INDYCC03560,20,Male,North,Tier 3,Commerce,BMS,98.0,9.8,Passion/Interest,7.0,4.6,6.5,2.9,C++,Design & Media,Higher studies,Any city in India,UI/UX Designer
INDYCC03561,18,Female,South,Tier 3,Science,B.Tech/B.E.,78.4,7.47,Salary/Package,4.1,5.5,5.4,6.0,,Research/Education,Private sector,Any city in India,Researcher/Academician
INDYCC03562,20,Male,North,Tier 3,Commerce,CA/Professional Course,73.0,7.25,Parents,2.6,6.2,4.9,5.8,SQL,Marketing,Private sector,Remote/Hybrid,Researcher/Academician
INDYCC03563,22,Female,North,Tier 3,Commerce,BCA,61.7,5.97,Friends/Peers,3.9,6.2,6.5,4.0,Python,Technology,Private sector,Metro city,Data Scientist
INDYCC03564,17,Female,South,Tier 3,Science,B.Pharm,67.8,6.64,Parents,7.6,6.8,6.2,1.0,C++,Technology,Private sector,Metro city,Data Scientist
INDYCC03565,20,Male,North,Tier 1,Commerce,BCA,68.2,6.59,Parents,3.1,6.5,6.4,3.9,,Business & Finance,Private sector,Hometown,Financial Analyst
INDYCC03566,24,Male,West,Tier 2,Science,B.Sc.,57.2,5.72,Social Media,7.3,7.7,6.9,6.6,,Marketing,Startup,Hometown,Data Scientist
INDYCC03567,17,Female,South,Tier 1,Arts/Humanities,BJMC/Media,72.3,7.33,,3.4,4.8,5.3,6.7,Python,Marketing,Private sector,Metro city,Digital Marketer
INDYCC03568,22,Female,East,Tier 1,Science,B.Tech/B.E.,57.3,5.56,Social Media,6.2,5.5,6.5,7.8,C++,Marketing,Government sector,Remote/Hybrid,Software Engineer
INDYCC03569,24,Male,South,Tier 2,Commerce,BCA,63.1,6.4,Friends/Peers,4.5,4.2,7.3,5.1,,Marketing,Higher studies,Hometown,Financial Analyst
INDYCC03570,19,Female,South,Tier 2,Science,B.Sc.,73.9,7.35,Passion/Interest,6.6,8.0,8.2,2.8,,Business & Finance,Self-employed/Freelance,Remote/Hybrid,Digital Marketer
INDYCC03571,18,Male,South,Tier 2,Science,MBBS/Health Sciences,83.4,8.23,,8.9,4.3,3.1,5.6,JavaScript,Technology,Private sector,Any city in India,Software Engineer
INDYCC03572,21,Female,Central,Tier 2,Commerce,BMS,79.1,7.83,Passion/Interest,7.2,3.1,7.3,6.8,Python,Government/Public Service,Private sector,Hometown,Financial Analyst
INDYCC03573,17,Non-binary/Prefer not to say,North,Tier 2,Science,B.Sc.,57.2,5.65,Salary/Package,6.4,6.6,8.6,5.2,C++,Business & Finance,Higher studies,Metro city,Financial Analyst
INDYCC03574,17,Female,Central,Tier 2,Science,B.Pharm,80.4,8.54,Friends/Peers,7.5,5.3,7.3,3.6,JavaScript,Marketing,Self-employed/Freelance,Any city in India,Software Engineer
INDYCC03575,24,Female,North,Tier 2,Commerce,BMS,81.2,8.19,Social Media,2.2,7.5,6.0,7.1,,Healthcare,Higher studies,Remote/Hybrid,Government Officer
INDYCC03576,18,Male,Central,Tier 1,Science,BCA,87.6,8.87,Passion/Interest,8.4,5.4,8.0,4.5,"Python, SQL",Technology,Private sector,Any city in India,Software Engineer
INDYCC03577,21,Male,Northeast,Tier 2,Science,MBBS/Health Sciences,98.0,9.8,Parents,3.9,5.0,10.0,5.5,,Research/Education,Self-employed/Freelance,Hometown,Researcher/Academician
INDYCC03578,17,Female,North,Tier 2,Science,B.Pharm,59.9,5.94,Parents,8.8,7.1,7.3,6.0,"Python, SQL",Healthcare,Private sector,Any city in India,Healthcare Professional
INDYCC03579,24,Female,North,Tier 2,Arts/Humanities,BBA,61.5,6.0,Social Media,4.9,6.4,5.3,7.9,,Technology,Private sector,Hometown,Data Scientist
INDYCC03580,24,Male,North,Tier 1,Arts/Humanities,B.Des,91.2,9.38,Passion/Interest,1.3,6.5,6.4,8.5,SQL,Healthcare,Startup,Metro city,UI/UX Designer
INDYCC03581,24,Female,West,Tier 1,Science,BCA,70.0,6.93,Salary/Package,3.8,7.9,8.0,8.7,SQL,Technology,Startup,Any city in India,Software Engineer
INDYCC03582,23,Male,South,Tier 1,Science,B.Tech/B.E.,89.6,9.33,Passion/Interest,7.0,6.0,5.7,7.3,JavaScript,Technology,Self-employed/Freelance,Hometown,Data Scientist
INDYCC03583,23,Male,North,Tier 1,Arts/Humanities,BJMC/Media,90.6,9.78,Salary/Package,1.2,10.0,3.9,4.6,Python,Research/Education,Private sector,Hometown,Researcher/Academician
INDYCC03584,24,Female,North,Tier 2,Arts/Humanities,LLB,64.1,6.76,Passion/Interest,4.3,5.5,4.9,7.2,Python,Marketing,Private sector,Metro city,Researcher/Academician
INDYCC03585,20,Male,South,Tier 2,Arts/Humanities,B.Des,73.9,7.22,Salary/Package,6.5,7.4,5.5,7.9,"Python, SQL",Research/Education,Startup,Any city in India,UI/UX Designer
INDYCC03586,18,Male,West,Tier 1,Science,B.Pharm,86.7,8.81,Passion/Interest,6.4,6.8,8.7,4.9,Java,Business & Finance,Startup,Remote/Hybrid,Product Manager
INDYCC03587,22,Female,West,Tier 2,Commerce,B.Com,61.7,6.05,Social Media,4.1,6.9,5.3,5.7,Python,Technology,Private sector,Metro city,Government Officer
INDYCC03588,22,Male,East,Tier 2,Science,B.Pharm,45.1,5.0,Parents,6.7,5.5,8.3,5.0,Java,Research/Education,Private sector,Any city in India,Software Engineer
INDYCC03589,19,Female,East,Tier 1,Science,B.Sc.,86.2,8.66,Passion/Interest,7.0,5.7,5.7,6.8,"Python, SQL",Government/Public Service,Government sector,Metro city,Software Engineer
INDYCC03590,19,Female,West,Tier 1,Commerce,BCA,94.0,9.8,Salary/Package,4.4,7.1,5.6,6.0,,Design & Media,Private sector,Metro city,UI/UX Designer
INDYCC03591,22,Female,North,Tier 2,Commerce,BBA,80.3,7.79,Passion/Interest,8.0,5.4,5.2,7.2,,Marketing,Startup,Remote/Hybrid,Data Scientist
INDYCC03592,18,Female,Central,Tier 1,Commerce,B.Com,71.5,7.16,Parents,6.6,6.6,8.3,4.9,,Marketing,Startup,Any city in India,Financial Analyst
INDYCC03593,17,Female,North,Tier 3,Science,MBBS/Health Sciences,63.6,6.38,Passion/Interest,3.6,5.5,5.0,5.9,,Technology,Government sector,Hometown,Software Engineer
INDYCC03594,21,Female,South,Tier 3,Commerce,B.Com,56.9,5.63,Social Media,3.8,5.0,6.3,3.6,,Technology,Private sector,Metro city,Product Manager
INDYCC03595,21,Female,South,Tier 3,Commerce,BBA,74.8,7.64,Salary/Package,5.3,10.0,7.6,5.0,C++,Design & Media,Private sector,Metro city,UI/UX Designer
INDYCC03596,23,Female,Central,Tier 2,Commerce,CA/Professional Course,86.8,8.42,Parents,3.1,6.6,8.1,3.7,Python,Marketing,Private sector,Any city in India,Software Engineer
INDYCC03597,22,Female,North,Tier 3,Science,B.Sc.,61.8,6.03,Friends/Peers,7.2,5.5,8.1,7.6,,Government/Public Service,Private sector,Hometown,Software Engineer
INDYCC03598,23,Male,North,Tier 2,Science,BCA,68.9,6.94,Salary/Package,7.1,7.8,7.7,4.2,C++,Technology,Startup,Remote/Hybrid,Software Engineer
INDYCC03599,17,Female,Central,Tier 2,Science,B.Pharm,77.2,7.55,Social Media,9.4,7.1,6.0,4.2,Java,Research/Education,Government sector,Any city in India,Data Scientist
INDYCC03600,19,Female,West,Tier 3,Science,BCA,53.6,5.42,Parents,6.2,3.5,4.4,4.9,Python,Technology,Private sector,Any city in India,Software Engineer
INDYCC03601,20,Female,North,Tier 3,Science,B.Sc.,61.0,5.96,Social Media,5.5,8.8,7.9,5.5,Python,Business & Finance,Private sector,Hometown,Digital Marketer
INDYCC03602,24,Male,Central,Tier 3,Arts/Humanities,BBA,71.5,6.81,Social Media,7.5,4.9,4.6,6.5,SQL,Healthcare,Government sector,Metro city,Digital Marketer
INDYCC03603,23,Female,South,Tier 2,Arts/Humanities,B.Des,47.8,5.0,Passion/Interest,1.8,6.4,3.5,7.4,SQL,Government/Public Service,Private sector,Remote/Hybrid,Government Officer
INDYCC03604,18,Male,West,Tier 1,Arts/Humanities,BBA,57.8,5.4,Passion/Interest,4.7,5.8,7.4,9.2,SQL,Government/Public Service,Startup,Metro city,UI/UX Designer
INDYCC03605,21,Female,South,Tier 1,Arts/Humanities,BBA,69.1,6.62,Salary/Package,2.2,8.3,3.4,6.9,SQL,Technology,Higher studies,Hometown,Data Scientist
INDYCC03606,24,Male,West,Tier 3,Commerce,BBA,68.2,7.0,Salary/Package,2.8,6.7,6.3,5.6,Python,Design & Media,Private sector,Remote/Hybrid,UI/UX Designer
INDYCC03607,19,Female,North,Tier 3,Commerce,B.Com,68.9,6.79,Parents,6.0,6.1,6.1,6.0,SQL,Healthcare,Government sector,Remote/Hybrid,Healthcare Professional
INDYCC03608,22,Male,North,Tier 1,Science,MBBS/Health Sciences,74.5,7.08,Friends/Peers,2.4,5.9,4.5,3.5,,Design & Media,Private sector,Metro city,Software Engineer
INDYCC03609,19,Female,East,Tier 3,Commerce,CA/Professional Course,63.4,6.37,Salary/Package,3.1,5.5,7.0,7.8,SQL,Business & Finance,Higher studies,Metro city,UI/UX Designer
INDYCC03610,23,Female,Northeast,Tier 2,Science,B.Pharm,55.5,5.4,Friends/Peers,3.7,5.6,8.7,4.2,SQL,Healthcare,Private sector,Metro city,Healthcare Professional
INDYCC03611,24,Male,North,Tier 3,Science,B.Pharm,58.9,6.32,Parents,7.2,5.9,6.9,5.1,SQL,Business & Finance,Government sector,Metro city,Data Scientist
INDYCC03612,21,Female,Central,Tier 2,Commerce,CA/Professional Course,59.6,5.77,Salary/Package,4.9,5.3,6.5,4.3,SQL,Technology,Private sector,Hometown,Software Engineer
INDYCC03613,19,Male,East,Tier 3,Science,B.Pharm,63.7,6.17,Parents,4.6,6.2,8.9,4.5,,Technology,Self-employed/Freelance,Metro city,Software Engineer
INDYCC03614,19,Non-binary/Prefer not to say,Central,Tier 2,Arts/Humanities,BJMC/Media,68.3,6.5,Passion/Interest,3.0,7.7,5.3,6.1,SQL,Business & Finance,Private sector,Any city in India,UI/UX Designer
INDYCC03615,22,Female,West,Tier 1,Science,B.Pharm,72.3,7.09,Parents,5.3,8.2,6.0,3.4,SQL,Government/Public Service,Higher studies,Any city in India,Government Officer
INDYCC03616,18,Female,Central,Tier 1,Science,BCA,70.3,,Parents,5.1,5.5,8.0,6.7,SQL,Research/Education,Private sector,Metro city,Software Engineer
INDYCC03617,20,Female,North,Tier 2,Arts/Humanities,B.A.,80.9,8.02,Parents,5.3,5.6,7.1,7.7,JavaScript,Technology,Private sector,Remote/Hybrid,UI/UX Designer
INDYCC03618,23,Female,North,Tier 1,Arts/Humanities,BJMC/Media,73.2,7.46,Social Media,1.0,9.0,8.1,6.9,Python,Research/Education,Private sector,Metro city,UI/UX Designer
INDYCC03619,20,Male,East,Tier 2,Commerce,BBA,82.6,,Parents,3.5,8.3,6.4,8.0,SQL,Business & Finance,Private sector,Hometown,Product Manager
INDYCC03620,24,Male,West,Tier 2,Arts/Humanities,BJMC/Media,67.5,6.59,Salary/Package,3.7,7.6,6.1,8.4,Python,Design & Media,Private sector,Any city in India,UI/UX Designer
INDYCC03621,23,Female,North,Tier 2,Commerce,BCA,66.9,6.21,Salary/Package,4.3,6.2,6.5,5.6,Python,Technology,Private sector,Remote/Hybrid,Product Manager
INDYCC03622,17,Female,West,Tier 3,Commerce,CA/Professional Course,61.5,5.85,Parents,4.6,4.0,6.4,6.9,Python,Government/Public Service,Government sector,Hometown,Government Officer
INDYCC03623,24,Male,North,Tier 2,Arts/Humanities,B.Des,60.6,5.97,Parents,4.9,5.5,5.5,8.8,SQL,Healthcare,Higher studies,Remote/Hybrid,Digital Marketer
INDYCC03624,21,Female,South,Tier 1,Commerce,BBA,68.0,7.26,Parents,3.2,5.9,7.9,4.5,SQL,Research/Education,Self-employed/Freelance,Any city in India,Product Manager
INDYCC03625,22,Female,South,Tier 3,Science,BCA,67.7,6.54,Social Media,7.3,7.1,8.5,6.9,SQL,Business & Finance,Private sector,Hometown,Financial Analyst
INDYCC03626,18,Male,North,Tier 1,Science,B.Tech/B.E.,78.9,7.81,Social Media,8.3,6.6,5.0,6.0,,Government/Public Service,Startup,Metro city,Software Engineer
INDYCC03627,23,Male,South,Tier 1,Commerce,B.Com,71.6,7.56,Salary/Package,5.4,2.8,6.0,5.7,C++,Business & Finance,Startup,Hometown,Product Manager
INDYCC03628,21,Male,North,Tier 1,Science,B.Pharm,93.3,9.17,Parents,7.5,8.2,5.2,2.7,C++,Research/Education,Higher studies,Remote/Hybrid,Data Scientist
INDYCC03629,24,Female,Central,Tier 1,Science,MBBS/Health Sciences,75.7,7.33,Social Media,7.1,5.3,7.3,2.9,"Python, SQL",Business & Finance,Government sector,Any city in India,Data Scientist
INDYCC03630,23,Male,North,Tier 3,Commerce,BCA,53.3,5.71,Parents,5.3,7.2,6.4,4.9,Python,Government/Public Service,Higher studies,Remote/Hybrid,Government Officer
INDYCC03631,17,Male,Northeast,Tier 1,Science,MBBS/Health Sciences,61.2,6.31,Salary/Package,4.5,4.2,8.7,4.8,Python,Design & Media,Private sector,Hometown,Software Engineer
INDYCC03632,24,Male,Northeast,Tier 3,Arts/Humanities,B.Des,80.7,7.99,Friends/Peers,6.2,4.3,3.4,9.5,JavaScript,Business & Finance,Startup,Any city in India,Digital Marketer
INDYCC03633,19,Male,West,Tier 1,Science,BCA,55.4,5.88,Passion/Interest,3.7,3.7,7.1,6.2,SQL,Research/Education,Private sector,Metro city,Researcher/Academician
INDYCC03634,18,Male,South,Tier 1,Science,BCA,84.4,8.58,Passion/Interest,5.0,8.0,10.0,8.1,"Python, SQL",Marketing,Private sector,Any city in India,Software Engineer
INDYCC03635,22,Female,West,Tier 3,Commerce,BCA,90.0,9.06,Parents,6.7,5.7,7.9,5.6,"Python, SQL",Healthcare,Private sector,Hometown,Healthcare Professional
INDYCC03636,22,Male,South,Tier 2,Science,BCA,57.3,5.59,Social Media,7.9,4.5,5.4,3.2,,Research/Education,Higher studies,Metro city,Software Engineer
INDYCC03637,20,Male,North,Tier 3,Commerce,BBA,74.4,7.67,Salary/Package,4.2,2.0,6.8,4.7,SQL,Technology,Startup,Metro city,Digital Marketer
INDYCC03638,24,Female,East,Tier 1,Science,MBBS/Health Sciences,76.8,7.38,Passion/Interest,5.2,5.2,7.1,5.1,Python,Design & Media,Startup,Any city in India,Data Scientist
INDYCC03639,21,Male,North,Tier 2,Arts/Humanities,BBA,98.0,9.8,Salary/Package,1.5,6.6,5.0,8.8,Python,Research/Education,Private sector,Remote/Hybrid,Digital Marketer
INDYCC03640,23,Male,West,Tier 3,Science,B.Tech/B.E.,85.8,8.15,,6.8,5.8,4.8,6.4,Java,Design & Media,Government sector,Metro city,Data Scientist
INDYCC03641,23,Male,East,Tier 2,Science,B.Sc.,84.2,8.85,Passion/Interest,6.4,5.9,7.1,6.7,Python,Government/Public Service,Startup,Metro city,Government Officer
INDYCC03642,18,Male,Central,Tier 3,Commerce,BMS,83.6,8.36,Parents,1.8,5.3,7.0,6.3,,Technology,Higher studies,Any city in India,Financial Analyst
INDYCC03643,17,Female,North,Tier 3,Arts/Humanities,BBA,54.4,5.76,Social Media,1.0,7.7,5.4,4.7,,Healthcare,Startup,Any city in India,Product Manager
INDYCC03644,19,Male,West,Tier 3,Arts/Humanities,B.Des,68.0,6.95,Parents,2.4,5.4,3.3,2.9,,Design & Media,Government sector,Remote/Hybrid,UI/UX Designer
INDYCC03645,22,Female,West,Tier 2,Commerce,BBA,72.8,7.68,Passion/Interest,3.8,6.2,8.2,4.9,SQL,Business & Finance,Startup,Metro city,Financial Analyst
INDYCC03646,17,Female,South,Tier 3,Science,BCA,81.0,8.17,Parents,6.4,6.1,3.7,7.4,SQL,Business & Finance,Government sector,Remote/Hybrid,Software Engineer
INDYCC03647,20,Male,East,Tier 3,Science,B.Pharm,86.4,8.5,Salary/Package,2.6,2.7,7.6,8.7,Python,Business & Finance,Private sector,Hometown,Financial Analyst
INDYCC03648,23,Male,North,Tier 2,Science,MBBS/Health Sciences,59.0,6.25,Parents,6.8,6.6,9.2,5.5,C++,Technology,Higher studies,Any city in India,Data Scientist
INDYCC03649,22,Female,Central,Tier 3,Science,MBBS/Health Sciences,,6.45,Passion/Interest,3.6,5.5,4.7,7.7,Python,Healthcare,Private sector,Hometown,Healthcare Professional
INDYCC03650,19,Female,North,Tier 1,Science,B.Tech/B.E.,91.2,9.4,Passion/Interest,5.7,5.0,5.4,8.6,"Python, SQL",Government/Public Service,Private sector,Any city in India,Software Engineer
INDYCC03651,21,Female,North,Tier 2,Arts/Humanities,BBA,76.1,7.8,,3.7,6.6,5.7,8.1,SQL,Healthcare,Private sector,Metro city,Government Officer
INDYCC03652,21,Male,West,Tier 2,Science,B.Pharm,72.2,7.19,Parents,4.0,6.2,8.1,5.3,Python,Government/Public Service,Self-employed/Freelance,Metro city,Researcher/Academician
INDYCC03653,23,Female,East,Tier 1,Science,BCA,74.7,7.39,Passion/Interest,7.8,6.4,7.2,4.3,Java,Business & Finance,Private sector,Metro city,Software Engineer
INDYCC03654,23,Male,North,Tier 1,Commerce,BBA,60.4,6.16,Salary/Package,4.4,3.1,6.5,6.2,,Business & Finance,Private sector,Hometown,Financial Analyst
INDYCC03655,18,Female,East,Tier 1,Commerce,CA/Professional Course,93.2,9.32,Social Media,5.9,7.0,5.8,6.4,JavaScript,Design & Media,Self-employed/Freelance,Remote/Hybrid,Product Manager
INDYCC03656,19,Female,North,Tier 2,Commerce,BCA,86.8,8.62,Friends/Peers,7.5,7.0,7.0,6.6,"Python, SQL",Research/Education,Government sector,Any city in India,Product Manager
INDYCC03657,17,Female,West,Tier 3,Commerce,BCA,83.6,,Parents,6.5,5.0,9.1,5.6,Python,Technology,Self-employed/Freelance,Metro city,Government Officer
INDYCC03658,23,Female,West,Tier 3,Arts/Humanities,BBA,72.3,7.12,Salary/Package,5.4,7.3,7.5,7.0,Python,Design & Media,Self-employed/Freelance,Metro city,Digital Marketer
INDYCC03659,19,Male,North,Tier 1,Commerce,BMS,67.7,6.28,Parents,3.1,6.3,6.1,3.2,,Government/Public Service,Private sector,Metro city,Government Officer
INDYCC03660,18,Male,South,Tier 1,Commerce,B.Com,73.6,6.94,Parents,6.5,4.7,5.8,3.0,Java,Design & Media,Startup,Remote/Hybrid,Financial Analyst
INDYCC03661,22,Male,North,Tier 2,Commerce,CA/Professional Course,71.8,7.52,Parents,3.9,4.0,8.6,4.5,SQL,Technology,Private sector,Hometown,Data Scientist
INDYCC03662,22,Male,South,Tier 2,Science,B.Sc.,66.4,7.05,Passion/Interest,8.0,4.4,6.6,7.3,SQL,Research/Education,Private sector,Remote/Hybrid,Software Engineer
INDYCC03663,23,Female,South,Tier 2,Commerce,BMS,85.4,8.66,Parents,4.6,5.8,6.5,2.5,Python,Marketing,Government sector,Remote/Hybrid,Financial Analyst
INDYCC03664,17,Female,South,Tier 2,Science,BCA,49.7,5.0,Parents,6.5,5.0,6.5,4.8,Python,Technology,Self-employed/Freelance,Metro city,Data Scientist
INDYCC03665,20,Female,Central,Tier 2,Arts/Humanities,LLB,95.1,9.61,Parents,2.3,6.4,5.5,7.9,Python,Business & Finance,Private sector,Hometown,Digital Marketer
INDYCC03666,20,Female,West,Tier 2,Commerce,B.Com,67.3,6.78,Salary/Package,4.5,8.1,7.6,6.7,Python,Healthcare,Government sector,Hometown,Financial Analyst
INDYCC03667,23,Male,Central,Tier 3,Science,B.Pharm,59.2,5.83,Friends/Peers,8.5,5.0,5.6,5.0,,Government/Public Service,Government sector,Any city in India,Software Engineer
INDYCC03668,19,Male,East,Tier 2,Science,MBBS/Health Sciences,74.2,7.41,Salary/Package,7.1,7.8,6.0,7.2,,Technology,Government sector,Metro city,Data Scientist
INDYCC03669,19,Male,North,Tier 1,Commerce,BCA,62.7,6.38,Passion/Interest,7.0,8.0,6.6,8.7,"Python, SQL",Technology,Private sector,Remote/Hybrid,Product Manager
INDYCC03670,19,Male,North,Tier 3,Arts/Humanities,LLB,88.9,8.77,Friends/Peers,4.3,6.9,4.2,6.0,,Marketing,Private sector,Any city in India,Healthcare Professional
INDYCC03671,24,Female,North,Tier 3,Arts/Humanities,B.Des,85.8,8.79,Salary/Package,4.0,5.9,2.5,7.2,,Business & Finance,Private sector,Metro city,Financial Analyst
INDYCC03672,18,Female,North,Tier 1,Commerce,BCA,70.5,7.6,Salary/Package,4.9,6.6,5.8,4.7,Python,Government/Public Service,Higher studies,Metro city,Government Officer
INDYCC03673,24,Male,Central,Tier 1,Arts/Humanities,LLB,72.1,7.32,Parents,4.2,7.3,3.3,8.3,,Government/Public Service,Private sector,Any city in India,UI/UX Designer
INDYCC03674,24,Female,Northeast,Tier 3,Science,MBBS/Health Sciences,68.4,7.08,Social Media,5.4,6.2,8.1,3.9,Java,Research/Education,Private sector,Remote/Hybrid,Software Engineer
INDYCC03675,19,Male,East,Tier 2,Arts/Humanities,LLB,75.2,7.8,Parents,4.7,8.8,7.7,8.8,,Marketing,Private sector,Remote/Hybrid,UI/UX Designer
INDYCC03676,24,Female,Central,Tier 1,Commerce,BBA,69.7,6.86,Passion/Interest,2.1,5.2,7.7,8.7,,Healthcare,Self-employed/Freelance,Hometown,Financial Analyst
INDYCC03677,22,Female,West,Tier 1,Arts/Humanities,B.Des,80.6,8.01,Social Media,3.4,10.0,8.0,7.2,SQL,Design & Media,Government sector,Any city in India,Digital Marketer
INDYCC03678,24,Female,North,Tier 2,Science,BCA,78.7,8.44,Parents,7.7,6.8,7.5,5.2,Python,Marketing,Self-employed/Freelance,Any city in India,Data Scientist
INDYCC03679,19,Female,South,Tier 1,Science,BCA,51.0,5.0,Social Media,5.8,6.6,5.8,8.0,SQL,Marketing,Private sector,Metro city,Data Scientist
INDYCC03680,22,Female,South,Tier 1,Science,B.Sc.,81.8,8.17,Salary/Package,5.1,6.6,7.9,5.7,JavaScript,Marketing,Startup,Hometown,Software Engineer
INDYCC03681,24,Male,Northeast,Tier 3,Arts/Humanities,B.A.,75.0,7.51,Parents,4.5,7.4,6.7,6.4,Python,Technology,Government sector,Any city in India,Software Engineer
INDYCC03682,23,Male,North,Tier 1,Arts/Humanities,LLB,85.3,8.76,Parents,1.6,7.6,3.4,7.3,Python,Design & Media,Self-employed/Freelance,Remote/Hybrid,UI/UX Designer
INDYCC03683,20,Male,North,Tier 1,Commerce,BCA,69.8,6.81,Salary/Package,2.6,3.6,7.4,6.0,Python,Business & Finance,Government sector,Hometown,Financial Analyst
INDYCC03684,23,Female,East,Tier 1,Science,B.Pharm,70.3,6.89,Parents,10.0,2.9,7.3,5.8,,Government/Public Service,Higher studies,Metro city,Government Officer
INDYCC03685,22,Male,East,Tier 1,Science,B.Tech/B.E.,67.1,6.81,Parents,6.9,7.8,5.0,8.6,"Python, SQL",Research/Education,Private sector,Any city in India,Researcher/Academician
INDYCC03686,19,Female,North,Tier 2,Science,B.Tech/B.E.,83.2,8.44,Salary/Package,4.7,5.1,6.8,4.3,Python,Business & Finance,Startup,Any city in India,Software Engineer
INDYCC03687,24,Female,South,Tier 2,Science,BCA,62.8,6.1,Salary/Package,5.2,5.7,7.3,5.4,"Python, SQL",Business & Finance,Government sector,Metro city,Software Engineer
INDYCC03688,24,Female,South,Tier 3,Science,MBBS/Health Sciences,83.6,8.48,Friends/Peers,6.5,7.0,8.9,5.0,Java,Government/Public Service,Higher studies,Any city in India,Data Scientist
INDYCC03689,17,Male,Northeast,Tier 2,Commerce,B.Com,67.7,6.82,Salary/Package,6.3,4.7,6.5,3.3,JavaScript,Government/Public Service,Government sector,Any city in India,Government Officer
INDYCC03690,21,Male,Central,Tier 1,Science,B.Tech/B.E.,70.6,6.95,Parents,5.9,5.5,7.3,3.7,,Technology,Startup,Metro city,Software Engineer
INDYCC03691,23,Male,South,Tier 1,Arts/Humanities,LLB,80.6,8.26,Parents,4.2,8.4,7.7,7.2,SQL,Technology,Private sector,Metro city,Data Scientist
INDYCC03692,22,Male,Central,Tier 2,Arts/Humanities,BJMC/Media,58.0,5.99,Passion/Interest,2.7,7.8,6.2,7.6,,Design & Media,Higher studies,Metro city,UI/UX Designer
INDYCC03693,17,Female,North,Tier 2,Science,MBBS/Health Sciences,74.2,7.82,Friends/Peers,5.7,4.6,8.4,4.5,Python,Marketing,Private sector,Remote/Hybrid,Software Engineer
INDYCC03694,22,Male,Central,Tier 1,Science,B.Tech/B.E.,77.9,7.64,Salary/Package,4.6,6.3,6.6,9.1,Python,Technology,Higher studies,Any city in India,Data Scientist
INDYCC03695,19,Male,North,Tier 1,Science,B.Sc.,78.7,7.97,Parents,4.0,5.0,6.5,6.4,Python,Design & Media,Higher studies,Remote/Hybrid,Digital Marketer
INDYCC03696,24,Male,South,Tier 1,Arts/Humanities,B.Des,98.0,9.8,Friends/Peers,6.6,5.8,4.1,6.9,C++,Business & Finance,Private sector,Remote/Hybrid,Researcher/Academician
INDYCC03697,17,Female,North,Tier 2,Science,B.Pharm,73.6,7.55,Parents,5.5,8.7,4.7,3.9,C++,Design & Media,Self-employed/Freelance,Metro city,Data Scientist
INDYCC03698,18,Male,North,Tier 3,Commerce,CA/Professional Course,71.7,6.4,Friends/Peers,3.5,4.8,5.0,4.0,SQL,Healthcare,Self-employed/Freelance,Remote/Hybrid,Healthcare Professional
INDYCC03699,24,Male,North,Tier 2,Arts/Humanities,BBA,83.8,8.27,Friends/Peers,2.4,7.5,4.1,6.2,,Technology,Private sector,Metro city,UI/UX Designer
INDYCC03700,21,Male,Central,Tier 1,Arts/Humanities,BJMC/Media,72.1,7.15,Passion/Interest,5.2,5.7,4.8,4.7,"Python, SQL",Healthcare,Government sector,Hometown,Software Engineer
INDYCC03701,21,Female,North,Tier 2,Commerce,CA/Professional Course,98.0,9.8,Parents,2.9,4.1,6.7,4.9,SQL,Government/Public Service,Government sector,Metro city,Government Officer
INDYCC03702,17,Male,Northeast,Tier 2,Arts/Humanities,BBA,83.2,8.5,Parents,1.4,9.8,7.7,6.7,Python,Research/Education,Government sector,Any city in India,Researcher/Academician
INDYCC03703,17,Male,South,Tier 2,Commerce,B.Com,66.0,6.37,Social Media,5.2,9.2,5.8,9.0,JavaScript,Marketing,Higher studies,Hometown,Digital Marketer
INDYCC03704,20,Female,West,Tier 1,Commerce,CA/Professional Course,55.5,5.82,Salary/Package,6.1,7.6,4.3,5.6,Python,Technology,Government sector,Any city in India,Product Manager
INDYCC03705,17,Male,West,Tier 2,Science,B.Tech/B.E.,78.2,7.52,Friends/Peers,7.2,7.6,7.7,3.4,Python,Research/Education,Government sector,Remote/Hybrid,Software Engineer
INDYCC03706,21,Male,North,Tier 1,Science,MBBS/Health Sciences,82.7,8.43,Salary/Package,8.0,3.9,8.2,9.3,C++,Government/Public Service,Higher studies,Remote/Hybrid,Data Scientist
INDYCC03707,24,Female,West,Tier 1,Commerce,CA/Professional Course,87.1,8.98,Salary/Package,7.5,6.9,6.3,2.6,Python,Business & Finance,Government sector,Remote/Hybrid,Product Manager
INDYCC03708,23,Male,East,Tier 3,Commerce,CA/Professional Course,73.5,7.72,Parents,3.8,5.4,5.8,6.4,Python,Marketing,Startup,Any city in India,Product Manager
INDYCC03709,21,Male,South,Tier 3,Arts/Humanities,LLB,,6.14,Friends/Peers,1.3,8.0,5.2,7.6,,Technology,Self-employed/Freelance,Metro city,UI/UX Designer
INDYCC03710,24,Male,East,Tier 1,Science,B.Sc.,80.0,7.64,Passion/Interest,3.4,8.2,7.3,3.0,,Technology,Private sector,Metro city,Software Engineer
INDYCC03711,17,Male,North,Tier 2,Science,B.Tech/B.E.,49.4,5.02,Social Media,4.9,6.9,9.1,5.4,SQL,Government/Public Service,Higher studies,Metro city,Software Engineer
INDYCC03712,24,Male,Central,Tier 2,Science,B.Pharm,66.4,6.86,Passion/Interest,7.2,7.1,9.5,5.0,Python,Government/Public Service,Self-employed/Freelance,Remote/Hybrid,Software Engineer
INDYCC03713,22,Male,West,Tier 2,Commerce,B.Com,57.4,5.74,Parents,4.6,7.6,7.7,8.7,,Government/Public Service,Private sector,Hometown,Government Officer
INDYCC03714,24,Female,Northeast,Tier 1,Science,B.Tech/B.E.,45.0,5.0,Passion/Interest,5.5,5.3,8.2,5.3,,Marketing,Private sector,Hometown,Data Scientist
INDYCC03715,18,Male,Central,Tier 3,Science,B.Tech/B.E.,62.7,6.64,Passion/Interest,6.9,7.8,6.9,8.0,C++,Healthcare,Government sector,Metro city,Healthcare Professional
INDYCC03716,23,Male,West,Tier 2,Science,MBBS/Health Sciences,73.4,6.98,Passion/Interest,6.2,6.1,6.7,6.0,"Python, SQL",Technology,Self-employed/Freelance,Hometown,Software Engineer
INDYCC03717,18,Male,Central,Tier 3,Arts/Humanities,BBA,98.0,9.75,Parents,4.2,7.3,8.3,5.6,,Business & Finance,Government sector,Metro city,Digital Marketer
INDYCC03718,17,Male,North,Tier 2,Commerce,CA/Professional Course,55.6,5.42,Parents,4.4,8.3,6.5,5.2,,Design & Media,Higher studies,Metro city,UI/UX Designer
INDYCC03719,23,Male,West,Tier 1,Science,B.Sc.,71.4,7.12,Passion/Interest,5.1,6.1,7.3,6.0,,Marketing,Private sector,Hometown,Software Engineer
INDYCC03720,24,Male,Northeast,Tier 1,Science,B.Tech/B.E.,83.6,8.3,Passion/Interest,3.8,2.3,6.7,9.9,Python,Healthcare,Higher studies,Any city in India,Healthcare Professional
INDYCC03721,23,Male,West,Tier 1,Science,MBBS/Health Sciences,88.4,8.54,Salary/Package,6.1,6.1,10.0,4.8,JavaScript,Marketing,Private sector,Hometown,Software Engineer
INDYCC03722,21,Male,North,Tier 2,Science,MBBS/Health Sciences,69.4,6.72,Social Media,3.7,8.2,4.8,5.2,Python,Healthcare,Government sector,Hometown,Researcher/Academician
INDYCC03723,19,Male,South,Tier 3,Commerce,CA/Professional Course,67.9,6.79,Salary/Package,2.4,6.3,8.6,7.7,SQL,Healthcare,Private sector,Any city in India,Product Manager
INDYCC03724,18,Non-binary/Prefer not to say,North,Tier 2,Science,B.Tech/B.E.,66.8,6.27,Parents,6.6,4.9,8.9,8.1,C++,Government/Public Service,Private sector,Metro city,Government Officer
INDYCC03725,21,Female,North,Tier 3,Commerce,B.Com,73.7,7.38,Salary/Package,4.0,4.5,5.4,7.0,,Business & Finance,Private sector,Remote/Hybrid,Financial Analyst
INDYCC03726,23,Female,South,Tier 2,Commerce,BCA,75.1,7.25,Social Media,3.8,7.1,6.6,5.0,,Technology,Higher studies,Hometown,Data Scientist
INDYCC03727,17,Female,North,Tier 1,Science,BCA,60.7,6.18,Friends/Peers,6.2,4.2,8.5,8.7,Java,Design & Media,Higher studies,Remote/Hybrid,UI/UX Designer
INDYCC03728,19,Female,South,Tier 3,Commerce,BBA,71.7,7.5,Passion/Interest,6.3,5.3,9.0,6.9,C++,Design & Media,Government sector,Hometown,Financial Analyst
INDYCC03729,23,Female,South,Tier 2,Commerce,CA/Professional Course,62.8,5.92,Social Media,3.9,3.7,7.4,3.3,Python,Technology,Private sector,Any city in India,Data Scientist
INDYCC03730,24,Female,North,Tier 2,Commerce,B.Com,61.3,5.78,Friends/Peers,5.6,6.5,6.6,5.4,SQL,Marketing,Self-employed/Freelance,Remote/Hybrid,Product Manager
INDYCC03731,24,Male,West,Tier 1,Commerce,CA/Professional Course,71.7,7.24,Parents,8.5,5.3,8.4,5.0,C++,Marketing,Private sector,Metro city,Financial Analyst
INDYCC03732,22,Female,North,Tier 1,Commerce,CA/Professional Course,91.9,9.06,Social Media,3.7,7.8,5.2,6.4,Python,Healthcare,Higher studies,Hometown,Healthcare Professional
INDYCC03733,24,Female,East,Tier 2,Science,MBBS/Health Sciences,68.1,6.38,Social Media,6.3,5.2,7.3,6.6,SQL,Healthcare,Government sector,Hometown,Healthcare Professional
INDYCC03734,24,Female,West,Tier 2,Science,B.Pharm,72.6,7.85,Parents,8.9,5.9,6.2,4.6,,Business & Finance,Private sector,Hometown,Software Engineer
INDYCC03735,22,Male,Central,Tier 1,Science,B.Pharm,67.8,7.11,Friends/Peers,8.0,4.0,8.4,5.2,SQL,Marketing,Private sector,Remote/Hybrid,Data Scientist
INDYCC03736,18,Female,North,Tier 1,Science,MBBS/Health Sciences,74.1,7.77,Parents,5.5,8.0,6.9,5.8,Java,Research/Education,Private sector,Any city in India,Researcher/Academician
INDYCC03737,18,Male,West,Tier 1,Science,B.Pharm,71.6,7.36,Salary/Package,9.6,8.1,6.1,7.5,,Business & Finance,Private sector,Metro city,Software Engineer
INDYCC03738,23,Non-binary/Prefer not to say,South,Tier 2,Commerce,CA/Professional Course,80.7,8.27,Salary/Package,6.8,6.7,6.1,4.8,Python,Marketing,Higher studies,Any city in India,Product Manager
INDYCC03739,19,Male,South,Tier 1,Commerce,BCA,74.4,7.87,Passion/Interest,7.1,6.8,7.3,4.2,Java,Government/Public Service,Private sector,Any city in India,Government Officer
INDYCC03740,18,Female,North,Tier 1,Science,B.Pharm,69.2,6.52,Passion/Interest,6.2,6.3,3.7,4.9,Java,Research/Education,Higher studies,Metro city,Data Scientist
INDYCC03741,17,Female,South,Tier 1,Science,BCA,87.5,8.58,Salary/Package,7.7,4.1,8.8,4.2,,Government/Public Service,Startup,Hometown,Government Officer
INDYCC03742,19,Female,West,Tier 1,Commerce,BMS,59.4,6.0,Friends/Peers,4.2,5.7,6.5,3.5,Python,Healthcare,Private sector,Metro city,Healthcare Professional
INDYCC03743,23,Female,Central,Tier 2,Commerce,BCA,68.7,7.06,Parents,4.3,7.0,5.7,5.8,SQL,Research/Education,Startup,Any city in India,Researcher/Academician
INDYCC03744,21,Male,North,Tier 1,Commerce,BMS,62.8,6.19,Salary/Package,2.1,9.3,6.3,7.1,SQL,Technology,Startup,Metro city,Product Manager
INDYCC03745,19,Male,Central,Tier 2,Arts/Humanities,B.A.,85.7,8.75,Salary/Package,4.1,9.2,8.3,5.1,,Design & Media,Private sector,Metro city,Government Officer
INDYCC03746,19,Female,South,Tier 1,Science,B.Tech/B.E.,90.3,9.06,Salary/Package,4.6,6.8,8.0,4.0,SQL,Business & Finance,Higher studies,Any city in India,Product Manager
INDYCC03747,19,Female,East,Tier 2,Science,MBBS/Health Sciences,81.1,7.86,Social Media,4.0,6.9,5.4,5.6,SQL,Business & Finance,Higher studies,Metro city,Software Engineer
INDYCC03748,19,Male,South,Tier 1,Science,MBBS/Health Sciences,88.7,8.97,Social Media,4.8,5.4,7.9,4.8,Python,Design & Media,Startup,Hometown,Software Engineer
INDYCC03749,18,Male,Central,Tier 1,Science,B.Tech/B.E.,98.0,9.74,Friends/Peers,7.4,7.2,7.1,8.3,JavaScript,Technology,Private sector,Metro city,Software Engineer
INDYCC03750,19,Male,West,Tier 2,Commerce,B.Com,79.0,8.1,Passion/Interest,6.7,6.9,8.4,3.7,,Business & Finance,Private sector,Remote/Hybrid,Product Manager
INDYCC03751,18,Male,South,Tier 2,Science,B.Tech/B.E.,73.3,7.06,Parents,6.9,7.2,6.4,2.6,Java,Marketing,Private sector,Metro city,Researcher/Academician
INDYCC03752,19,Male,Central,Tier 1,Arts/Humanities,BJMC/Media,50.6,5.26,Social Media,5.3,6.3,4.6,7.5,JavaScript,Research/Education,Private sector,Hometown,Researcher/Academician
INDYCC03753,24,Female,North,Tier 3,Science,B.Pharm,67.6,6.84,Friends/Peers,6.5,4.7,8.5,7.9,Java,Healthcare,Private sector,Remote/Hybrid,Healthcare Professional
INDYCC03754,19,Male,West,Tier 3,Science,B.Pharm,61.7,6.05,Social Media,5.3,4.4,5.9,3.3,SQL,Marketing,Higher studies,Metro city,Digital Marketer
INDYCC03755,22,Male,Central,Tier 3,Science,BCA,71.6,7.2,Social Media,10.0,6.3,6.7,5.5,SQL,Research/Education,Private sector,Any city in India,Data Scientist
INDYCC03756,19,Male,North,Tier 1,Science,BCA,70.6,7.06,Parents,3.9,6.8,6.7,6.4,,Technology,Self-employed/Freelance,Remote/Hybrid,Data Scientist
INDYCC03757,22,Male,South,Tier 3,Science,BCA,72.5,7.32,Parents,4.8,5.6,5.0,3.3,,Research/Education,Private sector,Remote/Hybrid,Researcher/Academician
INDYCC03758,23,Male,North,Tier 1,Arts/Humanities,BBA,68.6,6.72,Parents,2.2,7.6,8.0,5.3,Python,Marketing,Self-employed/Freelance,Any city in India,Healthcare Professional
INDYCC03759,18,Female,East,Tier 1,Arts/Humanities,BJMC/Media,76.0,7.12,Parents,2.2,8.6,7.1,6.7,Python,Research/Education,Higher studies,Metro city,Researcher/Academician
INDYCC03760,19,Male,Northeast,Tier 2,Arts/Humanities,BJMC/Media,76.0,7.45,Friends/Peers,3.1,5.5,6.6,9.1,Python,Marketing,Government sector,Metro city,UI/UX Designer
INDYCC03761,19,Non-binary/Prefer not to say,West,Tier 3,Science,B.Tech/B.E.,64.1,6.23,Parents,5.5,7.8,7.5,3.8,C++,Technology,Private sector,Hometown,Data Scientist
INDYCC03762,20,Male,South,Tier 1,Arts/Humanities,B.Des,90.4,9.14,Salary/Package,3.9,6.5,6.6,6.9,,Government/Public Service,Government sector,Hometown,UI/UX Designer
INDYCC03763,21,Male,West,Tier 1,Arts/Humanities,LLB,64.1,6.36,Friends/Peers,7.5,7.3,4.5,7.4,,Business & Finance,Government sector,Metro city,Digital Marketer
INDYCC03764,23,Female,Central,Tier 1,Arts/Humanities,B.Des,71.8,7.28,Friends/Peers,1.0,7.1,6.1,9.3,SQL,Technology,Private sector,Remote/Hybrid,Digital Marketer
INDYCC03765,20,Female,South,Tier 3,Commerce,BCA,62.0,6.69,Salary/Package,4.6,7.5,5.8,7.9,,Research/Education,Government sector,Metro city,Government Officer
INDYCC03766,22,Female,Central,Tier 2,Science,B.Sc.,76.2,7.56,Social Media,5.7,3.1,6.7,5.5,Java,Design & Media,Government sector,Remote/Hybrid,UI/UX Designer
INDYCC03767,24,Male,South,Tier 3,Science,MBBS/Health Sciences,74.4,7.14,Social Media,7.0,7.0,5.7,3.0,Python,Design & Media,Startup,Metro city,Digital Marketer
INDYCC03768,22,Male,West,Tier 2,Commerce,B.Com,55.1,5.41,Friends/Peers,1.1,4.5,6.3,4.5,Python,Business & Finance,Self-employed/Freelance,Remote/Hybrid,Product Manager
INDYCC03769,24,Female,Central,Tier 2,Arts/Humanities,LLB,69.2,6.75,Passion/Interest,3.8,8.1,6.9,5.1,Python,Technology,Higher studies,Metro city,UI/UX Designer
INDYCC03770,24,Male,East,Tier 2,Arts/Humanities,BJMC/Media,79.7,7.27,Social Media,3.4,7.1,3.9,3.7,Python,Healthcare,Private sector,Any city in India,Government Officer
INDYCC03771,20,Male,South,Tier 1,Commerce,BBA,77.6,7.47,Friends/Peers,5.7,7.9,6.7,4.6,"Python, SQL",Research/Education,Government sector,Any city in India,Researcher/Academician
INDYCC03772,23,Male,West,Tier 1,Science,B.Pharm,71.8,6.59,Parents,2.2,5.1,8.6,6.8,Python,Business & Finance,Private sector,Metro city,Data Scientist
INDYCC03773,19,Male,South,Tier 2,Science,B.Pharm,72.2,7.42,Salary/Package,6.7,8.1,5.7,3.9,"Python, SQL",Technology,Private sector,Any city in India,Data Scientist
INDYCC03774,21,Male,South,Tier 2,Science,B.Sc.,66.4,6.49,Passion/Interest,8.4,3.1,7.8,3.6,Python,Healthcare,Government sector,Any city in India,Healthcare Professional
INDYCC03775,22,Male,North,Tier 3,Commerce,B.Com,78.1,8.08,Parents,7.1,8.8,6.7,5.9,"Python, SQL",Business & Finance,Private sector,Hometown,Financial Analyst
INDYCC03776,22,Male,Central,Tier 3,Science,B.Tech/B.E.,61.9,6.18,Parents,6.3,7.5,8.0,5.8,"Python, SQL",Technology,Private sector,Remote/Hybrid,Software Engineer
INDYCC03777,22,Female,North,Tier 2,Commerce,BCA,77.8,7.62,Social Media,1.7,5.4,8.8,6.3,Python,Business & Finance,Startup,Remote/Hybrid,Financial Analyst
INDYCC03778,20,Non-binary/Prefer not to say,North,Tier 3,Science,B.Tech/B.E.,45.0,5.0,Passion/Interest,1.4,5.8,7.6,6.3,Python,Marketing,Private sector,Hometown,Software Engineer
INDYCC03779,22,Female,West,Tier 3,Science,B.Tech/B.E.,76.2,7.4,Passion/Interest,7.9,7.1,7.9,5.5,"Python, SQL",Business & Finance,Government sector,Metro city,Software Engineer
INDYCC03780,20,Male,West,Tier 2,Commerce,BMS,70.4,7.37,Passion/Interest,5.8,5.0,4.5,2.8,JavaScript,Marketing,Higher studies,Hometown,Product Manager
INDYCC03781,18,Male,East,Tier 2,Commerce,BBA,82.5,8.69,Parents,5.6,5.2,5.9,7.4,Python,Healthcare,Higher studies,Metro city,Healthcare Professional
INDYCC03782,24,Female,West,Tier 2,Commerce,CA/Professional Course,87.5,8.33,Parents,3.3,6.9,5.3,6.5,Python,Healthcare,Self-employed/Freelance,Metro city,Financial Analyst
INDYCC03783,23,Male,West,Tier 1,Science,B.Pharm,66.8,6.76,Parents,6.5,7.0,9.6,7.2,SQL,Design & Media,Private sector,Remote/Hybrid,Digital Marketer
INDYCC03784,23,Male,North,Tier 2,Science,BCA,93.4,9.05,Social Media,5.7,5.4,7.3,5.1,"Python, SQL",Research/Education,Private sector,Metro city,Researcher/Academician
INDYCC03785,18,Female,West,Tier 2,Arts/Humanities,B.Des,64.5,6.31,Parents,1.7,9.3,4.9,7.3,,Healthcare,Private sector,Any city in India,UI/UX Designer
INDYCC03786,18,Male,Northeast,Tier 2,Commerce,B.Com,80.6,8.15,Friends/Peers,5.3,8.2,6.2,6.7,,Technology,Government sector,Remote/Hybrid,Software Engineer
INDYCC03787,22,Male,West,Tier 2,Commerce,CA/Professional Course,55.0,5.23,Parents,8.4,5.8,6.0,6.5,Python,Healthcare,Government sector,Any city in India,Healthcare Professional
INDYCC03788,18,Female,East,Tier 3,Arts/Humanities,BBA,78.8,7.96,Passion/Interest,2.6,7.6,7.3,6.9,SQL,Business & Finance,Private sector,Hometown,UI/UX Designer
INDYCC03789,19,Male,East,Tier 3,Arts/Humanities,BBA,89.8,8.85,Passion/Interest,2.6,8.4,5.0,4.0,,Technology,Private sector,Remote/Hybrid,Data Scientist
INDYCC03790,19,Female,North,Tier 3,Science,B.Tech/B.E.,68.6,6.61,Friends/Peers,6.4,5.3,8.8,4.1,,Technology,Private sector,Remote/Hybrid,Data Scientist
INDYCC03791,21,Male,East,Tier 3,Science,B.Sc.,69.0,6.72,Friends/Peers,6.5,6.7,6.1,6.1,Python,Design & Media,Self-employed/Freelance,Remote/Hybrid,Software Engineer
INDYCC03792,21,Female,North,Tier 2,Commerce,BMS,81.7,8.16,Salary/Package,4.3,6.8,4.4,8.5,,Technology,Private sector,Any city in India,Government Officer
INDYCC03793,23,Female,East,Tier 2,Commerce,B.Com,72.9,7.25,Parents,6.2,7.4,7.0,5.3,SQL,Design & Media,Private sector,Remote/Hybrid,Product Manager
INDYCC03794,23,Male,Central,Tier 1,Science,BCA,70.2,7.37,Social Media,7.0,5.3,9.6,4.0,SQL,Business & Finance,Private sector,Remote/Hybrid,Digital Marketer
INDYCC03795,23,Female,West,Tier 3,Science,B.Sc.,69.3,7.18,Parents,7.6,4.6,7.7,6.5,C++,Technology,Government sector,Any city in India,Software Engineer
INDYCC03796,23,Male,North,Tier 2,Science,B.Sc.,79.4,8.23,Salary/Package,4.7,6.3,8.3,7.6,Python,Business & Finance,Self-employed/Freelance,Hometown,Financial Analyst
INDYCC03797,23,Female,Central,Tier 1,Commerce,BBA,75.0,6.9,Passion/Interest,4.2,5.5,7.1,8.5,SQL,Design & Media,Private sector,Metro city,Digital Marketer
INDYCC03798,18,Male,West,Tier 3,Commerce,B.Com,77.0,7.35,Friends/Peers,3.3,5.4,7.0,4.4,,Healthcare,Government sector,Metro city,Healthcare Professional
INDYCC03799,18,Female,North,Tier 1,Science,BCA,85.6,8.34,Parents,2.3,9.0,5.2,7.7,,Technology,Government sector,Metro city,Software Engineer
INDYCC03800,19,Female,East,Tier 3,Commerce,BMS,75.9,7.45,Parents,4.4,5.4,7.2,6.5,Python,Technology,Self-employed/Freelance,Hometown,Product Manager
INDYCC03801,24,Male,West,Tier 3,Commerce,BBA,71.9,7.25,Parents,6.1,5.9,8.1,5.7,Java,Technology,Government sector,Any city in India,Financial Analyst
INDYCC03802,22,Male,North,Tier 1,Science,B.Tech/B.E.,89.5,9.07,Passion/Interest,5.5,5.8,6.9,4.4,,Design & Media,Government sector,Any city in India,Digital Marketer
INDYCC03803,24,Male,West,Tier 2,Arts/Humanities,B.A.,77.7,8.03,Parents,4.5,7.8,7.8,7.7,Python,Business & Finance,Startup,Metro city,Digital Marketer
INDYCC03804,20,Male,North,Tier 1,Arts/Humanities,LLB,55.2,5.14,Friends/Peers,3.7,7.7,7.1,7.7,Python,Design & Media,Higher studies,Metro city,Government Officer
INDYCC03805,19,Male,Central,Tier 3,Arts/Humanities,B.A.,69.2,7.29,Social Media,1.0,8.0,6.2,4.8,,Research/Education,Private sector,Metro city,UI/UX Designer
INDYCC03806,22,Male,North,Tier 1,Science,B.Tech/B.E.,46.1,5.22,Parents,4.5,6.9,10.0,4.1,,Healthcare,Private sector,Remote/Hybrid,Healthcare Professional
INDYCC03807,17,Male,South,Tier 3,Arts/Humanities,B.Des,83.0,8.52,Parents,2.1,5.4,7.1,6.9,Python,Business & Finance,Startup,Hometown,UI/UX Designer
INDYCC03808,18,Male,South,Tier 3,Science,B.Tech/B.E.,74.6,7.5,Social Media,6.0,6.2,7.2,6.0,SQL,Government/Public Service,Startup,Metro city,Government Officer
INDYCC03809,17,Female,South,Tier 1,Commerce,BCA,92.3,9.44,Parents,2.9,7.2,5.6,6.9,SQL,Business & Finance,Self-employed/Freelance,Metro city,Financial Analyst
INDYCC03810,22,Male,North,Tier 1,Science,B.Pharm,63.3,6.23,Social Media,6.4,5.5,7.2,1.6,Java,Technology,Startup,Hometown,Software Engineer
INDYCC03811,19,Male,East,Tier 1,Commerce,CA/Professional Course,72.9,7.23,Passion/Interest,4.8,6.7,7.2,4.7,Python,Technology,Higher studies,Hometown,Product Manager
INDYCC03812,20,Female,Northeast,Tier 3,Science,B.Tech/B.E.,59.2,5.96,Social Media,7.6,7.4,7.4,6.8,Java,Research/Education,Higher studies,Remote/Hybrid,Data Scientist
INDYCC03813,21,Male,North,Tier 3,Arts/Humanities,BBA,78.4,7.54,Salary/Package,6.6,7.7,6.0,8.6,SQL,Technology,Private sector,Hometown,Software Engineer
INDYCC03814,21,Female,Central,Tier 1,Science,B.Pharm,66.8,7.18,Parents,5.0,10.0,6.1,7.1,,Marketing,Government sector,Remote/Hybrid,Data Scientist
INDYCC03815,21,Male,Central,Tier 1,Science,B.Tech/B.E.,77.4,8.04,Parents,6.8,5.1,8.1,6.6,"Python, SQL",Business & Finance,Government sector,Remote/Hybrid,Data Scientist
INDYCC03816,21,Female,South,Tier 3,Science,MBBS/Health Sciences,77.7,7.76,Friends/Peers,7.2,3.3,7.3,4.8,C++,Technology,Government sector,Metro city,Data Scientist
INDYCC03817,19,Female,South,Tier 2,Science,B.Pharm,66.9,6.81,Parents,7.6,5.4,7.6,3.6,C++,Marketing,Private sector,Any city in India,Product Manager
INDYCC03818,24,Female,South,Tier 3,Arts/Humanities,BBA,84.7,8.5,Social Media,2.9,6.5,7.4,6.6,SQL,Healthcare,Self-employed/Freelance,Any city in India,Healthcare Professional
INDYCC03819,24,Female,West,Tier 2,Science,MBBS/Health Sciences,76.1,7.73,Parents,3.7,6.2,8.5,5.3,,Government/Public Service,Startup,Remote/Hybrid,Software Engineer
INDYCC03820,20,Female,West,Tier 2,Arts/Humanities,BBA,91.4,9.38,Parents,5.1,5.4,7.1,7.9,SQL,Technology,Self-employed/Freelance,Any city in India,Digital Marketer
INDYCC03821,17,Female,North,Tier 1,Commerce,CA/Professional Course,98.0,9.62,,6.6,6.5,6.9,7.0,JavaScript,Business & Finance,Private sector,Metro city,Financial Analyst
INDYCC03822,17,Male,North,Tier 1,Science,B.Tech/B.E.,75.4,7.2,Salary/Package,9.6,7.1,7.1,7.7,Java,Government/Public Service,Private sector,Remote/Hybrid,Software Engineer
INDYCC03823,20,Male,West,Tier 2,Science,BCA,73.9,7.38,Salary/Package,9.1,6.7,5.8,3.8,JavaScript,Healthcare,Government sector,Metro city,Data Scientist
INDYCC03824,20,Male,West,Tier 3,Arts/Humanities,B.A.,74.1,7.2,Passion/Interest,6.0,6.9,5.1,5.6,C++,Research/Education,Private sector,Hometown,UI/UX Designer
INDYCC03825,20,Male,South,Tier 1,Science,MBBS/Health Sciences,82.6,8.29,Passion/Interest,9.2,7.3,8.4,6.6,C++,Business & Finance,Private sector,Remote/Hybrid,Financial Analyst
INDYCC03826,24,Female,West,Tier 3,Arts/Humanities,BBA,58.8,5.99,Parents,4.9,9.1,6.2,8.0,Python,Technology,Government sector,Metro city,Digital Marketer
INDYCC03827,24,Male,North,Tier 3,Science,BCA,67.5,6.48,Friends/Peers,4.0,4.9,7.5,4.9,SQL,Business & Finance,Startup,Any city in India,Financial Analyst
INDYCC03828,21,Male,West,Tier 1,Commerce,BMS,84.4,8.83,Salary/Package,6.9,7.4,8.3,2.7,SQL,Marketing,Higher studies,Remote/Hybrid,Product Manager
INDYCC03829,17,Female,South,Tier 2,Commerce,BMS,93.5,9.65,Salary/Package,5.7,7.2,6.7,5.0,Python,Technology,Government sector,Metro city,Product Manager
INDYCC03830,22,Female,East,Tier 2,Commerce,B.Com,72.0,7.32,Salary/Package,4.2,7.0,6.1,6.2,Python,Business & Finance,Private sector,Any city in India,Product Manager
INDYCC03831,22,Female,Northeast,Tier 3,Science,MBBS/Health Sciences,49.6,5.35,Parents,8.6,7.3,7.7,7.2,"Python, SQL",Research/Education,Startup,Hometown,Software Engineer
INDYCC03832,17,Female,East,Tier 1,Arts/Humanities,BJMC/Media,78.6,7.92,Friends/Peers,3.7,8.0,6.6,8.1,Python,Marketing,Private sector,Hometown,Digital Marketer
INDYCC03833,19,Male,South,Tier 1,Science,MBBS/Health Sciences,63.0,6.29,Social Media,4.4,7.2,6.0,4.3,,Design & Media,Private sector,Any city in India,Digital Marketer
INDYCC03834,19,Male,South,Tier 3,Science,B.Sc.,63.4,5.93,Social Media,1.9,4.8,7.0,5.8,Python,Healthcare,Private sector,Metro city,Software Engineer
INDYCC03835,21,Female,South,Tier 1,Science,B.Tech/B.E.,90.6,9.15,Salary/Package,5.7,3.3,6.9,6.9,SQL,Business & Finance,Private sector,Remote/Hybrid,Financial Analyst
INDYCC03836,19,Male,North,Tier 1,Science,B.Sc.,66.6,6.52,Social Media,10.0,6.4,5.3,4.2,,Business & Finance,Private sector,Any city in India,Product Manager
INDYCC03837,21,Female,East,Tier 2,Commerce,BBA,87.0,8.51,,8.4,4.3,7.2,7.8,Python,Business & Finance,Private sector,Hometown,Financial Analyst
INDYCC03838,24,Male,North,Tier 2,Arts/Humanities,BJMC/Media,75.0,7.64,Friends/Peers,3.2,8.2,9.0,3.9,Python,Marketing,Private sector,Metro city,Government Officer
INDYCC03839,20,Male,East,Tier 2,Commerce,BCA,78.8,7.76,Social Media,4.4,5.2,6.9,6.4,,Business & Finance,Private sector,Remote/Hybrid,Financial Analyst
INDYCC03840,17,Female,West,Tier 2,Science,BCA,73.2,7.77,Salary/Package,6.7,4.9,8.5,5.0,,Technology,Startup,Metro city,Software Engineer
INDYCC03841,22,Male,West,Tier 3,Commerce,B.Com,66.4,6.33,Friends/Peers,5.2,8.9,4.0,7.7,C++,Business & Finance,Private sector,Remote/Hybrid,Financial Analyst
INDYCC03842,23,Male,West,Tier 2,Arts/Humanities,BJMC/Media,,7.3,Passion/Interest,3.5,5.9,2.6,6.1,SQL,Technology,Government sector,Remote/Hybrid,Data Scientist
INDYCC03843,24,Male,South,Tier 2,Commerce,BBA,68.4,6.95,Parents,3.0,5.1,7.9,9.1,SQL,Technology,Government sector,Metro city,Product Manager
INDYCC03844,20,Male,Northeast,Tier 2,Commerce,CA/Professional Course,78.8,8.04,Salary/Package,6.1,4.8,3.9,6.6,,Marketing,Private sector,Remote/Hybrid,Product Manager
INDYCC03845,24,Female,North,Tier 2,Science,B.Pharm,82.1,8.23,Salary/Package,4.2,4.0,7.0,5.3,,Healthcare,Private sector,Remote/Hybrid,Healthcare Professional
INDYCC03846,20,Male,West,Tier 1,Science,MBBS/Health Sciences,74.1,6.91,Salary/Package,8.9,7.1,6.7,6.1,Java,Marketing,Government sector,Any city in India,Data Scientist
INDYCC03847,20,Male,South,Tier 1,Science,B.Tech/B.E.,60.2,5.9,Social Media,6.6,5.4,6.0,3.2,C++,Government/Public Service,Private sector,Any city in India,Government Officer
INDYCC03848,18,Female,West,Tier 2,Commerce,BBA,72.2,7.21,Passion/Interest,5.3,8.3,7.5,4.5,,Technology,Government sector,Metro city,Product Manager
INDYCC03849,17,Male,South,Tier 2,Commerce,CA/Professional Course,63.2,6.28,Passion/Interest,1.0,7.1,5.6,2.7,SQL,Marketing,Government sector,Remote/Hybrid,Government Officer
INDYCC03850,21,Female,East,Tier 2,Arts/Humanities,LLB,74.3,7.25,Parents,1.7,6.2,6.1,9.5,Python,Technology,Private sector,Hometown,UI/UX Designer
INDYCC03851,21,Male,North,Tier 2,Commerce,BCA,76.5,7.63,Social Media,4.2,2.8,5.7,7.8,Python,Design & Media,Private sector,Any city in India,Digital Marketer
INDYCC03852,24,Male,Northeast,Tier 2,Commerce,B.Com,72.0,7.42,Salary/Package,5.1,6.2,7.2,7.1,C++,Technology,Higher studies,Hometown,Product Manager
INDYCC03853,20,Male,South,Tier 2,Science,B.Pharm,79.7,7.91,Social Media,8.6,8.4,6.5,7.6,,Marketing,Startup,Any city in India,Software Engineer
INDYCC03854,22,Female,South,Tier 2,Science,B.Sc.,74.2,7.37,Parents,6.1,5.3,6.0,3.8,SQL,Marketing,Startup,Any city in India,Researcher/Academician
INDYCC03855,24,Male,South,Tier 2,Commerce,BCA,59.0,6.09,Parents,7.9,4.7,5.6,6.9,Java,Marketing,Private sector,Remote/Hybrid,Financial Analyst
INDYCC03856,18,Male,West,Tier 3,Science,MBBS/Health Sciences,85.0,8.12,Parents,5.7,5.9,7.0,4.2,"Python, SQL",Business & Finance,Private sector,Any city in India,Product Manager
INDYCC03857,18,Male,North,Tier 1,Commerce,CA/Professional Course,60.8,5.61,Passion/Interest,6.7,5.6,8.5,3.9,,Marketing,Private sector,Any city in India,Financial Analyst
INDYCC03858,20,Male,Central,Tier 3,Science,B.Pharm,57.6,5.35,Parents,4.0,4.6,8.8,5.0,SQL,Healthcare,Private sector,Metro city,Healthcare Professional
INDYCC03859,24,Female,East,Tier 2,Arts/Humanities,B.A.,77.1,7.85,Passion/Interest,6.4,4.2,1.8,8.6,"Python, SQL",Research/Education,Private sector,Hometown,Researcher/Academician
INDYCC03860,24,Male,Northeast,Tier 2,Arts/Humanities,B.Des,91.0,8.88,Salary/Package,2.5,9.0,5.3,5.8,,Technology,Private sector,Metro city,Software Engineer
INDYCC03861,22,Female,North,Tier 3,Arts/Humanities,B.A.,77.1,7.63,Parents,5.6,6.7,3.7,9.1,C++,Marketing,Government sector,Remote/Hybrid,UI/UX Designer
INDYCC03862,20,Male,West,Tier 1,Science,B.Tech/B.E.,72.6,7.43,Parents,5.2,8.3,7.0,4.1,,Technology,Private sector,Hometown,Software Engineer
INDYCC03863,21,Male,South,Tier 2,Commerce,BCA,62.3,6.31,Social Media,6.9,5.5,6.9,9.3,"Python, SQL",Marketing,Private sector,Remote/Hybrid,Financial Analyst
INDYCC03864,20,Male,West,Tier 2,Commerce,BBA,78.7,7.96,Salary/Package,3.8,5.5,5.9,1.7,Python,Marketing,Government sector,Metro city,Product Manager
INDYCC03865,21,Male,South,Tier 2,Arts/Humanities,LLB,63.6,6.09,Parents,1.8,6.0,7.9,7.2,SQL,Design & Media,Private sector,Hometown,Digital Marketer
INDYCC03866,23,Male,East,Tier 2,Arts/Humanities,B.Des,58.2,5.77,Friends/Peers,2.6,4.9,4.7,7.5,SQL,Government/Public Service,Higher studies,Metro city,UI/UX Designer
INDYCC03867,23,Male,North,Tier 1,Science,MBBS/Health Sciences,81.1,7.58,Parents,4.9,7.7,4.8,5.2,,Government/Public Service,Startup,Hometown,Government Officer
INDYCC03868,19,Male,South,Tier 1,Arts/Humanities,B.Des,66.1,6.83,Friends/Peers,4.5,6.4,6.3,3.5,SQL,Design & Media,Government sector,Metro city,UI/UX Designer
INDYCC03869,19,Female,East,Tier 2,Commerce,B.Com,59.6,5.99,Social Media,6.4,6.0,7.7,5.3,Java,Technology,Private sector,Remote/Hybrid,Product Manager
INDYCC03870,22,Female,Northeast,Tier 1,Science,B.Tech/B.E.,64.9,6.45,Parents,8.3,6.6,8.7,6.4,,Business & Finance,Private sector,Hometown,Financial Analyst
INDYCC03871,18,Female,Central,Tier 1,Science,B.Pharm,66.4,6.43,Friends/Peers,6.5,6.0,5.2,6.4,C++,Marketing,Startup,Metro city,Software Engineer
INDYCC03872,21,Female,Central,Tier 1,Science,BCA,78.6,8.33,Passion/Interest,7.2,3.9,5.6,5.7,Python,Design & Media,Private sector,Hometown,UI/UX Designer
INDYCC03873,20,Male,East,Tier 2,Arts/Humanities,B.A.,81.0,8.27,Social Media,1.3,5.8,7.0,4.5,,Technology,Self-employed/Freelance,Metro city,Software Engineer
INDYCC03874,18,Female,South,Tier 1,Science,B.Pharm,87.9,8.38,Parents,7.1,5.3,7.9,5.8,Java,Healthcare,Private sector,Remote/Hybrid,Healthcare Professional
INDYCC03875,22,Male,West,Tier 2,Science,BCA,60.3,5.93,Passion/Interest,6.2,5.3,7.6,4.5,Java,Healthcare,Private sector,Metro city,Healthcare Professional
INDYCC03876,19,Female,Central,Tier 2,Commerce,CA/Professional Course,93.8,9.2,Salary/Package,4.3,3.7,6.9,4.1,SQL,Business & Finance,Government sector,Metro city,Financial Analyst
INDYCC03877,17,Male,East,Tier 1,Commerce,BCA,66.0,6.57,Passion/Interest,7.5,9.0,5.5,5.7,"Python, SQL",Design & Media,Startup,Metro city,Financial Analyst
INDYCC03878,21,Female,Central,Tier 1,Science,B.Pharm,70.3,6.97,Parents,4.1,3.7,3.5,4.3,Python,Research/Education,Private sector,Metro city,Software Engineer
INDYCC03879,18,Male,East,Tier 1,Arts/Humanities,BBA,90.2,8.99,Passion/Interest,1.2,4.4,4.1,4.7,,Healthcare,Self-employed/Freelance,Metro city,Healthcare Professional
INDYCC03880,17,Female,South,Tier 1,Science,MBBS/Health Sciences,71.1,6.69,Social Media,8.6,5.2,4.7,4.0,Java,Design & Media,Government sector,Any city in India,Software Engineer
INDYCC03881,18,Male,North,Tier 2,Science,B.Tech/B.E.,85.1,8.19,Parents,10.0,5.9,5.3,7.0,JavaScript,Business & Finance,Higher studies,Any city in India,Data Scientist
INDYCC03882,20,Male,West,Tier 2,Science,MBBS/Health Sciences,61.4,6.24,Friends/Peers,6.6,5.4,7.2,5.1,Java,Technology,Private sector,Any city in India,Software Engineer
INDYCC03883,21,Female,Central,Tier 1,Science,MBBS/Health Sciences,73.4,7.22,Social Media,6.7,2.6,6.5,5.1,,Government/Public Service,Startup,Any city in India,Software Engineer
INDYCC03884,21,Male,North,Tier 1,Science,MBBS/Health Sciences,84.4,8.29,Friends/Peers,8.6,5.7,5.2,8.7,"Python, SQL",Healthcare,Private sector,Metro city,Software Engineer
INDYCC03885,17,Male,Central,Tier 2,Science,B.Pharm,60.6,6.01,Friends/Peers,9.4,5.7,6.1,5.8,JavaScript,Design & Media,Private sector,Any city in India,Data Scientist
INDYCC03886,20,Female,South,Tier 1,Commerce,BMS,85.1,8.66,Parents,7.2,4.0,6.7,4.8,,Marketing,Higher studies,Metro city,Financial Analyst
INDYCC03887,18,Male,Northeast,Tier 1,Science,B.Sc.,71.8,7.68,Social Media,9.1,3.0,7.3,3.4,SQL,Technology,Government sector,Hometown,Data Scientist
INDYCC03888,19,Female,Central,Tier 2,Science,BCA,66.5,6.88,Salary/Package,7.8,7.3,5.6,6.1,SQL,Design & Media,Private sector,Remote/Hybrid,Data Scientist
INDYCC03889,21,Female,North,Tier 3,Science,BCA,67.8,6.65,Salary/Package,4.5,7.3,8.5,5.5,,Business & Finance,Private sector,Metro city,Government Officer
INDYCC03890,23,Male,East,Tier 2,Science,B.Tech/B.E.,73.9,7.34,Salary/Package,7.2,6.0,6.4,6.9,Python,Technology,Private sector,Metro city,Software Engineer
INDYCC03891,19,Male,North,Tier 3,Arts/Humanities,BJMC/Media,75.4,7.6,Friends/Peers,4.9,7.3,6.6,6.6,,Government/Public Service,Government sector,Hometown,Government Officer
INDYCC03892,17,Male,Northeast,Tier 1,Science,BCA,45.0,5.0,Passion/Interest,6.8,6.4,8.0,5.2,Java,Healthcare,Startup,Remote/Hybrid,Healthcare Professional
INDYCC03893,19,Male,West,Tier 1,Commerce,BCA,62.9,6.52,Parents,1.4,7.6,6.1,7.8,Python,Design & Media,Private sector,Hometown,UI/UX Designer
INDYCC03894,17,Male,South,Tier 3,Arts/Humanities,LLB,67.2,6.38,Friends/Peers,1.0,9.2,6.2,7.0,SQL,Business & Finance,Government sector,Any city in India,Digital Marketer
INDYCC03895,24,Male,Northeast,Tier 2,Science,MBBS/Health Sciences,67.9,6.84,Parents,2.5,5.3,4.6,5.1,SQL,Government/Public Service,Private sector,Remote/Hybrid,Government Officer
INDYCC03896,17,Male,North,Tier 1,Commerce,B.Com,83.1,8.49,Salary/Package,7.8,3.7,7.8,6.6,,Research/Education,Government sector,Hometown,Researcher/Academician
INDYCC03897,22,Male,Central,Tier 3,Science,MBBS/Health Sciences,84.3,8.11,Social Media,5.2,6.2,8.4,4.8,JavaScript,Technology,Private sector,Hometown,Software Engineer
INDYCC03898,23,Male,Central,Tier 3,Commerce,BBA,61.2,6.0,Salary/Package,3.2,5.5,7.6,5.4,Python,Technology,Self-employed/Freelance,Remote/Hybrid,Financial Analyst
INDYCC03899,20,Female,East,Tier 2,Commerce,CA/Professional Course,81.2,7.89,Parents,4.5,10.0,4.8,6.8,Python,Healthcare,Private sector,Metro city,Product Manager
INDYCC03900,18,Male,North,Tier 3,Science,BCA,72.2,7.34,Salary/Package,2.7,7.0,8.0,5.0,Python,Government/Public Service,Government sector,Metro city,Government Officer
INDYCC03901,22,Female,South,Tier 1,Science,BCA,86.4,8.38,Salary/Package,9.8,5.3,9.9,5.9,Python,Design & Media,Private sector,Metro city,Data Scientist
INDYCC03902,21,Male,North,Tier 2,Science,B.Tech/B.E.,73.7,7.2,Passion/Interest,4.6,6.2,4.9,6.1,,Technology,Government sector,Metro city,Data Scientist
INDYCC03903,21,Male,South,Tier 1,Science,MBBS/Health Sciences,79.9,7.78,Social Media,6.7,6.1,8.5,7.1,"Python, SQL",Business & Finance,Government sector,Any city in India,Financial Analyst
INDYCC03904,22,Female,South,Tier 1,Arts/Humanities,BBA,57.0,5.74,Social Media,1.9,6.2,7.0,5.6,,Design & Media,Private sector,Metro city,Digital Marketer
INDYCC03905,20,Male,Central,Tier 3,Arts/Humanities,BJMC/Media,68.3,6.83,Passion/Interest,5.5,7.8,4.2,8.3,C++,Design & Media,Private sector,Metro city,Digital Marketer
INDYCC03906,21,Female,East,Tier 2,Commerce,BMS,71.7,6.68,Salary/Package,2.9,3.6,8.1,5.9,Python,Design & Media,Government sector,Metro city,UI/UX Designer
INDYCC03907,23,Female,South,Tier 2,Science,MBBS/Health Sciences,72.5,7.17,Friends/Peers,4.2,6.5,5.1,4.7,Python,Business & Finance,Higher studies,Metro city,Healthcare Professional
INDYCC03908,18,Male,North,Tier 1,Science,MBBS/Health Sciences,88.4,8.57,Passion/Interest,10.0,6.7,6.0,7.2,,Business & Finance,Private sector,Remote/Hybrid,Software Engineer
INDYCC03909,21,Female,West,Tier 3,Commerce,BCA,85.1,8.55,Salary/Package,4.9,5.5,8.3,5.2,,Technology,Government sector,Any city in India,Product Manager
INDYCC03910,23,Female,West,Tier 1,Science,BCA,51.7,5.0,Parents,5.7,3.5,9.4,5.1,Python,Research/Education,Startup,Metro city,Healthcare Professional
INDYCC03911,23,Male,Central,Tier 1,Commerce,CA/Professional Course,61.8,6.21,Social Media,4.1,3.8,4.9,5.8,SQL,Design & Media,Government sector,Hometown,Product Manager
INDYCC03912,18,Male,West,Tier 3,Commerce,BBA,97.1,9.78,Friends/Peers,3.7,4.7,4.8,8.9,Python,Marketing,Private sector,Hometown,Financial Analyst
INDYCC03913,18,Female,North,Tier 3,Science,MBBS/Health Sciences,91.0,9.44,Parents,5.2,5.2,7.3,7.8,,Healthcare,Private sector,Remote/Hybrid,Healthcare Professional
INDYCC03914,23,Male,North,Tier 2,Commerce,BBA,82.9,8.41,Passion/Interest,3.3,7.7,9.2,7.0,Python,Technology,Government sector,Metro city,Product Manager
INDYCC03915,19,Male,West,Tier 3,Science,BCA,63.4,6.5,Salary/Package,7.1,4.9,6.4,3.0,SQL,Government/Public Service,Private sector,Remote/Hybrid,Data Scientist
INDYCC03916,23,Male,West,Tier 2,Commerce,CA/Professional Course,90.9,8.96,Passion/Interest,5.0,2.6,6.9,7.1,"Python, SQL",Technology,Self-employed/Freelance,Metro city,Product Manager
INDYCC03917,18,Male,East,Tier 2,Arts/Humanities,LLB,84.2,8.59,Salary/Package,1.8,5.1,5.5,7.4,SQL,Business & Finance,Private sector,Metro city,Digital Marketer
INDYCC03918,23,Male,Northeast,Tier 2,Science,B.Tech/B.E.,66.3,6.63,Friends/Peers,5.8,5.7,6.4,7.2,"Python, SQL",Design & Media,Higher studies,Hometown,Digital Marketer
INDYCC03919,22,Male,Central,Tier 1,Science,B.Sc.,81.1,8.08,Social Media,4.9,6.1,8.2,3.0,SQL,Business & Finance,Private sector,Remote/Hybrid,Data Scientist
INDYCC03920,17,Male,North,Tier 2,Science,B.Pharm,69.3,7.23,Parents,4.3,7.3,6.8,6.5,Python,Technology,Private sector,Remote/Hybrid,Software Engineer
INDYCC03921,21,Male,East,Tier 2,Science,MBBS/Health Sciences,52.4,5.28,Parents,6.2,4.8,7.0,3.5,JavaScript,Design & Media,Self-employed/Freelance,Any city in India,Data Scientist
INDYCC03922,18,Male,North,Tier 2,Commerce,CA/Professional Course,,6.36,,2.5,6.6,7.3,6.3,Python,Design & Media,Self-employed/Freelance,Metro city,UI/UX Designer
INDYCC03923,21,Male,East,Tier 2,Arts/Humanities,BBA,69.9,6.67,Parents,1.0,8.2,4.1,9.5,,Technology,Private sector,Metro city,Digital Marketer
INDYCC03924,23,Female,Central,Tier 3,Science,B.Pharm,87.2,8.35,Parents,7.4,6.3,7.3,5.1,Python,Marketing,Private sector,Metro city,UI/UX Designer
INDYCC03925,18,Female,Northeast,Tier 1,Science,B.Sc.,79.3,8.07,Friends/Peers,10.0,4.6,4.7,5.9,Python,Research/Education,Private sector,Any city in India,Researcher/Academician
INDYCC03926,21,Male,West,Tier 2,Arts/Humanities,BBA,85.4,7.93,Salary/Package,4.0,8.9,2.7,8.7,Python,Business & Finance,Self-employed/Freelance,Hometown,Digital Marketer
INDYCC03927,18,Female,West,Tier 2,Commerce,BMS,86.9,9.29,Parents,5.4,7.7,8.5,7.0,,Technology,Private sector,Metro city,Product Manager
INDYCC03928,20,Male,East,Tier 2,Arts/Humanities,B.A.,72.1,7.33,Social Media,3.6,6.7,5.8,6.5,SQL,Marketing,Self-employed/Freelance,Metro city,UI/UX Designer
INDYCC03929,20,Male,West,Tier 3,Science,MBBS/Health Sciences,54.6,5.33,Social Media,2.5,6.6,7.6,3.9,SQL,Marketing,Private sector,Remote/Hybrid,Data Scientist
INDYCC03930,24,Female,North,Tier 3,Science,B.Pharm,72.9,7.45,Friends/Peers,9.6,6.2,5.5,6.1,Java,Healthcare,Higher studies,Remote/Hybrid,Healthcare Professional
INDYCC03931,23,Male,North,Tier 1,Science,BCA,67.1,6.65,Friends/Peers,8.1,6.7,7.9,7.4,,Government/Public Service,Government sector,Metro city,Government Officer
INDYCC03932,22,Female,North,Tier 1,Commerce,BMS,73.7,,Social Media,8.2,6.2,3.5,4.3,SQL,Marketing,Self-employed/Freelance,Any city in India,Healthcare Professional
INDYCC03933,18,Female,Central,Tier 2,Science,B.Sc.,51.9,5.58,Salary/Package,6.4,7.3,6.4,7.1,"Python, SQL",Design & Media,Higher studies,Hometown,Digital Marketer
INDYCC03934,20,Male,West,Tier 1,Arts/Humanities,LLB,75.4,7.69,Salary/Package,1.0,5.4,4.2,8.1,SQL,Research/Education,Government sector,Any city in India,UI/UX Designer
INDYCC03935,17,Non-binary/Prefer not to say,North,Tier 2,Science,B.Sc.,73.3,7.17,Friends/Peers,10.0,6.3,7.7,5.6,SQL,Business & Finance,Private sector,Remote/Hybrid,Software Engineer
INDYCC03936,17,Female,Central,Tier 3,Science,MBBS/Health Sciences,84.3,8.51,Passion/Interest,7.0,4.0,7.7,5.4,,Design & Media,Higher studies,Remote/Hybrid,UI/UX Designer
INDYCC03937,23,Male,Central,Tier 1,Science,B.Sc.,75.7,7.41,Salary/Package,5.7,7.5,5.8,4.2,JavaScript,Business & Finance,Private sector,Hometown,Software Engineer
INDYCC03938,23,Male,North,Tier 1,Science,MBBS/Health Sciences,57.5,5.82,Parents,6.0,5.1,7.5,6.0,Python,Technology,Private sector,Any city in India,Data Scientist
INDYCC03939,21,Non-binary/Prefer not to say,South,Tier 3,Science,B.Tech/B.E.,48.6,5.0,Parents,4.0,7.3,5.4,5.0,,Technology,Startup,Metro city,Software Engineer
INDYCC03940,18,Male,West,Tier 1,Commerce,B.Com,54.5,5.45,Friends/Peers,6.6,4.2,6.7,8.4,SQL,Marketing,Private sector,Metro city,Product Manager
INDYCC03941,20,Female,Northeast,Tier 3,Commerce,BMS,68.1,7.09,Parents,5.7,5.3,3.5,5.2,SQL,Research/Education,Higher studies,Any city in India,Product Manager
INDYCC03942,18,Female,South,Tier 2,Science,B.Pharm,64.6,6.6,Salary/Package,4.8,9.1,5.5,3.3,Python,Research/Education,Higher studies,Hometown,Researcher/Academician
INDYCC03943,17,Female,South,Tier 1,Arts/Humanities,B.Des,79.1,7.67,Salary/Package,1.4,6.6,4.6,5.9,,Technology,Startup,Any city in India,Data Scientist
INDYCC03944,24,Male,South,Tier 2,Commerce,CA/Professional Course,70.5,6.81,Parents,7.9,6.7,7.4,2.5,Python,Technology,Government sector,Metro city,Data Scientist
INDYCC03945,23,Female,South,Tier 3,Science,B.Pharm,61.2,6.45,Friends/Peers,9.0,5.1,6.6,4.1,SQL,Research/Education,Higher studies,Any city in India,Data Scientist
INDYCC03946,23,Female,East,Tier 2,Arts/Humanities,BBA,79.4,8.38,Parents,2.8,6.5,2.0,6.1,Python,Design & Media,Private sector,Remote/Hybrid,UI/UX Designer
INDYCC03947,19,Female,West,Tier 2,Science,B.Sc.,88.6,8.72,Passion/Interest,5.8,6.0,10.0,4.5,Java,Marketing,Private sector,Remote/Hybrid,Data Scientist
INDYCC03948,23,Male,West,Tier 3,Arts/Humanities,LLB,81.4,8.21,Passion/Interest,2.7,9.7,3.3,6.8,SQL,Design & Media,Private sector,Hometown,UI/UX Designer
INDYCC03949,21,Female,Central,Tier 3,Science,B.Sc.,71.7,7.02,Parents,7.3,5.5,7.4,4.1,SQL,Marketing,Self-employed/Freelance,Any city in India,Data Scientist
INDYCC03950,22,Male,South,Tier 1,Arts/Humanities,B.A.,71.8,7.11,Salary/Package,4.1,5.5,5.9,7.1,SQL,Technology,Higher studies,Remote/Hybrid,Software Engineer
INDYCC03951,18,Male,South,Tier 1,Science,MBBS/Health Sciences,78.4,7.48,Parents,5.4,8.1,6.4,3.0,JavaScript,Healthcare,Self-employed/Freelance,Any city in India,Healthcare Professional
INDYCC03952,21,Male,North,Tier 1,Science,B.Pharm,61.2,6.11,Social Media,6.2,5.0,4.6,3.4,Python,Marketing,Government sector,Metro city,Data Scientist
INDYCC03953,22,Male,East,Tier 3,Science,B.Tech/B.E.,75.7,7.58,Passion/Interest,8.0,3.5,10.0,3.3,Python,Technology,Private sector,Hometown,Data Scientist
INDYCC03954,23,Male,West,Tier 1,Science,B.Sc.,83.9,8.65,Social Media,6.3,6.3,5.8,5.7,JavaScript,Design & Media,Private sector,Remote/Hybrid,Software Engineer
INDYCC03955,24,Male,South,Tier 3,Arts/Humanities,B.A.,67.8,6.36,Friends/Peers,2.9,6.8,6.2,5.4,SQL,Research/Education,Private sector,Metro city,Researcher/Academician
INDYCC03956,23,Male,West,Tier 3,Commerce,B.Com,78.2,7.63,Friends/Peers,8.2,6.3,10.0,5.1,JavaScript,Research/Education,Private sector,Metro city,Financial Analyst
INDYCC03957,20,Female,South,Tier 2,Science,B.Pharm,78.3,7.85,Parents,8.6,4.4,7.4,3.6,"Python, SQL",Healthcare,Private sector,Any city in India,Software Engineer
INDYCC03958,22,Male,Central,Tier 1,Science,B.Pharm,70.2,7.35,Salary/Package,5.8,4.0,6.6,7.4,"Python, SQL",Marketing,Self-employed/Freelance,Any city in India,Software Engineer
INDYCC03959,24,Female,South,Tier 1,Arts/Humanities,BJMC/Media,69.6,6.98,Salary/Package,1.1,6.7,8.0,8.5,SQL,Healthcare,Private sector,Hometown,Digital Marketer
INDYCC03960,18,Female,East,Tier 2,Commerce,CA/Professional Course,65.1,6.27,Social Media,3.5,5.3,7.1,6.4,SQL,Technology,Self-employed/Freelance,Metro city,Data Scientist
INDYCC03961,18,Male,West,Tier 2,Commerce,BCA,69.8,7.18,Parents,7.4,8.4,6.6,6.2,,Technology,Higher studies,Metro city,Data Scientist
INDYCC03962,20,Male,South,Tier 2,Arts/Humanities,BBA,62.9,6.53,Parents,3.1,8.8,6.9,7.1,SQL,Technology,Startup,Hometown,Digital Marketer
INDYCC03963,24,Female,West,Tier 1,Arts/Humanities,B.A.,63.2,6.18,Passion/Interest,3.2,8.0,4.5,8.7,Python,Business & Finance,Higher studies,Metro city,Digital Marketer
INDYCC03964,24,Male,Northeast,Tier 1,Commerce,BBA,69.7,7.19,Parents,6.3,3.4,4.9,6.5,,Marketing,Government sector,Metro city,Product Manager
INDYCC03965,18,Male,South,Tier 1,Arts/Humanities,B.Des,59.9,6.22,Passion/Interest,2.8,7.3,5.5,5.8,Python,Technology,Private sector,Any city in India,Software Engineer
INDYCC03966,22,Female,West,Tier 1,Commerce,BBA,63.5,5.98,Friends/Peers,5.9,6.1,5.4,7.7,,Research/Education,Private sector,Metro city,Financial Analyst
INDYCC03967,18,Male,West,Tier 1,Commerce,BBA,94.7,9.61,Friends/Peers,6.1,8.3,8.5,2.3,"Python, SQL",Business & Finance,Startup,Metro city,Financial Analyst
INDYCC03968,17,Female,East,Tier 2,Science,BCA,66.1,6.39,Friends/Peers,8.3,5.2,10.0,3.8,,Technology,Higher studies,Any city in India,Data Scientist
INDYCC03969,18,Male,East,Tier 1,Science,B.Tech/B.E.,68.1,7.0,Social Media,8.9,4.5,9.2,4.3,SQL,Healthcare,Startup,Metro city,Data Scientist
INDYCC03970,18,Male,Central,Tier 1,Science,MBBS/Health Sciences,59.5,6.06,Salary/Package,2.0,7.2,6.1,7.8,,Marketing,Private sector,Metro city,Digital Marketer
INDYCC03971,18,Male,South,Tier 3,Arts/Humanities,LLB,67.6,6.92,Friends/Peers,3.3,6.1,7.7,6.0,,Research/Education,Higher studies,Remote/Hybrid,Researcher/Academician
INDYCC03972,19,Female,South,Tier 1,Science,B.Sc.,57.1,5.84,Parents,6.7,5.0,5.4,4.9,SQL,Technology,Self-employed/Freelance,Any city in India,Data Scientist
INDYCC03973,22,Male,Central,Tier 3,Commerce,BBA,67.0,6.48,Parents,6.2,5.1,9.6,5.6,Python,Healthcare,Higher studies,Any city in India,Healthcare Professional
INDYCC03974,21,Female,North,Tier 3,Arts/Humanities,BJMC/Media,77.2,7.59,Passion/Interest,4.6,9.0,5.2,5.5,Python,Business & Finance,Startup,Metro city,Digital Marketer
INDYCC03975,19,Female,West,Tier 2,Commerce,CA/Professional Course,61.1,6.4,Parents,1.0,2.2,4.1,6.5,,Technology,Startup,Remote/Hybrid,Product Manager
INDYCC03976,17,Male,South,Tier 2,Arts/Humanities,BJMC/Media,65.2,6.7,Social Media,1.5,5.9,4.8,6.6,,Technology,Private sector,Metro city,Software Engineer
INDYCC03977,23,Male,South,Tier 3,Arts/Humanities,LLB,84.0,8.21,Passion/Interest,5.1,10.0,5.9,8.7,Java,Design & Media,Startup,Hometown,UI/UX Designer
INDYCC03978,24,Male,East,Tier 3,Science,B.Tech/B.E.,51.4,5.39,Friends/Peers,5.3,6.8,8.4,6.4,Python,Technology,Government sector,Hometown,Software Engineer
INDYCC03979,17,Male,North,Tier 1,Commerce,BBA,69.4,7.0,Passion/Interest,5.9,7.4,7.2,7.7,SQL,Technology,Startup,Metro city,Product Manager
INDYCC03980,20,Female,South,Tier 1,Science,B.Tech/B.E.,74.4,7.07,Salary/Package,6.3,5.3,8.3,9.4,JavaScript,Business & Finance,Startup,Metro city,Financial Analyst
INDYCC03981,21,Female,East,Tier 3,Commerce,BBA,74.2,7.51,Passion/Interest,4.6,5.9,4.8,6.9,Python,Design & Media,Higher studies,Metro city,UI/UX Designer
INDYCC03982,19,Male,Central,Tier 2,Commerce,BBA,62.6,6.36,Parents,3.5,7.0,7.6,6.1,Python,Design & Media,Self-employed/Freelance,Metro city,Researcher/Academician
INDYCC03983,21,Female,South,Tier 3,Science,BCA,62.8,6.27,Salary/Package,8.5,9.0,5.4,1.8,Python,Technology,Startup,Remote/Hybrid,Data Scientist
INDYCC03984,18,Male,East,Tier 1,Arts/Humanities,BJMC/Media,60.9,5.95,Salary/Package,5.3,5.9,4.0,7.9,Python,Healthcare,Private sector,Metro city,Data Scientist
INDYCC03985,24,Male,Central,Tier 2,Commerce,BCA,54.3,5.06,Salary/Package,1.8,5.1,7.8,7.2,SQL,Government/Public Service,Private sector,Hometown,Financial Analyst
INDYCC03986,22,Male,East,Tier 1,Arts/Humanities,B.Des,69.0,6.96,Salary/Package,3.7,8.8,6.1,6.9,,Design & Media,Startup,Hometown,UI/UX Designer
INDYCC03987,21,Female,North,Tier 1,Science,BCA,75.1,7.72,Parents,8.8,3.0,6.9,6.6,JavaScript,Government/Public Service,Higher studies,Metro city,Government Officer
INDYCC03988,22,Female,West,Tier 3,Science,B.Sc.,65.7,6.07,Parents,6.2,3.9,6.7,7.4,Python,Healthcare,Private sector,Metro city,Healthcare Professional
INDYCC03989,17,Male,West,Tier 2,Science,B.Sc.,71.0,7.51,Parents,8.9,7.3,6.6,4.8,Python,Design & Media,Private sector,Any city in India,Software Engineer
INDYCC03990,18,Female,North,Tier 3,Science,B.Tech/B.E.,98.0,9.8,Passion/Interest,2.6,5.3,6.4,7.3,,Government/Public Service,Higher studies,Any city in India,Government Officer
INDYCC03991,23,Female,West,Tier 3,Science,BCA,68.9,6.8,Salary/Package,9.0,2.4,8.0,5.7,C++,Technology,Startup,Any city in India,Software Engineer
INDYCC03992,20,Male,East,Tier 3,Science,B.Tech/B.E.,78.2,7.95,Friends/Peers,5.3,6.8,6.2,4.7,C++,Business & Finance,Higher studies,Metro city,Government Officer
INDYCC03993,18,Male,Central,Tier 1,Science,B.Tech/B.E.,75.9,7.74,Parents,8.7,4.2,8.2,4.2,Python,Design & Media,Private sector,Metro city,Software Engineer
INDYCC03994,17,Male,South,Tier 3,Arts/Humanities,B.Des,75.4,7.72,Social Media,2.3,7.9,5.5,5.1,Python,Government/Public Service,Government sector,Hometown,Government Officer
INDYCC03995,22,Female,South,Tier 1,Commerce,BCA,55.7,5.48,Friends/Peers,3.9,7.7,5.0,4.4,Python,Government/Public Service,Self-employed/Freelance,Metro city,Government Officer
INDYCC03996,19,Male,East,Tier 2,Arts/Humanities,B.Des,69.0,6.93,Friends/Peers,2.1,8.3,5.8,7.3,Python,Design & Media,Higher studies,Remote/Hybrid,Digital Marketer
INDYCC03997,21,Male,Northeast,Tier 2,Science,MBBS/Health Sciences,82.6,8.37,Parents,6.3,7.3,8.2,3.0,JavaScript,Marketing,Private sector,Remote/Hybrid,Data Scientist
INDYCC03998,22,Female,West,Tier 1,Science,MBBS/Health Sciences,56.5,6.11,Social Media,8.3,7.9,8.7,4.9,"Python, SQL",Research/Education,Private sector,Remote/Hybrid,Software Engineer
INDYCC03999,17,Female,West,Tier 2,Arts/Humanities,B.Des,72.6,7.18,Salary/Package,4.6,4.6,5.9,8.9,Python,Healthcare,Startup,Metro city,UI/UX Designer
INDYCC04000,21,Male,Central,Tier 2,Arts/Humanities,BJMC/Media,50.1,5.17,Social Media,3.3,5.7,4.1,7.7,Python,Healthcare,Higher studies,Hometown,Healthcare Professional
INDYCC04001,17,Male,South,Tier 3,Arts/Humanities,BBA,81.6,7.89,Passion/Interest,8.1,5.7,4.3,8.6,C++,Healthcare,Government sector,Hometown,Healthcare Professional
INDYCC04002,22,Male,West,Tier 2,Arts/Humanities,B.A.,73.8,7.47,Salary/Package,4.6,9.4,5.0,5.1,,Healthcare,Startup,Hometown,Digital Marketer
INDYCC04003,19,Male,West,Tier 2,Science,MBBS/Health Sciences,61.7,6.12,Parents,7.3,5.2,6.4,5.7,Python,Design & Media,Startup,Any city in India,Researcher/Academician
INDYCC04004,17,Male,Central,Tier 3,Science,B.Tech/B.E.,67.7,6.61,Friends/Peers,9.7,5.6,3.8,4.7,SQL,Design & Media,Private sector,Any city in India,Data Scientist
INDYCC04005,24,Female,South,Tier 2,Commerce,BCA,65.9,6.75,Social Media,4.2,4.9,6.1,5.8,Python,Business & Finance,Private sector,Hometown,Financial Analyst
INDYCC04006,17,Male,West,Tier 1,Arts/Humanities,B.A.,58.3,5.72,Salary/Package,5.4,7.2,6.8,5.1,,Technology,Government sector,Any city in India,Software Engineer
INDYCC04007,22,Female,South,Tier 1,Science,B.Sc.,71.5,6.82,Salary/Package,8.7,5.4,9.1,7.4,Java,Healthcare,Self-employed/Freelance,Metro city,Software Engineer
INDYCC04008,23,Male,South,Tier 1,Arts/Humanities,BJMC/Media,98.0,9.67,Salary/Package,5.4,9.9,5.4,8.9,"Python, SQL",Technology,Higher studies,Hometown,Software Engineer
INDYCC04009,24,Male,South,Tier 3,Commerce,BMS,71.2,7.11,Parents,4.3,5.9,6.5,7.2,SQL,Business & Finance,Startup,Metro city,Financial Analyst
INDYCC04010,17,Male,Central,Tier 2,Science,BCA,69.0,6.93,Passion/Interest,5.9,6.0,7.5,5.9,Java,Technology,Private sector,Metro city,Software Engineer
INDYCC04011,17,Male,North,Tier 1,Science,B.Tech/B.E.,84.7,8.48,Passion/Interest,6.2,7.6,7.5,8.1,JavaScript,Marketing,Government sector,Metro city,Data Scientist
INDYCC04012,17,Male,Northeast,Tier 2,Commerce,BCA,74.8,7.39,Friends/Peers,1.7,7.6,6.8,6.1,SQL,Technology,Government sector,Metro city,Product Manager
INDYCC04013,22,Female,West,Tier 2,Commerce,BBA,76.7,7.62,Social Media,5.4,6.2,7.3,8.0,,Government/Public Service,Private sector,Remote/Hybrid,Government Officer
INDYCC04014,17,Female,North,Tier 1,Science,B.Tech/B.E.,63.7,6.51,Social Media,6.4,7.8,5.7,3.6,Python,Research/Education,Self-employed/Freelance,Any city in India,Software Engineer
INDYCC04015,24,Male,North,Tier 2,Commerce,CA/Professional Course,71.3,7.28,Salary/Package,7.9,6.9,9.4,6.1,Java,Business & Finance,Government sector,Any city in India,Product Manager
INDYCC04016,21,Non-binary/Prefer not to say,South,Tier 3,Commerce,BCA,73.7,7.48,Passion/Interest,1.2,6.5,4.2,8.1,,Design & Media,Government sector,Any city in India,Financial Analyst
INDYCC04017,18,Male,North,Tier 1,Science,B.Tech/B.E.,74.5,7.44,Parents,6.0,4.3,7.3,5.1,SQL,Design & Media,Startup,Any city in India,Data Scientist
INDYCC04018,17,Female,West,Tier 2,Arts/Humanities,LLB,53.0,5.14,Salary/Package,3.8,6.4,7.6,7.2,SQL,Research/Education,Government sector,Metro city,UI/UX Designer
INDYCC04019,17,Male,Central,Tier 2,Commerce,B.Com,74.0,7.22,Social Media,5.3,5.7,6.8,6.6,C++,Healthcare,Private sector,Any city in India,Healthcare Professional
INDYCC04020,18,Male,West,Tier 2,Science,BCA,85.3,8.5,Parents,6.1,6.2,6.3,3.0,SQL,Research/Education,Government sector,Metro city,Researcher/Academician
INDYCC04021,20,Female,West,Tier 3,Science,BCA,67.8,6.62,Passion/Interest,9.2,6.2,7.1,7.8,,Healthcare,Private sector,Remote/Hybrid,Healthcare Professional
INDYCC04022,18,Male,Northeast,Tier 3,Commerce,BCA,45.8,5.0,Social Media,3.8,5.7,5.9,5.6,,Research/Education,Government sector,Remote/Hybrid,Researcher/Academician
INDYCC04023,17,Female,West,Tier 2,Science,B.Sc.,59.4,5.62,Friends/Peers,5.7,8.8,5.1,7.3,,Technology,Startup,Any city in India,Software Engineer
INDYCC04024,19,Non-binary/Prefer not to say,West,Tier 2,Science,MBBS/Health Sciences,65.8,6.58,Social Media,6.7,7.2,8.6,5.0,Java,Design & Media,Higher studies,Metro city,Data Scientist
INDYCC04025,20,Male,Northeast,Tier 1,Arts/Humanities,B.A.,80.3,8.08,Salary/Package,6.0,7.0,5.2,6.7,Python,Technology,Government sector,Any city in India,Digital Marketer
INDYCC04026,21,Male,Central,Tier 1,Science,BCA,74.0,7.72,Salary/Package,8.1,5.0,8.2,5.1,JavaScript,Research/Education,Startup,Metro city,Researcher/Academician
INDYCC04027,20,Female,South,Tier 2,Arts/Humanities,BJMC/Media,53.0,5.47,Passion/Interest,3.0,8.4,3.2,9.2,SQL,Technology,Higher studies,Remote/Hybrid,UI/UX Designer
INDYCC04028,19,Female,Central,Tier 2,Arts/Humanities,BBA,67.1,6.85,Parents,4.3,6.1,5.2,7.0,,Business & Finance,Higher studies,Hometown,Digital Marketer
INDYCC04029,18,Female,South,Tier 2,Science,MBBS/Health Sciences,49.0,5.0,Passion/Interest,8.6,7.9,6.1,4.7,SQL,Business & Finance,Private sector,Any city in India,Data Scientist
INDYCC04030,20,Male,West,Tier 2,Science,BCA,68.5,6.96,Passion/Interest,2.9,5.4,7.3,6.1,,Technology,Government sector,Metro city,Software Engineer
INDYCC04031,22,Female,North,Tier 2,Science,B.Pharm,80.5,8.51,Salary/Package,5.9,5.5,4.7,5.6,JavaScript,Healthcare,Self-employed/Freelance,Metro city,Healthcare Professional
INDYCC04032,20,Male,East,Tier 1,Commerce,BMS,83.6,7.88,Salary/Package,1.9,7.3,6.6,5.0,SQL,Design & Media,Higher studies,Remote/Hybrid,Product Manager
INDYCC04033,24,Male,Central,Tier 2,Science,B.Tech/B.E.,74.3,7.26,Friends/Peers,4.8,6.3,6.0,5.2,,Healthcare,Government sector,Hometown,Healthcare Professional
INDYCC04034,24,Female,South,Tier 3,Arts/Humanities,LLB,77.4,7.88,Friends/Peers,2.1,9.3,6.0,7.4,SQL,Government/Public Service,Private sector,Any city in India,UI/UX Designer
INDYCC04035,21,Male,West,Tier 3,Science,BCA,79.2,7.74,Friends/Peers,8.4,3.6,4.9,2.8,JavaScript,Technology,Private sector,Any city in India,Data Scientist
INDYCC04036,20,Female,South,Tier 2,Science,BCA,63.6,6.49,Salary/Package,5.7,5.3,7.3,6.3,Java,Business & Finance,Private sector,Any city in India,Data Scientist
INDYCC04037,24,Male,Central,Tier 3,Science,B.Pharm,53.3,5.0,Salary/Package,5.0,6.7,6.7,1.8,Python,Research/Education,Government sector,Any city in India,Data Scientist
INDYCC04038,24,Male,West,Tier 2,Commerce,BCA,87.0,8.65,Passion/Interest,6.2,9.4,10.0,4.6,JavaScript,Marketing,Private sector,Metro city,Product Manager
INDYCC04039,19,Female,East,Tier 2,Commerce,BCA,61.0,5.92,Friends/Peers,1.0,6.6,8.0,6.6,,Business & Finance,Private sector,Hometown,Financial Analyst
INDYCC04040,19,Male,North,Tier 2,Science,B.Sc.,,7.73,Parents,7.1,7.2,8.4,6.0,C++,Research/Education,Startup,Hometown,Researcher/Academician
INDYCC04041,17,Female,North,Tier 2,Science,MBBS/Health Sciences,74.5,7.45,Social Media,6.0,6.4,7.2,3.7,Java,Healthcare,Higher studies,Any city in India,Healthcare Professional
INDYCC04042,22,Male,North,Tier 1,Science,MBBS/Health Sciences,77.6,7.8,Friends/Peers,9.0,6.3,7.0,9.5,Python,Design & Media,Government sector,Hometown,Healthcare Professional
INDYCC04043,23,Female,South,Tier 1,Science,B.Pharm,47.2,5.07,Social Media,6.1,6.7,5.0,6.0,C++,Technology,Private sector,Any city in India,Software Engineer
INDYCC04044,17,Male,South,Tier 2,Commerce,CA/Professional Course,76.5,8.02,Social Media,5.8,6.4,7.2,4.6,Java,Business & Finance,Self-employed/Freelance,Metro city,Product Manager
INDYCC04045,24,Female,North,Tier 2,Science,BCA,58.7,5.6,Parents,4.5,4.9,7.0,5.0,Python,Technology,Startup,Metro city,Software Engineer
INDYCC04046,23,Male,South,Tier 2,Science,B.Tech/B.E.,76.3,7.74,Parents,10.0,7.8,6.7,2.4,C++,Technology,Startup,Any city in India,Software Engineer
INDYCC04047,21,Male,South,Tier 2,Commerce,B.Com,66.2,6.87,Passion/Interest,5.1,7.9,7.1,1.8,JavaScript,Healthcare,Higher studies,Any city in India,Product Manager
INDYCC04048,17,Female,South,Tier 3,Science,MBBS/Health Sciences,68.8,7.12,Parents,7.7,5.1,5.9,4.5,Java,Design & Media,Private sector,Metro city,Data Scientist
INDYCC04049,24,Female,Northeast,Tier 1,Arts/Humanities,BBA,69.4,6.85,Passion/Interest,4.3,6.4,4.5,7.0,Python,Technology,Private sector,Remote/Hybrid,UI/UX Designer
INDYCC04050,23,Male,South,Tier 2,Science,B.Sc.,76.9,7.38,Social Media,6.3,6.5,7.8,6.4,,Business & Finance,Private sector,Metro city,Financial Analyst
INDYCC04051,19,Male,North,Tier 1,Science,B.Tech/B.E.,73.2,7.42,Friends/Peers,8.8,5.9,8.9,7.7,JavaScript,Design & Media,Higher studies,Hometown,Healthcare Professional
INDYCC04052,21,Male,Central,Tier 3,Arts/Humanities,LLB,52.5,5.61,Parents,1.8,7.0,3.8,8.0,Python,Technology,Private sector,Metro city,Digital Marketer
INDYCC04053,23,Male,West,Tier 1,Science,B.Sc.,66.1,6.04,Parents,4.2,4.3,6.7,6.3,Python,Technology,Private sector,Metro city,Software Engineer
INDYCC04054,17,Female,West,Tier 3,Science,B.Tech/B.E.,64.6,6.18,Parents,8.4,5.3,4.8,5.5,JavaScript,Technology,Private sector,Any city in India,Data Scientist
INDYCC04055,19,Female,North,Tier 1,Science,B.Tech/B.E.,51.8,5.01,Social Media,7.7,4.6,5.4,6.3,SQL,Technology,Private sector,Remote/Hybrid,Software Engineer
INDYCC04056,24,Male,South,Tier 1,Arts/Humanities,BBA,90.3,9.14,Salary/Package,3.1,6.2,4.7,6.6,SQL,Business & Finance,Government sector,Any city in India,Financial Analyst
INDYCC04057,23,Male,North,Tier 2,Commerce,BMS,80.4,8.61,Parents,5.7,6.3,6.6,4.5,SQL,Marketing,Government sector,Metro city,Financial Analyst
INDYCC04058,23,Female,West,Tier 2,Arts/Humanities,BJMC/Media,72.9,7.63,Salary/Package,1.1,7.2,6.5,8.0,Python,Business & Finance,Private sector,Metro city,Financial Analyst
INDYCC04059,17,Male,North,Tier 3,Commerce,B.Com,72.8,7.32,Passion/Interest,6.2,6.1,8.6,6.9,JavaScript,Research/Education,Higher studies,Remote/Hybrid,Financial Analyst
INDYCC04060,23,Male,Northeast,Tier 1,Science,B.Sc.,71.4,7.42,Parents,7.8,7.1,6.2,7.6,JavaScript,Technology,Startup,Metro city,Data Scientist
INDYCC04061,19,Female,Central,Tier 2,Arts/Humanities,BBA,69.4,6.85,Parents,4.5,5.9,6.9,6.9,SQL,Healthcare,Private sector,Any city in India,Healthcare Professional
INDYCC04062,22,Female,East,Tier 3,Commerce,BCA,72.5,,Parents,5.7,6.6,8.7,4.8,Python,Technology,Government sector,Metro city,Software Engineer
INDYCC04063,24,Female,West,Tier 1,Science,B.Tech/B.E.,62.0,6.49,Parents,5.9,5.6,7.7,7.1,C++,Healthcare,Private sector,Metro city,Healthcare Professional
INDYCC04064,21,Male,South,Tier 2,Science,B.Sc.,84.4,8.71,Parents,4.0,6.4,7.6,6.6,Python,Marketing,Private sector,Remote/Hybrid,Data Scientist
INDYCC04065,19,Female,South,Tier 2,Science,B.Pharm,65.7,6.49,Friends/Peers,4.0,5.4,7.4,5.7,,Business & Finance,Private sector,Hometown,Financial Analyst
INDYCC04066,21,Female,North,Tier 2,Science,MBBS/Health Sciences,60.5,6.23,Salary/Package,5.5,4.6,7.3,8.4,JavaScript,Technology,Government sector,Remote/Hybrid,Software Engineer
INDYCC04067,23,Male,West,Tier 3,Commerce,BMS,53.0,5.22,Friends/Peers,2.6,8.4,10.0,6.6,,Marketing,Government sector,Metro city,Product Manager
INDYCC04068,19,Female,North,Tier 2,Commerce,BMS,67.3,6.29,Friends/Peers,8.3,4.4,6.7,6.0,"Python, SQL",Design & Media,Government sector,Metro city,UI/UX Designer
INDYCC04069,24,Male,West,Tier 1,Commerce,BMS,79.0,7.78,Social Media,3.2,5.6,7.4,4.7,Python,Technology,Private sector,Metro city,Government Officer
INDYCC04070,17,Male,Northeast,Tier 2,Commerce,BCA,67.0,6.84,Parents,3.9,5.6,6.7,3.6,,Government/Public Service,Startup,Remote/Hybrid,Government Officer
INDYCC04071,21,Male,South,Tier 1,Science,B.Sc.,52.1,5.27,Passion/Interest,6.0,4.8,8.5,6.6,C++,Design & Media,Startup,Any city in India,Software Engineer
INDYCC04072,22,Male,East,Tier 1,Science,B.Sc.,93.9,9.23,Social Media,7.9,7.3,5.7,8.8,Python,Technology,Private sector,Remote/Hybrid,Software Engineer
INDYCC04073,23,Female,West,Tier 2,Science,B.Sc.,81.9,8.3,Salary/Package,6.2,5.5,7.7,5.9,"Python, SQL",Business & Finance,Private sector,Hometown,Financial Analyst
INDYCC04074,21,Female,West,Tier 2,Arts/Humanities,BJMC/Media,85.9,8.63,Passion/Interest,3.0,7.5,7.2,6.8,,Marketing,Higher studies,Any city in India,UI/UX Designer
INDYCC04075,19,Female,North,Tier 2,Commerce,B.Com,76.8,7.98,Social Media,3.8,7.8,5.8,4.5,SQL,Business & Finance,Private sector,Remote/Hybrid,Financial Analyst
INDYCC04076,18,Male,Northeast,Tier 1,Commerce,BBA,72.7,7.42,Parents,7.0,5.4,3.7,5.3,SQL,Design & Media,Government sector,Hometown,UI/UX Designer
INDYCC04077,18,Female,East,Tier 1,Science,MBBS/Health Sciences,81.0,7.97,Passion/Interest,6.3,5.2,5.6,3.4,"Python, SQL",Research/Education,Government sector,Hometown,Software Engineer
INDYCC04078,23,Female,West,Tier 2,Science,B.Pharm,47.6,5.09,Salary/Package,5.9,3.7,7.2,8.1,SQL,Business & Finance,Startup,Remote/Hybrid,Software Engineer
INDYCC04079,20,Female,Northeast,Tier 3,Commerce,CA/Professional Course,85.7,8.53,Passion/Interest,4.4,6.2,8.9,7.1,,Business & Finance,Self-employed/Freelance,Remote/Hybrid,Financial Analyst
INDYCC04080,18,Female,South,Tier 3,Commerce,BBA,63.9,6.29,Parents,3.7,6.5,6.1,2.2,SQL,Marketing,Startup,Metro city,Financial Analyst
INDYCC04081,24,Male,Central,Tier 2,Arts/Humanities,LLB,66.7,6.74,Friends/Peers,2.6,8.2,5.1,5.3,Python,Government/Public Service,Higher studies,Any city in India,Digital Marketer
INDYCC04082,22,Female,South,Tier 1,Science,B.Sc.,76.8,7.46,Passion/Interest,5.8,6.5,8.0,3.2,SQL,Healthcare,Startup,Hometown,Data Scientist
INDYCC04083,20,Male,West,Tier 3,Commerce,BCA,75.5,7.88,Passion/Interest,4.8,6.5,6.0,7.2,,Technology,Private sector,Metro city,Product Manager
INDYCC04084,22,Male,South,Tier 2,Arts/Humanities,B.Des,72.0,7.29,Social Media,5.0,6.7,6.2,6.0,"Python, SQL",Business & Finance,Higher studies,Metro city,UI/UX Designer
INDYCC04085,21,Female,East,Tier 3,Science,B.Pharm,64.2,6.48,Salary/Package,7.7,7.6,8.4,4.6,SQL,Research/Education,Private sector,Hometown,Software Engineer
INDYCC04086,17,Female,North,Tier 3,Science,B.Pharm,76.3,7.76,Passion/Interest,6.0,5.8,6.6,4.7,Python,Research/Education,Government sector,Metro city,Healthcare Professional
INDYCC04087,24,Female,North,Tier 2,Science,B.Sc.,80.0,7.94,Parents,7.2,3.5,6.5,7.2,Python,Technology,Private sector,Hometown,Software Engineer
INDYCC04088,17,Female,East,Tier 1,Commerce,BBA,67.0,6.78,Salary/Package,8.9,5.0,3.8,3.3,Java,Technology,Private sector,Hometown,Data Scientist
INDYCC04089,22,Male,East,Tier 2,Science,BCA,45.0,5.0,Parents,4.3,4.3,5.9,8.6,,Government/Public Service,Higher studies,Metro city,Data Scientist
INDYCC04090,21,Male,South,Tier 2,Commerce,BBA,64.3,6.14,Social Media,4.1,5.1,6.9,8.2,SQL,Technology,Self-employed/Freelance,Remote/Hybrid,Government Officer
INDYCC04091,21,Male,West,Tier 2,Science,BCA,47.5,5.0,Social Media,8.4,6.5,6.5,7.0,SQL,Business & Finance,Higher studies,Metro city,Digital Marketer
INDYCC04092,22,Male,Northeast,Tier 3,Commerce,CA/Professional Course,72.8,7.13,Social Media,4.8,6.6,7.6,4.9,,Technology,Private sector,Any city in India,Product Manager
INDYCC04093,19,Female,West,Tier 2,Science,B.Pharm,74.0,6.93,Parents,4.6,5.1,6.5,8.2,Python,Government/Public Service,Government sector,Any city in India,Software Engineer
INDYCC04094,20,Male,Northeast,Tier 1,Science,MBBS/Health Sciences,67.5,,Parents,3.8,5.4,5.8,5.0,SQL,Research/Education,Startup,Metro city,Data Scientist
INDYCC04095,21,Male,South,Tier 1,Arts/Humanities,B.A.,85.5,8.81,Parents,4.9,5.7,4.9,6.6,,Healthcare,Self-employed/Freelance,Metro city,Healthcare Professional
INDYCC04096,20,Male,South,Tier 1,Arts/Humanities,LLB,83.9,8.62,Friends/Peers,1.7,7.9,7.1,6.2,Python,Technology,Startup,Metro city,Product Manager
INDYCC04097,17,Female,South,Tier 2,Science,BCA,97.1,9.7,Social Media,7.5,5.1,7.3,5.4,"Python, SQL",Government/Public Service,Startup,Hometown,Government Officer
INDYCC04098,17,Male,East,Tier 2,Arts/Humanities,B.Des,70.8,7.12,Salary/Package,5.1,8.6,6.3,8.7,C++,Design & Media,Government sector,Metro city,UI/UX Designer
INDYCC04099,17,Male,North,Tier 1,Science,B.Pharm,57.8,5.73,Social Media,5.7,7.2,5.7,7.5,Java,Government/Public Service,Private sector,Remote/Hybrid,Government Officer
INDYCC04100,22,Male,West,Tier 1,Science,BCA,67.0,6.89,Passion/Interest,9.8,6.1,7.5,7.3,JavaScript,Business & Finance,Startup,Metro city,Software Engineer
INDYCC04101,23,Male,North,Tier 2,Commerce,BMS,66.0,6.27,Friends/Peers,4.2,4.6,8.1,5.8,Python,Business & Finance,Startup,Hometown,Financial Analyst
INDYCC04102,24,Female,West,Tier 3,Commerce,B.Com,84.0,9.04,Social Media,7.5,5.8,7.1,5.7,SQL,Government/Public Service,Government sector,Any city in India,Government Officer
INDYCC04103,20,Female,East,Tier 1,Commerce,CA/Professional Course,62.1,6.54,Parents,8.8,3.6,7.2,7.0,"Python, SQL",Marketing,Private sector,Any city in India,Financial Analyst
INDYCC04104,20,Male,South,Tier 2,Commerce,BBA,70.0,6.94,Parents,4.6,4.2,5.7,7.4,Python,Government/Public Service,Self-employed/Freelance,Metro city,Government Officer
INDYCC04105,17,Male,South,Tier 3,Science,B.Tech/B.E.,67.2,6.47,Social Media,8.3,9.1,7.5,2.8,JavaScript,Business & Finance,Self-employed/Freelance,Metro city,Software Engineer
INDYCC04106,21,Female,North,Tier 2,Commerce,BBA,75.2,7.48,Passion/Interest,6.2,6.3,5.6,4.7,Python,Research/Education,Private sector,Remote/Hybrid,Researcher/Academician
INDYCC04107,20,Female,South,Tier 1,Arts/Humanities,BJMC/Media,82.8,8.38,Friends/Peers,2.8,7.4,6.6,8.8,,Research/Education,Private sector,Any city in India,UI/UX Designer
INDYCC04108,20,Male,North,Tier 3,Science,BCA,70.0,6.72,Salary/Package,8.8,6.1,6.7,6.5,C++,Business & Finance,Private sector,Any city in India,Software Engineer
INDYCC04109,24,Female,Central,Tier 3,Science,B.Sc.,81.9,8.41,Parents,7.3,9.6,4.4,1.5,Java,Technology,Higher studies,Metro city,Data Scientist
INDYCC04110,17,Female,South,Tier 3,Science,BCA,70.5,7.22,Salary/Package,2.6,3.4,7.9,6.7,Python,Government/Public Service,Self-employed/Freelance,Metro city,Software Engineer
INDYCC04111,21,Male,Northeast,Tier 3,Science,B.Tech/B.E.,60.3,6.01,Passion/Interest,6.6,5.5,5.6,5.0,JavaScript,Technology,Private sector,Any city in India,Data Scientist
INDYCC04112,21,Male,West,Tier 2,Arts/Humanities,LLB,68.1,6.73,Salary/Package,3.9,3.8,5.5,10.0,Python,Government/Public Service,Higher studies,Remote/Hybrid,Government Officer
INDYCC04113,20,Female,North,Tier 2,Science,MBBS/Health Sciences,83.7,8.35,Passion/Interest,8.9,7.4,6.9,5.9,"Python, SQL",Healthcare,Self-employed/Freelance,Metro city,Healthcare Professional
INDYCC04114,18,Female,West,Tier 2,Science,B.Sc.,73.6,7.8,Parents,6.6,8.0,3.6,2.0,SQL,Technology,Government sector,Remote/Hybrid,Data Scientist
INDYCC04115,24,Female,North,Tier 3,Science,B.Pharm,77.3,7.56,Passion/Interest,5.7,7.5,8.2,3.0,Python,Business & Finance,Higher studies,Metro city,Software Engineer
INDYCC04116,19,Female,Northeast,Tier 3,Science,BCA,89.4,9.08,Passion/Interest,7.6,5.8,6.5,2.8,C++,Healthcare,Self-employed/Freelance,Remote/Hybrid,Data Scientist
INDYCC04117,18,Male,Northeast,Tier 2,Arts/Humanities,LLB,76.9,8.15,Parents,4.4,5.8,2.9,6.1,Python,Marketing,Government sector,Any city in India,Digital Marketer
INDYCC04118,21,Male,North,Tier 1,Science,B.Sc.,95.0,9.33,Passion/Interest,2.9,8.6,7.2,5.1,Python,Design & Media,Private sector,Hometown,Software Engineer
INDYCC04119,24,Female,North,Tier 1,Science,MBBS/Health Sciences,82.9,8.44,Passion/Interest,4.7,6.1,5.0,4.7,,Marketing,Private sector,Any city in India,Healthcare Professional
INDYCC04120,17,Female,West,Tier 2,Science,B.Tech/B.E.,65.6,6.71,Parents,6.2,4.6,7.3,6.3,Java,Design & Media,Government sector,Any city in India,UI/UX Designer
INDYCC04121,23,Female,South,Tier 2,Commerce,B.Com,66.4,6.87,Social Media,6.9,6.3,9.8,6.9,SQL,Business & Finance,Higher studies,Hometown,Financial Analyst
INDYCC04122,18,Female,West,Tier 2,Science,B.Sc.,75.4,7.46,Salary/Package,3.0,5.2,8.2,4.9,Python,Business & Finance,Government sector,Any city in India,Financial Analyst
INDYCC04123,22,Male,Central,Tier 2,Arts/Humanities,B.Des,67.9,7.24,Parents,3.7,7.9,6.5,7.5,Python,Marketing,Private sector,Hometown,Digital Marketer
INDYCC04124,21,Female,West,Tier 2,Arts/Humanities,BJMC/Media,67.8,7.29,Passion/Interest,4.6,7.2,7.5,5.9,Python,Technology,Self-employed/Freelance,Any city in India,Digital Marketer
INDYCC04125,17,Female,East,Tier 1,Arts/Humanities,B.A.,70.3,6.77,Friends/Peers,2.1,5.2,3.1,8.0,Python,Business & Finance,Higher studies,Hometown,Digital Marketer
INDYCC04126,18,Female,Northeast,Tier 1,Science,B.Pharm,55.8,5.85,Parents,5.4,6.3,9.2,6.8,C++,Business & Finance,Startup,Hometown,Financial Analyst
INDYCC04127,21,Female,East,Tier 3,Arts/Humanities,B.Des,72.6,7.38,Parents,4.4,5.4,2.6,5.4,SQL,Marketing,Self-employed/Freelance,Any city in India,UI/UX Designer
INDYCC04128,21,Female,Central,Tier 1,Arts/Humanities,LLB,89.8,9.01,Parents,4.1,5.7,4.8,5.8,,Business & Finance,Private sector,Remote/Hybrid,Digital Marketer
INDYCC04129,22,Male,South,Tier 1,Commerce,B.Com,87.7,8.58,Parents,4.3,7.4,9.3,4.5,,Healthcare,Private sector,Remote/Hybrid,Product Manager
INDYCC04130,22,Female,West,Tier 3,Science,B.Pharm,69.1,6.35,Parents,9.4,6.1,5.5,6.7,C++,Business & Finance,Higher studies,Metro city,Data Scientist
INDYCC04131,17,Male,East,Tier 1,Science,BCA,68.2,7.07,Social Media,9.5,6.5,6.4,6.9,,Business & Finance,Private sector,Remote/Hybrid,Financial Analyst
INDYCC04132,24,Female,East,Tier 2,Science,B.Tech/B.E.,64.2,6.63,Parents,8.4,6.2,8.3,7.4,SQL,Government/Public Service,Private sector,Metro city,Data Scientist
INDYCC04133,18,Female,West,Tier 3,Commerce,BCA,84.0,8.52,Social Media,6.8,3.8,6.3,6.0,Python,Business & Finance,Private sector,Metro city,Product Manager
INDYCC04134,24,Male,West,Tier 1,Science,MBBS/Health Sciences,79.0,7.86,Social Media,6.3,7.6,6.2,3.2,JavaScript,Business & Finance,Higher studies,Remote/Hybrid,Researcher/Academician
INDYCC04135,18,Male,West,Tier 3,Science,B.Tech/B.E.,80.3,,Salary/Package,6.2,5.2,8.4,5.9,"Python, SQL",Research/Education,Private sector,Any city in India,Software Engineer
INDYCC04136,21,Female,South,Tier 2,Science,B.Pharm,63.2,6.21,Parents,9.1,6.6,4.8,5.2,Python,Technology,Self-employed/Freelance,Metro city,Software Engineer
INDYCC04137,18,Female,South,Tier 2,Science,BCA,66.0,7.17,Passion/Interest,8.0,6.0,5.1,2.9,SQL,Marketing,Private sector,Hometown,Software Engineer
INDYCC04138,23,Female,Central,Tier 3,Commerce,CA/Professional Course,86.4,8.86,,5.4,5.1,8.9,5.5,C++,Healthcare,Private sector,Metro city,Healthcare Professional
INDYCC04139,18,Female,Northeast,Tier 1,Science,B.Sc.,52.0,,Social Media,5.8,6.3,5.6,5.1,C++,Business & Finance,Higher studies,Remote/Hybrid,Product Manager
INDYCC04140,18,Male,West,Tier 3,Arts/Humanities,BJMC/Media,71.1,6.9,Salary/Package,7.6,5.9,7.3,7.1,SQL,Government/Public Service,Higher studies,Any city in India,Digital Marketer
INDYCC04141,21,Male,North,Tier 2,Commerce,BCA,68.6,7.12,Passion/Interest,4.4,5.2,4.5,7.7,,Government/Public Service,Higher studies,Metro city,Government Officer
INDYCC04142,21,Female,South,Tier 2,Commerce,BMS,85.3,8.24,Parents,5.5,8.1,9.2,5.7,Java,Technology,Higher studies,Remote/Hybrid,Data Scientist
INDYCC04143,23,Male,Northeast,Tier 3,Arts/Humanities,LLB,45.2,5.0,Social Media,7.0,8.0,6.9,5.2,C++,Government/Public Service,Startup,Any city in India,Government Officer
INDYCC04144,18,Male,North,Tier 2,Arts/Humanities,B.A.,75.0,7.67,Social Media,1.0,5.1,6.6,4.9,Python,Technology,Government sector,Remote/Hybrid,Software Engineer
INDYCC04145,17,Male,Northeast,Tier 2,Commerce,BCA,71.5,6.83,Parents,2.4,6.3,6.4,4.4,,Business & Finance,Self-employed/Freelance,Any city in India,Product Manager
INDYCC04146,20,Female,East,Tier 2,Science,BCA,69.7,6.96,Passion/Interest,5.3,7.1,8.4,8.6,C++,Design & Media,Government sector,Remote/Hybrid,UI/UX Designer
INDYCC04147,20,Male,North,Tier 1,Commerce,BMS,59.5,5.77,Parents,5.4,5.4,7.4,4.6,,Business & Finance,Private sector,Metro city,Product Manager
INDYCC04148,24,Male,West,Tier 2,Arts/Humanities,B.A.,63.8,6.22,Parents,2.3,9.0,6.5,6.2,SQL,Marketing,Startup,Hometown,UI/UX Designer
INDYCC04149,17,Male,Northeast,Tier 3,Science,B.Sc.,75.9,7.69,Passion/Interest,7.4,5.9,3.0,4.9,C++,Design & Media,Private sector,Remote/Hybrid,Data Scientist
INDYCC04150,23,Female,North,Tier 2,Commerce,CA/Professional Course,81.0,8.66,Salary/Package,4.3,5.9,4.8,5.1,SQL,Business & Finance,Private sector,Metro city,Financial Analyst
INDYCC04151,23,Male,Central,Tier 1,Arts/Humanities,B.Des,67.9,6.75,Social Media,4.9,8.1,2.7,7.9,,Government/Public Service,Government sector,Remote/Hybrid,Government Officer
INDYCC04152,21,Male,North,Tier 2,Commerce,B.Com,68.7,7.08,Friends/Peers,4.9,6.3,8.8,5.9,Python,Design & Media,Private sector,Remote/Hybrid,Digital Marketer
INDYCC04153,19,Male,South,Tier 1,Science,B.Tech/B.E.,62.9,5.8,Passion/Interest,6.8,7.1,6.7,6.7,SQL,Design & Media,Private sector,Metro city,UI/UX Designer
INDYCC04154,18,Male,West,Tier 2,Science,B.Tech/B.E.,68.2,6.84,Salary/Package,6.8,3.9,6.2,5.0,JavaScript,Business & Finance,Self-employed/Freelance,Remote/Hybrid,Digital Marketer
INDYCC04155,17,Female,North,Tier 2,Commerce,BBA,76.6,7.94,Salary/Package,5.8,8.7,4.2,7.5,Java,Research/Education,Private sector,Hometown,Digital Marketer
INDYCC04156,24,Female,South,Tier 2,Commerce,BCA,74.2,8.04,Social Media,8.8,5.4,7.0,5.5,SQL,Technology,Private sector,Metro city,Data Scientist
INDYCC04157,24,Female,East,Tier 2,Science,B.Pharm,61.8,5.99,Friends/Peers,10.0,7.3,5.8,6.5,JavaScript,Business & Finance,Government sector,Remote/Hybrid,Software Engineer
INDYCC04158,21,Male,Central,Tier 2,Science,B.Pharm,70.1,7.15,Salary/Package,7.6,5.4,7.5,4.5,"Python, SQL",Business & Finance,Higher studies,Remote/Hybrid,Software Engineer
INDYCC04159,24,Male,South,Tier 3,Science,BCA,72.5,7.36,Parents,9.2,6.6,8.3,4.0,SQL,Business & Finance,Startup,Metro city,Financial Analyst
INDYCC04160,22,Male,West,Tier 3,Commerce,BBA,69.4,6.66,Passion/Interest,3.9,5.5,8.8,4.1,,Business & Finance,Government sector,Remote/Hybrid,Financial Analyst
INDYCC04161,20,Female,East,Tier 1,Arts/Humanities,LLB,77.3,7.93,Friends/Peers,7.7,3.7,5.5,5.3,Java,Business & Finance,Private sector,Metro city,Digital Marketer
INDYCC04162,20,Female,Northeast,Tier 2,Arts/Humanities,BBA,63.8,,Passion/Interest,5.3,5.9,4.5,7.9,Python,Technology,Higher studies,Remote/Hybrid,Product Manager
INDYCC04163,19,Female,West,Tier 3,Arts/Humanities,BBA,72.6,7.49,Parents,6.5,10.0,7.6,7.8,SQL,Design & Media,Private sector,Any city in India,UI/UX Designer
INDYCC04164,23,Male,East,Tier 1,Science,B.Tech/B.E.,82.0,8.01,Friends/Peers,7.2,8.4,8.2,5.1,SQL,Technology,Private sector,Hometown,Data Scientist
INDYCC04165,21,Female,Central,Tier 1,Science,BCA,75.2,7.94,Salary/Package,8.1,8.0,5.7,7.5,Java,Business & Finance,Private sector,Metro city,Data Scientist
INDYCC04166,18,Female,South,Tier 3,Commerce,BBA,80.5,8.15,Parents,1.2,5.7,9.2,4.4,SQL,Government/Public Service,Private sector,Metro city,Government Officer
INDYCC04167,18,Female,East,Tier 1,Science,B.Tech/B.E.,67.9,6.51,Friends/Peers,8.7,5.5,7.9,5.4,Python,Healthcare,Private sector,Hometown,Data Scientist
INDYCC04168,22,Male,Central,Tier 1,Commerce,BMS,98.0,9.8,Passion/Interest,3.6,7.1,6.3,7.9,SQL,Technology,Private sector,Remote/Hybrid,Product Manager
INDYCC04169,22,Male,North,Tier 3,Science,BCA,55.8,5.43,Passion/Interest,9.2,7.7,6.9,5.3,Python,Technology,Higher studies,Metro city,Data Scientist
INDYCC04170,18,Female,North,Tier 2,Science,BCA,77.9,7.66,Passion/Interest,7.5,4.8,7.8,4.9,Java,Research/Education,Self-employed/Freelance,Remote/Hybrid,Data Scientist
INDYCC04171,18,Female,North,Tier 3,Arts/Humanities,LLB,73.9,7.79,Parents,5.4,6.9,6.5,8.6,"Python, SQL",Design & Media,Government sector,Metro city,UI/UX Designer
INDYCC04172,17,Female,Central,Tier 2,Science,BCA,,,Parents,7.3,5.6,4.4,5.3,,Marketing,Higher studies,Any city in India,Software Engineer
INDYCC04173,22,Female,South,Tier 3,Arts/Humanities,B.A.,66.2,6.64,,2.2,7.0,5.6,9.1,SQL,Design & Media,Higher studies,Metro city,UI/UX Designer
INDYCC04174,19,Female,South,Tier 2,Arts/Humanities,LLB,66.9,6.92,Social Media,6.5,6.6,5.9,6.9,JavaScript,Healthcare,Private sector,Remote/Hybrid,Researcher/Academician
INDYCC04175,19,Female,Northeast,Tier 2,Science,BCA,63.3,6.13,Parents,3.7,6.1,6.0,4.7,,Design & Media,Private sector,Metro city,Data Scientist
INDYCC04176,22,Male,North,Tier 3,Commerce,BBA,78.5,7.9,Parents,6.5,4.7,4.7,4.9,"Python, SQL",Business & Finance,Private sector,Any city in India,Financial Analyst
INDYCC04177,24,Female,Northeast,Tier 3,Arts/Humanities,BBA,61.1,6.15,Salary/Package,1.0,7.5,6.9,8.9,,Healthcare,Startup,Hometown,Digital Marketer
INDYCC04178,17,Male,East,Tier 2,Science,B.Tech/B.E.,84.7,8.43,Passion/Interest,7.1,5.3,6.3,6.0,Python,Healthcare,Private sector,Metro city,Healthcare Professional
INDYCC04179,24,Female,North,Tier 2,Science,MBBS/Health Sciences,77.3,7.71,Friends/Peers,8.5,7.1,9.3,5.5,Python,Healthcare,Private sector,Metro city,Data Scientist
INDYCC04180,18,Female,North,Tier 2,Science,B.Pharm,52.8,5.14,Passion/Interest,9.5,5.9,9.6,6.3,,Technology,Private sector,Remote/Hybrid,Software Engineer
INDYCC04181,24,Female,Central,Tier 2,Commerce,BCA,48.3,5.0,Passion/Interest,3.1,3.8,8.0,5.5,Python,Government/Public Service,Self-employed/Freelance,Remote/Hybrid,Government Officer
INDYCC04182,19,Male,Central,Tier 2,Science,B.Pharm,63.1,5.91,Parents,5.7,7.2,7.4,4.1,JavaScript,Technology,Self-employed/Freelance,Remote/Hybrid,Software Engineer
INDYCC04183,17,Female,Central,Tier 2,Arts/Humanities,B.Des,77.4,7.7,Parents,7.2,5.2,3.1,4.6,C++,Healthcare,Startup,Any city in India,Healthcare Professional
INDYCC04184,17,Female,North,Tier 1,Arts/Humanities,B.Des,67.4,6.94,Friends/Peers,7.1,7.4,6.1,7.6,Python,Government/Public Service,Private sector,Remote/Hybrid,Government Officer
INDYCC04185,24,Female,Central,Tier 2,Science,B.Tech/B.E.,80.5,7.74,Salary/Package,5.0,5.4,7.3,3.5,Python,Business & Finance,Startup,Remote/Hybrid,Financial Analyst
INDYCC04186,18,Male,East,Tier 1,Commerce,BMS,68.8,6.69,Passion/Interest,3.2,6.6,7.6,6.0,Python,Business & Finance,Government sector,Any city in India,Financial Analyst
INDYCC04187,22,Female,East,Tier 3,Science,B.Tech/B.E.,53.1,5.27,Parents,5.5,8.3,8.5,5.1,"Python, SQL",Research/Education,Private sector,Any city in India,Software Engineer
INDYCC04188,20,Male,Central,Tier 2,Commerce,BMS,51.3,5.34,Salary/Package,5.8,5.3,9.2,8.0,Java,Research/Education,Private sector,Remote/Hybrid,Government Officer
INDYCC04189,22,Male,West,Tier 2,Commerce,CA/Professional Course,77.5,7.88,Social Media,7.8,6.8,7.3,6.4,,Design & Media,Government sector,Any city in India,UI/UX Designer
INDYCC04190,21,Male,South,Tier 2,Science,BCA,86.7,8.75,Passion/Interest,5.7,5.5,5.0,6.6,"Python, SQL",Technology,Government sector,Remote/Hybrid,Healthcare Professional
INDYCC04191,21,Male,North,Tier 3,Commerce,BMS,69.3,7.0,Parents,3.6,4.4,6.7,7.7,SQL,Technology,Self-employed/Freelance,Any city in India,Financial Analyst
INDYCC04192,22,Male,West,Tier 2,Arts/Humanities,B.A.,64.1,6.24,Friends/Peers,1.4,7.8,6.1,7.2,,Business & Finance,Private sector,Any city in India,UI/UX Designer
INDYCC04193,20,Female,North,Tier 2,Arts/Humanities,B.Des,79.8,,Social Media,1.0,6.3,4.2,6.7,SQL,Government/Public Service,Private sector,Metro city,Government Officer
INDYCC04194,24,Male,South,Tier 1,Commerce,CA/Professional Course,72.8,7.28,Social Media,4.5,6.6,4.6,6.6,,Business & Finance,Startup,Any city in India,Financial Analyst
INDYCC04195,17,Male,South,Tier 1,Arts/Humanities,BBA,83.5,7.93,Friends/Peers,4.1,7.1,3.5,7.0,Python,Technology,Government sector,Remote/Hybrid,UI/UX Designer
INDYCC04196,20,Male,North,Tier 1,Commerce,B.Com,73.8,7.48,Passion/Interest,7.6,6.4,9.0,9.1,"Python, SQL",Technology,Government sector,Any city in India,Product Manager
INDYCC04197,24,Male,South,Tier 1,Science,B.Tech/B.E.,67.4,6.83,Social Media,3.6,4.6,5.7,7.0,,Research/Education,Government sector,Remote/Hybrid,Researcher/Academician
INDYCC04198,20,Female,South,Tier 2,Commerce,B.Com,68.3,6.46,Salary/Package,3.3,6.2,8.3,4.8,SQL,Research/Education,Startup,Any city in India,Researcher/Academician
INDYCC04199,18,Male,West,Tier 3,Arts/Humanities,BBA,80.8,7.85,Salary/Package,4.3,5.0,8.2,5.5,,Marketing,Private sector,Hometown,UI/UX Designer
INDYCC04200,17,Male,West,Tier 3,Science,MBBS/Health Sciences,76.7,7.73,Salary/Package,2.6,4.6,7.2,6.3,,Research/Education,Startup,Remote/Hybrid,Researcher/Academician
INDYCC04201,21,Male,North,Tier 3,Science,BCA,79.0,7.78,Passion/Interest,6.4,9.3,7.8,4.7,Python,Government/Public Service,Private sector,Remote/Hybrid,Government Officer
INDYCC04202,24,Female,Central,Tier 3,Arts/Humanities,B.A.,80.0,8.05,Parents,6.9,8.0,5.8,4.7,Java,Marketing,Self-employed/Freelance,Any city in India,Researcher/Academician
INDYCC04203,22,Female,East,Tier 1,Science,B.Sc.,77.2,7.72,Friends/Peers,6.3,6.0,10.0,7.1,"Python, SQL",Research/Education,Self-employed/Freelance,Metro city,Government Officer
INDYCC04204,20,Female,North,Tier 2,Commerce,BBA,95.8,9.77,Parents,3.7,7.7,5.4,2.6,SQL,Technology,Private sector,Remote/Hybrid,Product Manager
INDYCC04205,17,Female,South,Tier 1,Science,B.Sc.,70.9,6.77,Salary/Package,3.6,4.6,8.4,1.4,,Technology,Higher studies,Metro city,Software Engineer
INDYCC04206,24,Female,South,Tier 1,Commerce,BMS,49.5,5.0,Passion/Interest,8.1,5.6,6.4,9.7,,Business & Finance,Government sector,Remote/Hybrid,Financial Analyst
INDYCC04207,21,Male,North,Tier 1,Science,MBBS/Health Sciences,56.9,6.03,Parents,2.9,4.8,8.9,6.5,Python,Government/Public Service,Private sector,Remote/Hybrid,Government Officer
INDYCC04208,21,Male,East,Tier 2,Science,B.Sc.,70.8,7.27,Salary/Package,6.5,6.0,8.1,6.3,Python,Business & Finance,Private sector,Metro city,Data Scientist
INDYCC04209,17,Male,West,Tier 1,Commerce,BCA,77.6,7.67,Passion/Interest,1.7,7.6,7.1,6.6,SQL,Business & Finance,Private sector,Hometown,Financial Analyst
INDYCC04210,24,Female,West,Tier 2,Commerce,BBA,77.5,7.52,Passion/Interest,4.5,5.1,6.5,3.4,Python,Technology,Startup,Metro city,Product Manager
INDYCC04211,23,Male,Northeast,Tier 2,Commerce,BBA,67.7,6.13,Friends/Peers,5.1,5.5,7.4,7.0,SQL,Government/Public Service,Government sector,Any city in India,Government Officer
INDYCC04212,23,Non-binary/Prefer not to say,South,Tier 1,Science,B.Pharm,81.7,8.13,Parents,4.9,6.4,6.6,6.9,SQL,Marketing,Higher studies,Metro city,Software Engineer
INDYCC04213,20,Female,South,Tier 1,Commerce,BBA,61.8,6.37,Friends/Peers,9.0,6.8,3.5,9.2,,Technology,Private sector,Metro city,Data Scientist
INDYCC04214,22,Female,South,Tier 2,Science,B.Pharm,63.5,6.15,Parents,5.2,6.9,8.4,3.0,JavaScript,Marketing,Government sector,Remote/Hybrid,Software Engineer
INDYCC04215,17,Female,West,Tier 1,Commerce,BBA,73.7,7.61,Passion/Interest,5.2,8.1,4.8,4.9,Java,Research/Education,Higher studies,Any city in India,Researcher/Academician
INDYCC04216,22,Female,Central,Tier 3,Science,B.Tech/B.E.,79.0,7.9,Salary/Package,3.3,3.3,6.7,6.6,,Business & Finance,Government sector,Remote/Hybrid,UI/UX Designer
INDYCC04217,19,Male,West,Tier 1,Commerce,B.Com,74.0,7.56,Friends/Peers,8.0,6.6,6.6,2.4,,Healthcare,Government sector,Any city in India,Product Manager
INDYCC04218,17,Male,North,Tier 1,Science,MBBS/Health Sciences,66.3,6.58,Passion/Interest,2.8,5.7,6.7,6.9,,Government/Public Service,Private sector,Metro city,Government Officer
INDYCC04219,22,Male,West,Tier 1,Commerce,BBA,88.8,8.99,Friends/Peers,2.2,7.4,7.6,7.3,Python,Business & Finance,Government sector,Remote/Hybrid,Financial Analyst
INDYCC04220,18,Female,North,Tier 3,Science,B.Pharm,91.1,9.07,Parents,6.3,7.4,5.3,4.4,"Python, SQL",Design & Media,Private sector,Any city in India,Digital Marketer
INDYCC04221,22,Female,North,Tier 3,Arts/Humanities,BJMC/Media,71.7,6.83,Friends/Peers,4.5,7.9,6.4,5.8,SQL,Business & Finance,Higher studies,Any city in India,Product Manager
INDYCC04222,20,Male,South,Tier 1,Commerce,B.Com,72.7,7.23,Salary/Package,3.0,5.5,4.9,5.1,Python,Technology,Private sector,Hometown,Product Manager
INDYCC04223,19,Male,North,Tier 2,Commerce,CA/Professional Course,68.6,6.62,Friends/Peers,4.7,4.8,7.6,8.2,SQL,Business & Finance,Government sector,Metro city,Product Manager
INDYCC04224,22,Female,Central,Tier 3,Commerce,BBA,63.7,6.48,Parents,4.3,6.6,6.5,3.2,SQL,Design & Media,Private sector,Any city in India,UI/UX Designer
INDYCC04225,24,Female,South,Tier 1,Science,B.Pharm,62.4,,Social Media,5.8,4.8,5.9,3.7,Java,Healthcare,Startup,Hometown,Healthcare Professional
INDYCC04226,17,Female,South,Tier 1,Commerce,B.Com,80.3,7.91,Parents,1.1,6.8,7.5,5.7,,Research/Education,Startup,Any city in India,Researcher/Academician
INDYCC04227,18,Male,South,Tier 1,Arts/Humanities,B.A.,63.3,6.4,Parents,3.2,8.4,5.2,10.0,,Technology,Government sector,Remote/Hybrid,UI/UX Designer
INDYCC04228,19,Male,West,Tier 2,Science,B.Tech/B.E.,76.3,7.6,Passion/Interest,6.4,4.9,8.8,7.1,Java,Government/Public Service,Government sector,Remote/Hybrid,Government Officer
INDYCC04229,18,Female,East,Tier 1,Arts/Humanities,B.A.,85.5,8.92,Passion/Interest,1.0,8.5,5.8,9.4,Python,Healthcare,Private sector,Hometown,UI/UX Designer
INDYCC04230,20,Male,West,Tier 3,Commerce,BBA,73.3,7.0,Friends/Peers,6.4,6.2,8.3,6.1,JavaScript,Technology,Higher studies,Any city in India,Product Manager
INDYCC04231,22,Non-binary/Prefer not to say,South,Tier 2,Commerce,BCA,86.2,8.63,Parents,2.1,7.9,4.5,6.0,SQL,Technology,Private sector,Any city in India,Product Manager
INDYCC04232,22,Female,East,Tier 1,Science,B.Tech/B.E.,85.3,8.54,Parents,8.4,4.1,4.9,4.5,SQL,Technology,Private sector,Metro city,Data Scientist
INDYCC04233,23,Female,West,Tier 2,Science,B.Pharm,76.5,7.27,Parents,8.1,4.7,8.3,3.6,Python,Government/Public Service,Government sector,Metro city,Software Engineer
INDYCC04234,21,Male,South,Tier 3,Science,B.Sc.,84.0,8.59,Parents,6.0,6.5,7.3,4.6,Java,Marketing,Government sector,Metro city,Data Scientist
INDYCC04235,21,Female,Northeast,Tier 2,Science,MBBS/Health Sciences,77.7,8.16,Friends/Peers,6.9,5.4,7.2,2.4,C++,Healthcare,Higher studies,Any city in India,Healthcare Professional
INDYCC04236,20,Male,Central,Tier 3,Science,B.Tech/B.E.,65.5,6.21,Salary/Package,7.7,8.0,5.2,5.9,SQL,Marketing,Startup,Metro city,Software Engineer
INDYCC04237,21,Male,North,Tier 2,Arts/Humanities,B.A.,72.2,7.16,Parents,2.3,5.8,6.6,6.6,,Design & Media,Government sector,Remote/Hybrid,UI/UX Designer
INDYCC04238,24,Male,South,Tier 2,Science,MBBS/Health Sciences,79.2,8.36,Parents,6.1,4.2,7.7,9.4,JavaScript,Research/Education,Private sector,Hometown,Researcher/Academician
INDYCC04239,18,Male,South,Tier 2,Commerce,B.Com,74.0,7.39,Parents,6.4,6.0,8.1,5.0,C++,Technology,Private sector,Metro city,Product Manager
INDYCC04240,20,Male,North,Tier 2,Commerce,BBA,78.5,8.18,Parents,4.0,8.5,6.5,6.7,SQL,Research/Education,Private sector,Metro city,Government Officer
INDYCC04241,18,Male,Central,Tier 2,Science,BCA,,9.76,Salary/Package,4.3,5.5,5.4,4.3,SQL,Healthcare,Private sector,Metro city,Healthcare Professional
INDYCC04242,17,Female,South,Tier 1,Commerce,BBA,78.9,7.52,Social Media,5.4,4.2,5.1,5.6,JavaScript,Government/Public Service,Private sector,Hometown,Government Officer
INDYCC04243,21,Male,West,Tier 1,Commerce,BCA,84.9,8.53,Parents,4.3,7.3,6.7,5.0,SQL,Research/Education,Self-employed/Freelance,Metro city,Product Manager
INDYCC04244,24,Male,West,Tier 1,Science,MBBS/Health Sciences,67.2,7.24,Passion/Interest,7.0,1.0,6.7,7.9,,Business & Finance,Private sector,Metro city,Healthcare Professional
INDYCC04245,24,Female,Central,Tier 2,Commerce,BMS,73.4,7.48,Social Media,5.1,6.1,6.1,3.7,JavaScript,Research/Education,Higher studies,Any city in India,Financial Analyst
INDYCC04246,18,Male,South,Tier 1,Arts/Humanities,B.Des,80.5,,Passion/Interest,3.5,5.9,7.2,7.3,Python,Government/Public Service,Private sector,Any city in India,Digital Marketer
INDYCC04247,20,Male,North,Tier 2,Science,B.Sc.,75.5,7.62,Friends/Peers,8.6,3.3,8.6,7.1,Python,Research/Education,Private sector,Metro city,Software Engineer
INDYCC04248,17,Female,Central,Tier 2,Science,MBBS/Health Sciences,85.9,8.34,Parents,6.0,6.0,10.0,6.2,Java,Government/Public Service,Private sector,Any city in India,Government Officer
INDYCC04249,20,Male,West,Tier 2,Commerce,BCA,82.5,8.29,Parents,4.9,7.5,7.7,5.2,Python,Business & Finance,Private sector,Remote/Hybrid,Financial Analyst
INDYCC04250,18,Male,North,Tier 1,Commerce,B.Com,65.1,6.26,Parents,5.5,5.2,6.8,4.4,Python,Technology,Government sector,Metro city,Software Engineer
INDYCC04251,22,Male,West,Tier 2,Commerce,BBA,66.1,6.95,Social Media,4.5,6.3,6.7,5.1,Python,Technology,Private sector,Metro city,Product Manager
INDYCC04252,21,Female,North,Tier 2,Commerce,B.Com,65.5,6.74,Salary/Package,4.0,5.6,5.8,9.7,SQL,Technology,Higher studies,Metro city,Product Manager
INDYCC04253,21,Female,East,Tier 2,Commerce,B.Com,69.2,7.15,Parents,6.9,8.7,7.4,5.2,,Technology,Government sector,Hometown,Software Engineer
INDYCC04254,17,Female,Northeast,Tier 1,Arts/Humanities,BBA,69.3,7.1,Salary/Package,4.5,6.7,6.8,7.2,SQL,Technology,Self-employed/Freelance,Metro city,Software Engineer
INDYCC04255,19,Male,West,Tier 2,Arts/Humanities,LLB,79.6,7.99,Social Media,1.0,7.0,7.2,10.0,SQL,Technology,Private sector,Metro city,UI/UX Designer
INDYCC04256,24,Female,South,Tier 2,Science,B.Pharm,71.9,7.33,Parents,8.2,6.5,6.3,3.3,C++,Technology,Startup,Metro city,Software Engineer
INDYCC04257,20,Male,East,Tier 2,Commerce,BBA,86.1,8.76,Parents,4.6,5.2,7.4,6.1,SQL,Technology,Private sector,Remote/Hybrid,Financial Analyst
INDYCC04258,17,Female,Northeast,Tier 1,Arts/Humanities,B.A.,87.6,8.52,Friends/Peers,5.0,7.8,6.6,5.9,Python,Healthcare,Private sector,Hometown,Healthcare Professional
INDYCC04259,23,Male,South,Tier 2,Science,B.Pharm,67.5,6.73,Salary/Package,3.0,5.6,8.6,4.9,Python,Marketing,Self-employed/Freelance,Metro city,Software Engineer
INDYCC04260,24,Female,Northeast,Tier 1,Science,B.Tech/B.E.,53.6,5.76,Salary/Package,4.2,6.5,6.6,7.9,Python,Business & Finance,Private sector,Remote/Hybrid,Data Scientist
INDYCC04261,17,Male,Central,Tier 3,Arts/Humanities,BBA,51.5,5.0,Passion/Interest,6.1,7.6,10.0,6.7,SQL,Marketing,Higher studies,Any city in India,UI/UX Designer
INDYCC04262,22,Female,Central,Tier 1,Science,B.Pharm,63.8,6.49,Salary/Package,5.0,5.6,4.6,9.3,"Python, SQL",Research/Education,Startup,Hometown,Researcher/Academician
INDYCC04263,19,Male,Central,Tier 1,Science,B.Pharm,60.8,6.3,Social Media,6.6,5.5,6.4,5.8,JavaScript,Design & Media,Private sector,Any city in India,Government Officer
INDYCC04264,24,Female,West,Tier 3,Science,B.Pharm,71.1,6.85,Friends/Peers,7.8,7.0,6.9,5.2,Java,Technology,Higher studies,Remote/Hybrid,Software Engineer
INDYCC04265,22,Female,Central,Tier 3,Commerce,BCA,74.0,7.46,Salary/Package,4.2,6.1,9.2,6.2,,Technology,Private sector,Remote/Hybrid,Data Scientist
INDYCC04266,21,Male,South,Tier 1,Science,B.Tech/B.E.,65.0,6.41,Salary/Package,4.1,4.7,7.9,3.3,Python,Technology,Higher studies,Metro city,Data Scientist
INDYCC04267,22,Male,Central,Tier 1,Science,B.Pharm,64.6,6.37,Friends/Peers,8.0,5.4,5.4,4.9,Python,Technology,Startup,Metro city,Data Scientist
INDYCC04268,19,Male,Central,Tier 1,Commerce,B.Com,61.7,6.14,Salary/Package,2.8,8.7,7.4,3.1,,Business & Finance,Private sector,Metro city,Financial Analyst
INDYCC04269,20,Female,North,Tier 1,Science,B.Sc.,75.4,7.16,Parents,7.5,4.8,5.1,10.0,"Python, SQL",Marketing,Private sector,Metro city,Data Scientist
INDYCC04270,19,Female,Northeast,Tier 3,Science,B.Pharm,61.8,6.38,Passion/Interest,9.9,4.6,8.2,6.2,JavaScript,Marketing,Private sector,Hometown,Data Scientist
INDYCC04271,21,Male,North,Tier 2,Arts/Humanities,BJMC/Media,69.7,7.06,Social Media,5.2,5.4,3.9,10.0,C++,Research/Education,Government sector,Any city in India,Researcher/Academician
INDYCC04272,22,Male,Northeast,Tier 3,Science,B.Sc.,68.0,6.12,Social Media,5.9,8.4,7.1,5.8,Java,Technology,Higher studies,Hometown,Data Scientist
INDYCC04273,18,Female,East,Tier 3,Arts/Humanities,LLB,63.6,6.36,Friends/Peers,4.9,6.0,3.8,6.0,,Healthcare,Private sector,Remote/Hybrid,Healthcare Professional
INDYCC04274,22,Male,West,Tier 2,Commerce,B.Com,77.1,7.8,Parents,4.5,8.5,6.1,4.2,SQL,Business & Finance,Private sector,Remote/Hybrid,Financial Analyst
INDYCC04275,19,Male,North,Tier 3,Arts/Humanities,B.Des,59.0,5.93,Salary/Package,1.0,6.6,3.2,9.5,,Marketing,Self-employed/Freelance,Hometown,Digital Marketer
INDYCC04276,18,Female,Central,Tier 2,Commerce,BMS,73.5,7.3,Parents,6.2,6.2,7.2,2.5,Python,Marketing,Private sector,Hometown,Financial Analyst
INDYCC04277,20,Male,West,Tier 2,Commerce,B.Com,70.3,6.8,Passion/Interest,2.5,6.4,5.9,6.7,,Marketing,Private sector,Metro city,Government Officer
INDYCC04278,22,Male,South,Tier 3,Science,B.Pharm,93.9,9.59,Social Media,9.9,5.9,9.6,4.6,C++,Technology,Startup,Metro city,Software Engineer
INDYCC04279,19,Female,Northeast,Tier 3,Commerce,BMS,63.9,6.51,Salary/Package,6.9,5.4,5.6,5.4,Python,Design & Media,Private sector,Hometown,Product Manager
INDYCC04280,17,Male,Central,Tier 2,Arts/Humanities,B.Des,68.7,7.13,Passion/Interest,5.6,6.4,2.4,7.6,"Python, SQL",Research/Education,Higher studies,Metro city,Researcher/Academician
INDYCC04281,20,Male,East,Tier 1,Science,B.Sc.,72.8,7.5,Passion/Interest,6.1,4.9,5.1,6.6,JavaScript,Technology,Government sector,Metro city,Software Engineer
INDYCC04282,24,Female,East,Tier 2,Commerce,BCA,69.4,6.5,Salary/Package,8.0,7.7,9.2,6.2,SQL,Marketing,Private sector,Remote/Hybrid,Data Scientist
INDYCC04283,21,Female,South,Tier 3,Arts/Humanities,B.Des,59.9,6.13,Passion/Interest,2.0,7.7,5.8,7.8,Python,Research/Education,Government sector,Remote/Hybrid,UI/UX Designer
INDYCC04284,24,Female,Northeast,Tier 2,Science,B.Sc.,76.2,7.77,Parents,5.2,5.8,7.7,6.7,C++,Business & Finance,Private sector,Remote/Hybrid,Financial Analyst
INDYCC04285,20,Male,East,Tier 3,Commerce,BCA,84.1,8.44,Friends/Peers,3.5,7.6,7.0,8.9,,Healthcare,Private sector,Metro city,Healthcare Professional
INDYCC04286,24,Male,North,Tier 3,Science,B.Tech/B.E.,58.8,5.4,Social Media,7.5,8.4,9.4,3.5,JavaScript,Design & Media,Startup,Metro city,UI/UX Designer
INDYCC04287,24,Female,South,Tier 3,Science,BCA,88.4,8.89,Passion/Interest,8.7,8.2,6.2,3.0,"Python, SQL",Healthcare,Self-employed/Freelance,Hometown,Data Scientist
INDYCC04288,18,Female,South,Tier 2,Commerce,B.Com,78.7,7.72,Social Media,3.5,4.4,7.4,7.1,Python,Business & Finance,Higher studies,Metro city,Financial Analyst
INDYCC04289,22,Female,South,Tier 1,Science,BCA,76.2,7.6,Friends/Peers,4.3,4.5,6.6,6.7,SQL,Healthcare,Private sector,Hometown,Healthcare Professional
INDYCC04290,17,Female,East,Tier 2,Science,B.Pharm,68.7,6.89,Salary/Package,4.4,8.0,7.1,6.8,,Technology,Private sector,Any city in India,Software Engineer
INDYCC04291,23,Female,West,Tier 1,Arts/Humanities,LLB,98.0,9.49,Parents,4.9,7.9,4.2,6.6,,Marketing,Private sector,Remote/Hybrid,Digital Marketer
INDYCC04292,24,Male,Central,Tier 3,Commerce,B.Com,68.1,6.78,Friends/Peers,4.2,6.3,6.9,6.3,Python,Business & Finance,Private sector,Metro city,Financial Analyst
INDYCC04293,17,Female,East,Tier 1,Science,BCA,58.4,5.92,Passion/Interest,8.1,5.6,3.4,7.7,Python,Business & Finance,Higher studies,Any city in India,Data Scientist
INDYCC04294,17,Female,South,Tier 2,Arts/Humanities,BJMC/Media,59.8,6.1,Friends/Peers,3.9,6.4,5.3,6.5,SQL,Marketing,Private sector,Any city in India,Digital Marketer
INDYCC04295,24,Male,North,Tier 2,Arts/Humanities,BBA,60.2,6.34,Parents,1.6,8.2,8.0,8.4,SQL,Business & Finance,Private sector,Any city in India,Digital Marketer
INDYCC04296,21,Female,West,Tier 2,Science,B.Tech/B.E.,69.6,6.97,Social Media,5.4,6.4,6.8,5.6,,Technology,Private sector,Metro city,Data Scientist
INDYCC04297,24,Non-binary/Prefer not to say,East,Tier 2,Commerce,BBA,86.8,8.66,Social Media,7.0,3.2,7.2,4.8,"Python, SQL",Business & Finance,Self-employed/Freelance,Hometown,Financial Analyst
INDYCC04298,17,Male,Central,Tier 3,Science,B.Sc.,80.9,7.91,Salary/Package,7.9,7.9,7.7,6.9,SQL,Marketing,Government sector,Remote/Hybrid,Software Engineer
INDYCC04299,24,Female,South,Tier 3,Commerce,BCA,76.6,7.66,Passion/Interest,5.5,5.7,7.8,4.7,Python,Design & Media,Startup,Metro city,Digital Marketer
INDYCC04300,20,Male,Northeast,Tier 2,Science,B.Pharm,54.9,5.37,Social Media,6.6,6.3,5.1,5.0,SQL,Research/Education,Self-employed/Freelance,Any city in India,Data Scientist
INDYCC04301,17,Male,East,Tier 3,Arts/Humanities,B.A.,53.7,5.19,Passion/Interest,4.5,6.0,5.9,6.6,,Technology,Government sector,Hometown,Researcher/Academician
INDYCC04302,21,Female,South,Tier 3,Arts/Humanities,B.A.,83.6,8.62,Parents,2.7,8.0,2.2,1.7,,Business & Finance,Self-employed/Freelance,Hometown,Digital Marketer
INDYCC04303,20,Female,East,Tier 2,Science,B.Pharm,96.9,9.67,Passion/Interest,8.5,7.0,6.7,4.8,JavaScript,Government/Public Service,Private sector,Metro city,Government Officer
INDYCC04304,21,Male,North,Tier 2,Commerce,CA/Professional Course,81.6,7.9,Friends/Peers,4.5,7.1,8.1,5.7,Python,Marketing,Private sector,Hometown,Product Manager
INDYCC04305,21,Male,North,Tier 1,Science,MBBS/Health Sciences,68.9,7.17,Parents,5.4,8.5,6.4,3.6,,Design & Media,Private sector,Any city in India,Software Engineer
INDYCC04306,24,Male,East,Tier 1,Commerce,BBA,86.9,9.11,Social Media,5.3,6.8,5.7,7.5,Java,Government/Public Service,Startup,Hometown,Government Officer
INDYCC04307,17,Male,West,Tier 1,Commerce,BBA,58.6,5.43,Salary/Package,7.1,4.0,2.9,4.9,,Healthcare,Startup,Any city in India,Healthcare Professional
INDYCC04308,24,Male,North,Tier 3,Arts/Humanities,B.A.,69.3,7.2,Passion/Interest,1.0,5.8,6.5,9.8,Python,Marketing,Startup,Metro city,UI/UX Designer
INDYCC04309,21,Male,Northeast,Tier 2,Science,BCA,74.6,7.57,Passion/Interest,4.8,6.0,4.9,3.4,SQL,Technology,Self-employed/Freelance,Metro city,Data Scientist
INDYCC04310,19,Female,South,Tier 2,Commerce,BBA,76.1,7.68,Parents,4.9,7.0,8.9,5.7,Python,Government/Public Service,Government sector,Hometown,Government Officer
INDYCC04311,19,Male,Central,Tier 3,Science,B.Tech/B.E.,81.7,7.98,Parents,6.8,7.5,3.6,7.5,Python,Technology,Private sector,Hometown,Software Engineer
INDYCC04312,24,Female,Central,Tier 2,Commerce,BMS,92.4,9.28,Parents,8.4,5.9,6.7,6.2,,Business & Finance,Private sector,Hometown,Financial Analyst
INDYCC04313,19,Female,South,Tier 2,Science,B.Sc.,62.3,6.5,Salary/Package,8.9,6.8,5.9,3.2,"Python, SQL",Design & Media,Private sector,Metro city,Data Scientist
INDYCC04314,21,Female,Central,Tier 2,Commerce,BBA,80.5,7.8,Parents,2.7,5.4,5.1,7.4,Python,Technology,Startup,Remote/Hybrid,Healthcare Professional
INDYCC04315,20,Male,East,Tier 2,Commerce,BCA,66.5,6.34,Salary/Package,6.1,6.8,5.6,6.4,JavaScript,Healthcare,Private sector,Hometown,Financial Analyst
INDYCC04316,20,Female,East,Tier 1,Science,B.Sc.,70.9,7.22,Friends/Peers,5.7,5.8,8.6,3.4,Python,Government/Public Service,Private sector,Hometown,Government Officer
INDYCC04317,20,Female,North,Tier 2,Science,BCA,57.0,5.65,Passion/Interest,6.1,8.1,7.3,6.2,"Python, SQL",Government/Public Service,Startup,Hometown,Government Officer
INDYCC04318,21,Male,West,Tier 2,Arts/Humanities,LLB,77.9,7.17,Parents,5.1,9.2,4.1,5.6,JavaScript,Business & Finance,Private sector,Metro city,Digital Marketer
INDYCC04319,19,Male,North,Tier 1,Arts/Humanities,LLB,59.8,6.14,Social Media,2.0,7.5,6.8,7.5,,Business & Finance,Private sector,Metro city,Digital Marketer
INDYCC04320,21,Male,North,Tier 1,Arts/Humanities,B.A.,57.9,5.8,Social Media,2.7,5.8,8.0,10.0,SQL,Design & Media,Self-employed/Freelance,Metro city,UI/UX Designer
INDYCC04321,21,Female,Central,Tier 2,Science,B.Tech/B.E.,53.3,5.78,Passion/Interest,6.7,3.2,7.6,4.2,SQL,Marketing,Government sector,Metro city,Software Engineer
INDYCC04322,18,Male,West,Tier 2,Science,MBBS/Health Sciences,79.2,8.08,Passion/Interest,7.2,7.1,5.3,6.1,Java,Technology,Private sector,Any city in India,Software Engineer
INDYCC04323,18,Male,Northeast,Tier 2,Commerce,BMS,66.6,6.15,Parents,5.0,6.1,9.9,4.2,"Python, SQL",Business & Finance,Higher studies,Any city in India,Financial Analyst
INDYCC04324,24,Male,North,Tier 2,Arts/Humanities,B.A.,93.7,9.46,Parents,5.1,5.5,6.6,5.0,SQL,Business & Finance,Government sector,Remote/Hybrid,Financial Analyst
INDYCC04325,17,Male,East,Tier 2,Science,B.Pharm,88.5,8.95,Friends/Peers,10.0,6.7,4.4,5.5,,Technology,Government sector,Metro city,Data Scientist
INDYCC04326,23,Female,Northeast,Tier 1,Commerce,BBA,63.6,6.57,Friends/Peers,2.1,5.7,7.3,3.7,SQL,Marketing,Government sector,Any city in India,Product Manager
INDYCC04327,22,Non-binary/Prefer not to say,South,Tier 3,Science,BCA,89.0,8.94,Friends/Peers,5.7,6.8,6.0,6.0,,Healthcare,Private sector,Remote/Hybrid,Healthcare Professional
INDYCC04328,19,Male,South,Tier 2,Science,B.Tech/B.E.,52.6,5.58,,2.1,4.8,6.5,4.2,Python,Healthcare,Startup,Any city in India,Healthcare Professional
INDYCC04329,21,Male,Central,Tier 3,Arts/Humanities,B.A.,82.5,8.14,Friends/Peers,3.0,6.2,7.7,5.8,SQL,Healthcare,Startup,Hometown,Healthcare Professional
INDYCC04330,21,Male,North,Tier 1,Commerce,BMS,84.5,8.33,Parents,4.8,4.6,4.4,7.5,,Design & Media,Private sector,Any city in India,Financial Analyst
INDYCC04331,24,Female,East,Tier 1,Arts/Humanities,B.A.,72.4,7.06,Parents,2.7,5.5,8.1,5.3,SQL,Business & Finance,Government sector,Metro city,Financial Analyst
INDYCC04332,23,Male,East,Tier 1,Arts/Humanities,BJMC/Media,84.3,8.01,Parents,1.0,7.8,2.5,6.3,,Marketing,Private sector,Metro city,Digital Marketer
INDYCC04333,22,Male,South,Tier 1,Commerce,B.Com,89.4,9.27,Friends/Peers,1.2,3.6,8.1,3.1,,Government/Public Service,Private sector,Any city in India,Government Officer
INDYCC04334,20,Male,Northeast,Tier 1,Science,MBBS/Health Sciences,,6.02,Friends/Peers,10.0,3.4,10.0,7.1,,Business & Finance,Private sector,Hometown,Financial Analyst
INDYCC04335,23,Female,North,Tier 2,Arts/Humanities,BJMC/Media,83.1,8.39,Passion/Interest,1.9,5.3,4.2,7.0,Python,Technology,Self-employed/Freelance,Remote/Hybrid,Digital Marketer
INDYCC04336,17,Female,West,Tier 1,Science,BCA,71.8,6.99,Parents,5.6,5.1,8.3,6.0,C++,Government/Public Service,Private sector,Hometown,Government Officer
INDYCC04337,22,Male,Central,Tier 1,Science,B.Tech/B.E.,66.8,6.85,Parents,6.3,7.8,8.0,7.5,SQL,Research/Education,Private sector,Any city in India,Software Engineer
INDYCC04338,24,Female,South,Tier 3,Commerce,CA/Professional Course,76.3,7.49,Parents,5.9,7.2,7.1,3.1,JavaScript,Healthcare,Government sector,Any city in India,Product Manager
INDYCC04339,23,Female,East,Tier 1,Science,B.Tech/B.E.,73.6,7.29,Parents,6.8,5.0,9.0,4.4,Python,Research/Education,Government sector,Metro city,Researcher/Academician
INDYCC04340,21,Male,West,Tier 1,Science,B.Tech/B.E.,79.0,7.94,Social Media,6.1,5.7,8.0,4.6,SQL,Marketing,Self-employed/Freelance,Remote/Hybrid,Data Scientist
INDYCC04341,18,Female,North,Tier 2,Arts/Humanities,BJMC/Media,90.7,8.89,Parents,2.6,5.8,2.4,5.1,Python,Design & Media,Startup,Hometown,UI/UX Designer
INDYCC04342,21,Female,South,Tier 2,Science,BCA,68.3,6.6,Parents,5.0,6.3,10.0,6.4,SQL,Business & Finance,Startup,Any city in India,Data Scientist
INDYCC04343,23,Female,South,Tier 2,Commerce,BCA,81.3,8.28,Salary/Package,6.0,4.9,7.1,2.7,SQL,Technology,Startup,Hometown,Data Scientist
INDYCC04344,23,Female,East,Tier 2,Science,B.Tech/B.E.,82.1,7.87,Salary/Package,7.6,6.1,6.8,6.7,SQL,Technology,Higher studies,Hometown,Data Scientist
INDYCC04345,23,Female,South,Tier 2,Arts/Humanities,LLB,77.1,7.48,Salary/Package,3.8,5.3,7.5,6.2,SQL,Business & Finance,Startup,Remote/Hybrid,Digital Marketer
INDYCC04346,24,Male,East,Tier 2,Commerce,CA/Professional Course,64.3,6.56,Salary/Package,4.3,4.3,6.3,5.1,,Healthcare,Higher studies,Hometown,Financial Analyst
INDYCC04347,23,Male,South,Tier 3,Commerce,B.Com,72.9,,Passion/Interest,4.8,6.7,6.4,5.0,,Design & Media,Startup,Hometown,Product Manager
INDYCC04348,18,Female,East,Tier 1,Commerce,CA/Professional Course,76.5,7.43,Parents,3.0,9.3,8.2,6.0,Python,Design & Media,Private sector,Any city in India,UI/UX Designer
INDYCC04349,23,Male,East,Tier 2,Commerce,B.Com,74.0,7.58,Parents,7.5,7.9,6.7,5.9,Python,Government/Public Service,Government sector,Hometown,Government Officer
INDYCC04350,18,Male,Central,Tier 2,Commerce,B.Com,71.6,7.15,Social Media,7.1,8.1,5.3,8.1,Java,Healthcare,Self-employed/Freelance,Hometown,Healthcare Professional
INDYCC04351,17,Female,West,Tier 2,Science,B.Sc.,67.2,6.73,Salary/Package,5.1,6.3,8.2,6.1,JavaScript,Technology,Private sector,Any city in India,Data Scientist
INDYCC04352,20,Male,South,Tier 3,Arts/Humanities,BBA,76.3,7.27,Parents,4.0,7.5,5.5,7.8,Python,Healthcare,Government sector,Any city in India,Digital Marketer
INDYCC04353,23,Non-binary/Prefer not to say,North,Tier 2,Science,B.Pharm,62.8,6.0,Salary/Package,9.6,4.1,7.2,8.4,C++,Research/Education,Government sector,Remote/Hybrid,Software Engineer
INDYCC04354,22,Male,Northeast,Tier 3,Science,MBBS/Health Sciences,71.1,7.49,Parents,6.5,9.0,5.9,6.1,,Business & Finance,Private sector,Any city in India,Product Manager
INDYCC04355,22,Male,East,Tier 2,Commerce,BBA,77.2,7.19,Parents,7.0,3.7,6.9,3.7,,Healthcare,Private sector,Metro city,Software Engineer
INDYCC04356,18,Male,South,Tier 2,Commerce,BCA,77.5,7.53,Parents,2.6,7.0,6.7,6.4,SQL,Marketing,Private sector,Hometown,Product Manager
INDYCC04357,19,Female,South,Tier 2,Arts/Humanities,BBA,86.3,8.51,Salary/Package,2.3,5.5,3.0,7.6,SQL,Technology,Startup,Any city in India,Researcher/Academician
INDYCC04358,23,Male,South,Tier 1,Science,MBBS/Health Sciences,49.1,5.0,Social Media,6.0,7.7,9.4,4.9,C++,Government/Public Service,Self-employed/Freelance,Metro city,Government Officer
INDYCC04359,21,Male,North,Tier 2,Arts/Humanities,BBA,69.4,6.69,Parents,6.1,6.3,3.1,4.0,SQL,Government/Public Service,Private sector,Metro city,Government Officer
INDYCC04360,22,Male,West,Tier 1,Arts/Humanities,LLB,67.1,6.5,Social Media,6.9,7.9,8.1,4.8,,Design & Media,Startup,Metro city,Digital Marketer
INDYCC04361,20,Female,West,Tier 2,Arts/Humanities,B.A.,70.5,7.19,Salary/Package,3.1,4.8,5.5,8.8,SQL,Healthcare,Private sector,Remote/Hybrid,UI/UX Designer
INDYCC04362,22,Female,East,Tier 1,Science,BCA,93.6,9.59,Salary/Package,6.6,4.4,8.9,5.8,Python,Business & Finance,Private sector,Metro city,Product Manager
INDYCC04363,24,Female,South,Tier 1,Commerce,CA/Professional Course,73.6,7.64,Social Media,9.1,6.0,6.1,5.0,C++,Technology,Government sector,Any city in India,Software Engineer
INDYCC04364,18,Female,South,Tier 1,Commerce,BCA,74.7,7.23,Parents,5.6,6.7,5.9,7.5,C++,Government/Public Service,Higher studies,Metro city,Government Officer
INDYCC04365,22,Male,Central,Tier 2,Commerce,CA/Professional Course,78.8,8.14,Parents,4.2,8.9,8.5,3.5,SQL,Business & Finance,Private sector,Metro city,Financial Analyst
INDYCC04366,24,Female,North,Tier 3,Science,B.Pharm,65.1,6.33,Social Media,7.8,5.7,6.1,3.9,"Python, SQL",Business & Finance,Higher studies,Hometown,Software Engineer
INDYCC04367,23,Male,South,Tier 2,Science,B.Sc.,73.4,7.64,Parents,3.5,7.9,6.5,6.2,Python,Technology,Private sector,Metro city,Data Scientist
INDYCC04368,19,Female,South,Tier 2,Science,B.Pharm,75.0,7.17,Passion/Interest,7.1,9.2,6.8,4.6,,Government/Public Service,Self-employed/Freelance,Metro city,Software Engineer
INDYCC04369,21,Male,West,Tier 2,Commerce,BBA,84.9,8.13,Passion/Interest,5.4,6.8,7.9,3.8,SQL,Technology,Self-employed/Freelance,Remote/Hybrid,Software Engineer
INDYCC04370,17,Male,Northeast,Tier 3,Arts/Humanities,LLB,63.2,6.65,Parents,4.4,4.6,9.7,8.9,SQL,Technology,Private sector,Hometown,UI/UX Designer
INDYCC04371,24,Female,South,Tier 2,Science,MBBS/Health Sciences,79.9,8.29,Salary/Package,5.0,5.0,6.1,5.3,JavaScript,Research/Education,Private sector,Metro city,Software Engineer
INDYCC04372,22,Male,East,Tier 1,Arts/Humanities,B.Des,78.2,7.83,Salary/Package,3.1,4.4,4.2,5.9,,Design & Media,Higher studies,Any city in India,Digital Marketer
INDYCC04373,23,Female,West,Tier 3,Science,B.Pharm,45.0,5.0,Passion/Interest,3.4,6.7,8.5,7.7,,Business & Finance,Higher studies,Hometown,Financial Analyst
INDYCC04374,24,Female,South,Tier 3,Arts/Humanities,B.Des,81.8,7.98,Friends/Peers,4.8,5.8,5.1,6.3,,Marketing,Government sector,Metro city,Software Engineer
INDYCC04375,24,Male,North,Tier 2,Science,B.Pharm,63.8,6.76,Friends/Peers,5.3,7.9,6.7,6.7,SQL,Technology,Private sector,Hometown,Software Engineer
INDYCC04376,18,Male,West,Tier 3,Commerce,BMS,56.3,5.2,Passion/Interest,2.9,7.4,5.6,5.5,Python,Technology,Government sector,Remote/Hybrid,Product Manager
INDYCC04377,24,Male,South,Tier 1,Science,MBBS/Health Sciences,57.3,5.49,Passion/Interest,3.8,6.4,8.2,5.9,,Business & Finance,Self-employed/Freelance,Metro city,Financial Analyst
INDYCC04378,20,Male,North,Tier 1,Science,B.Sc.,81.7,7.8,Parents,9.7,7.4,7.4,5.8,,Government/Public Service,Private sector,Metro city,Software Engineer
INDYCC04379,23,Female,Northeast,Tier 3,Commerce,B.Com,66.5,6.6,Social Media,5.4,5.2,10.0,6.1,"Python, SQL",Research/Education,Private sector,Remote/Hybrid,Government Officer
INDYCC04380,23,Female,North,Tier 1,Commerce,CA/Professional Course,71.9,7.64,Salary/Package,6.3,3.5,6.2,8.4,Java,Design & Media,Startup,Any city in India,UI/UX Designer
INDYCC04381,23,Male,South,Tier 1,Commerce,BCA,59.0,5.91,Passion/Interest,4.9,3.8,6.2,5.2,Python,Technology,Higher studies,Remote/Hybrid,Product Manager
INDYCC04382,24,Male,West,Tier 3,Arts/Humanities,B.A.,69.1,6.89,Parents,2.9,7.1,8.2,9.0,,Technology,Startup,Metro city,Digital Marketer
INDYCC04383,22,Male,South,Tier 2,Science,MBBS/Health Sciences,66.1,6.95,Friends/Peers,6.6,5.0,5.6,6.5,C++,Technology,Private sector,Metro city,Software Engineer
INDYCC04384,22,Male,North,Tier 2,Arts/Humanities,LLB,73.3,7.58,Passion/Interest,2.2,6.2,4.0,10.0,SQL,Government/Public Service,Startup,Metro city,UI/UX Designer
INDYCC04385,23,Male,Northeast,Tier 2,Arts/Humanities,B.A.,71.7,7.01,Salary/Package,1.9,4.5,4.7,9.6,,Technology,Private sector,Hometown,Data Scientist
INDYCC04386,17,Female,North,Tier 3,Commerce,CA/Professional Course,67.2,6.65,Passion/Interest,4.7,5.6,7.7,4.3,,Design & Media,Private sector,Hometown,UI/UX Designer
INDYCC04387,20,Female,Central,Tier 2,Commerce,B.Com,79.7,8.09,Social Media,6.8,6.3,5.6,5.4,JavaScript,Technology,Government sector,Any city in India,Software Engineer
INDYCC04388,22,Male,North,Tier 2,Science,B.Pharm,55.4,5.57,Parents,3.0,10.0,9.4,5.3,Python,Research/Education,Private sector,Any city in India,Data Scientist
INDYCC04389,21,Female,South,Tier 1,Science,B.Sc.,85.5,8.56,Parents,9.2,6.9,7.0,6.4,Java,Healthcare,Private sector,Hometown,Healthcare Professional
INDYCC04390,21,Male,West,Tier 1,Commerce,B.Com,94.1,9.53,Parents,6.5,5.7,4.6,5.6,SQL,Marketing,Private sector,Hometown,Financial Analyst
INDYCC04391,17,Male,South,Tier 1,Science,B.Tech/B.E.,72.1,6.96,Passion/Interest,8.3,6.1,9.0,4.8,"Python, SQL",Technology,Startup,Metro city,Software Engineer
INDYCC04392,21,Female,Central,Tier 2,Science,BCA,67.7,6.77,Salary/Package,5.0,5.8,6.7,5.4,Java,Business & Finance,Private sector,Hometown,Product Manager
INDYCC04393,24,Male,Northeast,Tier 1,Commerce,BMS,69.1,7.02,Parents,6.9,3.8,9.7,6.7,Python,Design & Media,Private sector,Hometown,UI/UX Designer
INDYCC04394,22,Male,East,Tier 3,Commerce,CA/Professional Course,73.5,7.46,Parents,5.4,4.7,5.7,5.4,JavaScript,Research/Education,Startup,Metro city,Software Engineer
INDYCC04395,20,Female,South,Tier 3,Commerce,CA/Professional Course,87.6,8.88,Parents,2.2,3.7,6.5,5.2,,Technology,Higher studies,Any city in India,Product Manager
INDYCC04396,21,Male,West,Tier 2,Science,MBBS/Health Sciences,77.0,7.47,Parents,8.8,6.7,5.9,6.5,JavaScript,Technology,Government sector,Any city in India,Software Engineer
INDYCC04397,20,Female,Northeast,Tier 2,Science,BCA,54.3,5.51,Passion/Interest,10.0,5.4,5.5,6.4,Python,Business & Finance,Private sector,Remote/Hybrid,Product Manager
INDYCC04398,21,Female,South,Tier 1,Science,BCA,50.8,5.29,Salary/Package,7.6,5.0,6.4,4.3,C++,Research/Education,Higher studies,Metro city,Software Engineer
INDYCC04399,23,Male,Central,Tier 3,Science,B.Sc.,65.8,6.55,Friends/Peers,8.8,5.9,7.8,8.0,,Technology,Self-employed/Freelance,Remote/Hybrid,Software Engineer
INDYCC04400,17,Male,West,Tier 3,Arts/Humanities,B.A.,69.0,6.57,Salary/Package,4.8,7.9,7.0,10.0,Python,Marketing,Self-employed/Freelance,Any city in India,UI/UX Designer
INDYCC04401,20,Female,Central,Tier 1,Arts/Humanities,BJMC/Media,76.1,7.42,Passion/Interest,4.2,5.5,3.7,4.7,SQL,Government/Public Service,Government sector,Metro city,Digital Marketer
INDYCC04402,20,Female,East,Tier 3,Science,BCA,78.1,8.01,Salary/Package,5.2,5.8,4.8,4.0,"Python, SQL",Technology,Private sector,Metro city,Software Engineer
INDYCC04403,19,Female,South,Tier 2,Commerce,B.Com,78.5,7.93,Parents,5.1,4.4,6.1,4.0,"Python, SQL",Healthcare,Startup,Metro city,Government Officer
INDYCC04404,19,Male,Northeast,Tier 2,Arts/Humanities,LLB,75.8,8.15,Social Media,2.9,6.8,8.5,8.4,,Design & Media,Higher studies,Hometown,UI/UX Designer
INDYCC04405,17,Male,North,Tier 1,Arts/Humanities,LLB,82.7,8.01,Friends/Peers,4.7,7.2,6.2,3.8,,Healthcare,Private sector,Remote/Hybrid,Healthcare Professional
INDYCC04406,22,Female,Central,Tier 1,Science,BCA,73.0,7.73,Parents,6.2,4.9,6.3,5.5,SQL,Research/Education,Self-employed/Freelance,Remote/Hybrid,Researcher/Academician
INDYCC04407,20,Non-binary/Prefer not to say,Northeast,Tier 1,Science,B.Tech/B.E.,88.8,8.51,Social Media,6.8,6.7,4.2,7.0,"Python, SQL",Marketing,Startup,Remote/Hybrid,Digital Marketer
INDYCC04408,20,Male,South,Tier 2,Arts/Humanities,B.A.,85.5,8.48,Salary/Package,3.0,7.8,3.8,5.1,SQL,Research/Education,Private sector,Any city in India,Software Engineer
INDYCC04409,18,Male,South,Tier 2,Science,B.Tech/B.E.,82.8,8.75,Social Media,6.0,5.3,5.4,6.0,SQL,Healthcare,Private sector,Metro city,Healthcare Professional
INDYCC04410,24,Male,North,Tier 2,Science,B.Tech/B.E.,61.2,5.84,Salary/Package,7.5,7.6,6.9,3.3,Java,Technology,Higher studies,Any city in India,Data Scientist
INDYCC04411,22,Male,North,Tier 3,Commerce,BBA,68.3,6.79,Friends/Peers,1.7,5.3,7.3,5.2,SQL,Government/Public Service,Private sector,Any city in India,Government Officer
INDYCC04412,24,Female,North,Tier 2,Arts/Humanities,B.Des,78.7,7.71,Social Media,4.2,8.1,5.9,8.4,,Business & Finance,Private sector,Metro city,Digital Marketer
INDYCC04413,18,Male,South,Tier 2,Science,BCA,77.5,7.76,Salary/Package,6.6,2.9,9.4,5.0,C++,Business & Finance,Government sector,Metro city,Software Engineer
INDYCC04414,17,Male,Central,Tier 2,Arts/Humanities,BJMC/Media,72.7,7.69,Parents,1.4,4.0,5.9,8.5,,Government/Public Service,Startup,Any city in India,Digital Marketer
INDYCC04415,19,Male,South,Tier 3,Science,B.Sc.,62.8,6.24,Social Media,8.6,4.0,6.3,3.3,Python,Design & Media,Private sector,Any city in India,Software Engineer
INDYCC04416,17,Male,South,Tier 2,Science,B.Pharm,76.0,7.82,Parents,6.8,8.3,8.9,5.0,Python,Government/Public Service,Startup,Metro city,Government Officer
INDYCC04417,22,Female,South,Tier 3,Science,B.Tech/B.E.,83.6,8.6,Passion/Interest,6.5,4.8,6.1,5.3,Python,Technology,Private sector,Metro city,Software Engineer
INDYCC04418,20,Male,West,Tier 1,Arts/Humanities,B.Des,64.6,6.3,Parents,5.1,9.5,3.1,7.5,Java,Design & Media,Higher studies,Hometown,Digital Marketer
INDYCC04419,19,Female,West,Tier 2,Commerce,BBA,76.7,7.58,Passion/Interest,3.9,7.9,6.7,8.0,SQL,Healthcare,Startup,Any city in India,Healthcare Professional
INDYCC04420,20,Male,South,Tier 3,Commerce,B.Com,,7.11,Salary/Package,4.2,2.7,7.1,8.6,,Design & Media,Self-employed/Freelance,Remote/Hybrid,Digital Marketer
INDYCC04421,17,Female,South,Tier 2,Science,B.Pharm,80.6,7.99,Parents,8.5,8.2,7.1,9.6,Java,Technology,Private sector,Remote/Hybrid,Data Scientist
INDYCC04422,19,Female,East,Tier 1,Commerce,BMS,63.2,6.57,Friends/Peers,5.1,6.5,6.8,10.0,SQL,Government/Public Service,Government sector,Any city in India,Government Officer
INDYCC04423,19,Female,Central,Tier 1,Arts/Humanities,B.Des,95.8,9.76,Parents,3.0,8.0,6.6,8.9,Python,Design & Media,Government sector,Any city in India,Digital Marketer
INDYCC04424,24,Female,South,Tier 3,Commerce,B.Com,79.6,7.93,Friends/Peers,2.7,5.4,5.5,5.4,SQL,Research/Education,Private sector,Metro city,Researcher/Academician
INDYCC04425,19,Male,North,Tier 2,Science,B.Pharm,92.3,9.23,Passion/Interest,9.4,6.4,4.9,8.4,C++,Design & Media,Government sector,Hometown,Software Engineer
INDYCC04426,23,Male,South,Tier 2,Science,B.Pharm,73.2,7.52,Passion/Interest,8.1,4.9,8.7,5.0,"Python, SQL",Business & Finance,Private sector,Hometown,Product Manager
INDYCC04427,18,Male,North,Tier 1,Science,B.Sc.,74.8,7.56,Salary/Package,8.9,4.9,4.3,6.4,SQL,Business & Finance,Private sector,Metro city,Product Manager
INDYCC04428,19,Male,Central,Tier 2,Science,B.Sc.,58.2,6.09,Friends/Peers,3.2,4.0,8.0,6.6,SQL,Research/Education,Private sector,Metro city,Financial Analyst
INDYCC04429,20,Female,Central,Tier 3,Science,BCA,83.7,8.28,Parents,7.4,5.0,4.6,5.0,JavaScript,Government/Public Service,Private sector,Metro city,Government Officer
INDYCC04430,19,Female,West,Tier 2,Science,B.Pharm,70.1,7.56,Social Media,5.2,4.2,5.6,7.2,Java,Healthcare,Higher studies,Metro city,Healthcare Professional
INDYCC04431,23,Female,West,Tier 2,Commerce,B.Com,79.8,7.91,Passion/Interest,4.2,4.6,8.5,7.0,Python,Healthcare,Self-employed/Freelance,Any city in India,Product Manager
INDYCC04432,17,Female,North,Tier 3,Science,B.Tech/B.E.,73.8,6.93,Salary/Package,6.0,5.8,5.7,6.6,,Technology,Startup,Metro city,Data Scientist
INDYCC04433,21,Male,Northeast,Tier 2,Arts/Humanities,B.Des,67.2,6.52,Parents,3.6,8.2,5.8,4.7,SQL,Technology,Private sector,Remote/Hybrid,Data Scientist
INDYCC04434,18,Male,North,Tier 2,Commerce,BCA,73.4,7.07,Social Media,5.8,7.2,6.8,3.4,Python,Healthcare,Private sector,Remote/Hybrid,Healthcare Professional
INDYCC04435,22,Female,West,Tier 2,Commerce,B.Com,72.3,6.92,Parents,2.3,5.7,5.5,5.3,Python,Marketing,Higher studies,Metro city,Product Manager
INDYCC04436,17,Male,South,Tier 2,Arts/Humanities,B.A.,92.9,8.99,Social Media,1.0,7.5,5.5,8.7,Python,Technology,Private sector,Any city in India,UI/UX Designer
INDYCC04437,17,Female,East,Tier 3,Science,MBBS/Health Sciences,80.9,8.51,Friends/Peers,7.3,9.5,6.7,6.1,Python,Technology,Higher studies,Any city in India,Software Engineer
INDYCC04438,18,Male,East,Tier 3,Science,B.Pharm,64.2,6.83,Passion/Interest,5.5,5.1,10.0,3.4,JavaScript,Government/Public Service,Startup,Metro city,Data Scientist
INDYCC04439,23,Female,South,Tier 1,Science,B.Tech/B.E.,63.0,6.24,Parents,3.5,6.6,7.5,5.7,Python,Technology,Private sector,Metro city,Software Engineer
INDYCC04440,20,Male,North,Tier 3,Arts/Humanities,B.A.,74.2,7.22,Parents,2.2,6.8,5.8,2.0,SQL,Healthcare,Self-employed/Freelance,Remote/Hybrid,Digital Marketer
INDYCC04441,19,Female,South,Tier 1,Commerce,BBA,65.9,6.98,Passion/Interest,7.2,5.6,6.5,6.4,SQL,Technology,Government sector,Any city in India,Financial Analyst
INDYCC04442,19,Female,Central,Tier 2,Science,BCA,72.0,7.19,Social Media,8.1,5.1,7.8,6.4,,Technology,Self-employed/Freelance,Hometown,Data Scientist
INDYCC04443,22,Male,Northeast,Tier 1,Commerce,CA/Professional Course,84.8,8.46,Social Media,5.0,6.6,5.7,5.7,,Marketing,Government sector,Remote/Hybrid,Product Manager
INDYCC04444,24,Female,South,Tier 2,Commerce,CA/Professional Course,69.6,7.02,Parents,3.2,7.1,9.0,5.8,,Research/Education,Higher studies,Any city in India,UI/UX Designer
INDYCC04445,24,Male,South,Tier 1,Commerce,BMS,79.2,8.3,Passion/Interest,2.5,5.4,7.1,6.5,Python,Technology,Government sector,Hometown,Software Engineer
INDYCC04446,22,Female,East,Tier 2,Science,B.Tech/B.E.,,9.8,Passion/Interest,8.1,6.9,8.6,6.0,Java,Design & Media,Startup,Any city in India,Software Engineer
INDYCC04447,20,Female,North,Tier 2,Arts/Humanities,BBA,60.7,5.73,Friends/Peers,5.5,5.7,6.4,6.0,"Python, SQL",Research/Education,Startup,Remote/Hybrid,Researcher/Academician
INDYCC04448,23,Female,South,Tier 1,Arts/Humanities,B.A.,78.1,7.84,Parents,4.1,8.0,4.9,6.1,,Healthcare,Government sector,Remote/Hybrid,UI/UX Designer
INDYCC04449,23,Male,Northeast,Tier 2,Commerce,BCA,66.2,6.67,Social Media,5.4,8.3,9.1,3.4,Java,Technology,Startup,Metro city,Data Scientist
INDYCC04450,21,Female,Central,Tier 3,Science,B.Sc.,80.9,8.25,Friends/Peers,6.8,6.5,7.5,4.7,JavaScript,Technology,Self-employed/Freelance,Any city in India,Data Scientist
INDYCC04451,22,Male,East,Tier 2,Science,B.Pharm,72.9,7.01,Passion/Interest,5.4,7.3,6.8,5.8,JavaScript,Research/Education,Private sector,Any city in India,Researcher/Academician
INDYCC04452,19,Male,West,Tier 2,Arts/Humanities,B.A.,75.4,7.69,Friends/Peers,3.2,6.1,5.6,8.3,Python,Government/Public Service,Government sector,Metro city,Government Officer
INDYCC04453,23,Male,West,Tier 3,Commerce,B.Com,89.1,8.98,Friends/Peers,3.7,6.2,7.9,2.0,SQL,Research/Education,Higher studies,Any city in India,UI/UX Designer
INDYCC04454,24,Female,Central,Tier 2,Commerce,B.Com,81.9,8.08,Salary/Package,1.0,3.4,6.1,6.9,SQL,Business & Finance,Private sector,Any city in India,Financial Analyst
INDYCC04455,19,Male,South,Tier 2,Science,BCA,98.0,9.77,Parents,5.1,4.9,9.1,6.8,Python,Government/Public Service,Higher studies,Remote/Hybrid,Government Officer
INDYCC04456,21,Female,Central,Tier 3,Science,BCA,88.8,8.79,Salary/Package,7.0,5.7,5.4,5.5,SQL,Government/Public Service,Higher studies,Metro city,Data Scientist
INDYCC04457,22,Male,Central,Tier 2,Science,BCA,73.6,6.94,Parents,4.1,6.1,6.5,4.3,Python,Design & Media,Higher studies,Any city in India,UI/UX Designer
INDYCC04458,19,Female,Northeast,Tier 1,Science,B.Tech/B.E.,86.9,8.45,Passion/Interest,6.6,3.8,7.4,8.2,Python,Business & Finance,Private sector,Metro city,Digital Marketer
INDYCC04459,17,Male,Central,Tier 1,Science,B.Pharm,62.6,6.61,Social Media,8.2,10.0,8.9,3.7,SQL,Design & Media,Private sector,Remote/Hybrid,Data Scientist
INDYCC04460,18,Female,East,Tier 1,Arts/Humanities,BJMC/Media,77.6,7.81,Parents,3.0,7.1,7.8,6.8,SQL,Marketing,Private sector,Any city in India,Digital Marketer
INDYCC04461,20,Male,North,Tier 1,Commerce,BMS,72.1,7.61,Parents,6.4,6.1,6.1,5.3,,Design & Media,Private sector,Metro city,Government Officer
INDYCC04462,17,Female,Northeast,Tier 1,Science,B.Sc.,69.5,7.11,Parents,8.5,3.5,8.5,8.0,SQL,Design & Media,Higher studies,Metro city,Software Engineer
INDYCC04463,21,Male,West,Tier 2,Arts/Humanities,BBA,61.2,6.33,Friends/Peers,5.3,9.4,5.8,10.0,C++,Marketing,Private sector,Metro city,UI/UX Designer
INDYCC04464,18,Male,East,Tier 3,Commerce,BMS,64.1,5.98,Passion/Interest,3.4,8.5,6.1,7.0,SQL,Design & Media,Private sector,Remote/Hybrid,UI/UX Designer
INDYCC04465,23,Male,South,Tier 2,Commerce,BMS,66.1,6.89,Salary/Package,4.7,7.4,5.6,8.2,Python,Research/Education,Government sector,Metro city,Financial Analyst
INDYCC04466,21,Male,Northeast,Tier 1,Science,MBBS/Health Sciences,83.0,8.25,Friends/Peers,7.5,2.5,10.0,9.1,JavaScript,Research/Education,Government sector,Metro city,Software Engineer
INDYCC04467,24,Male,North,Tier 1,Science,B.Tech/B.E.,64.9,6.2,Passion/Interest,7.6,2.6,8.8,6.1,Java,Government/Public Service,Private sector,Any city in India,Software Engineer
INDYCC04468,20,Male,East,Tier 1,Science,B.Pharm,51.1,5.0,Parents,4.7,6.4,6.7,6.3,Python,Business & Finance,Startup,Any city in India,Software Engineer
INDYCC04469,21,Male,South,Tier 3,Arts/Humanities,BJMC/Media,56.8,5.15,Parents,1.4,8.1,8.0,9.0,,Marketing,Government sector,Metro city,Government Officer
INDYCC04470,18,Male,West,Tier 3,Commerce,BCA,94.0,8.84,Social Media,7.1,6.4,8.2,6.7,,Design & Media,Self-employed/Freelance,Metro city,Product Manager
INDYCC04471,20,Male,Central,Tier 2,Science,B.Pharm,70.1,7.05,Parents,8.6,5.0,9.9,3.5,Python,Technology,Private sector,Metro city,Software Engineer
INDYCC04472,17,Male,North,Tier 1,Commerce,BMS,59.8,5.59,Passion/Interest,1.0,7.5,7.0,8.9,Python,Business & Finance,Private sector,Hometown,Financial Analyst
INDYCC04473,17,Male,West,Tier 2,Science,MBBS/Health Sciences,77.0,7.49,Parents,7.2,4.7,7.6,6.0,"Python, SQL",Business & Finance,Higher studies,Hometown,Software Engineer
INDYCC04474,23,Female,North,Tier 2,Commerce,B.Com,64.9,6.63,Parents,4.2,6.3,7.4,3.0,SQL,Business & Finance,Private sector,Remote/Hybrid,Financial Analyst
INDYCC04475,18,Female,Central,Tier 3,Science,B.Tech/B.E.,77.2,7.58,Social Media,7.5,7.3,7.8,6.8,SQL,Research/Education,Private sector,Any city in India,Data Scientist
INDYCC04476,18,Male,West,Tier 1,Commerce,BMS,84.7,8.59,Parents,4.3,5.5,5.9,4.2,,Healthcare,Government sector,Remote/Hybrid,Healthcare Professional
INDYCC04477,20,Female,West,Tier 2,Science,B.Sc.,90.0,8.87,Salary/Package,4.9,8.8,7.7,5.4,,Research/Education,Private sector,Any city in India,Software Engineer
INDYCC04478,22,Female,South,Tier 3,Science,MBBS/Health Sciences,91.8,9.4,Parents,6.4,4.4,8.8,4.0,,Research/Education,Government sector,Any city in India,Data Scientist
INDYCC04479,22,Female,Central,Tier 2,Arts/Humanities,B.Des,69.9,7.08,Salary/Package,1.0,7.9,5.7,7.0,,Healthcare,Higher studies,Metro city,UI/UX Designer
INDYCC04480,18,Female,South,Tier 3,Science,B.Tech/B.E.,54.6,5.55,Social Media,5.6,3.5,8.7,8.0,JavaScript,Business & Finance,Government sector,Any city in India,UI/UX Designer
INDYCC04481,24,Male,Central,Tier 3,Arts/Humanities,BBA,86.6,9.02,Passion/Interest,4.4,7.7,6.1,6.0,,Technology,Startup,Hometown,Software Engineer
INDYCC04482,20,Female,East,Tier 1,Commerce,BBA,98.0,9.54,Passion/Interest,3.7,7.1,5.2,3.4,,Healthcare,Private sector,Any city in India,Product Manager
INDYCC04483,24,Female,East,Tier 2,Science,B.Pharm,83.1,8.85,Salary/Package,7.7,9.3,7.1,4.6,C++,Healthcare,Private sector,Metro city,Healthcare Professional
INDYCC04484,17,Male,East,Tier 3,Arts/Humanities,LLB,65.0,6.31,Salary/Package,6.9,8.3,5.9,7.5,"Python, SQL",Design & Media,Private sector,Metro city,Digital Marketer
INDYCC04485,20,Female,North,Tier 1,Arts/Humanities,B.A.,80.0,8.52,Passion/Interest,1.5,10.0,4.2,6.0,Python,Research/Education,Private sector,Any city in India,Researcher/Academician
INDYCC04486,20,Male,East,Tier 3,Science,B.Tech/B.E.,79.4,7.91,Parents,4.0,6.5,5.8,5.3,SQL,Technology,Private sector,Hometown,Software Engineer
INDYCC04487,22,Female,Northeast,Tier 2,Commerce,BCA,70.1,7.14,Parents,4.4,7.0,4.6,5.0,Python,Business & Finance,Startup,Metro city,Product Manager
INDYCC04488,17,Male,Central,Tier 2,Commerce,B.Com,68.0,7.08,Salary/Package,6.2,6.4,7.0,4.9,C++,Design & Media,Self-employed/Freelance,Any city in India,Financial Analyst
INDYCC04489,24,Male,South,Tier 3,Arts/Humanities,B.Des,70.6,7.02,Parents,5.6,6.1,6.2,8.6,JavaScript,Technology,Higher studies,Hometown,Software Engineer
INDYCC04490,21,Female,Central,Tier 1,Science,B.Sc.,79.3,8.06,Social Media,8.2,5.1,8.4,6.1,Java,Research/Education,Private sector,Any city in India,Software Engineer
INDYCC04491,17,Male,North,Tier 1,Commerce,B.Com,73.6,7.23,Social Media,3.6,8.8,8.0,6.9,,Business & Finance,Higher studies,Any city in India,Product Manager
INDYCC04492,22,Female,West,Tier 2,Science,MBBS/Health Sciences,70.0,7.2,Passion/Interest,7.8,10.0,7.6,3.8,"Python, SQL",Business & Finance,Private sector,Any city in India,Digital Marketer
INDYCC04493,21,Male,East,Tier 2,Commerce,BMS,81.1,8.05,Passion/Interest,3.1,6.9,8.2,3.9,,Marketing,Private sector,Any city in India,Product Manager
INDYCC04494,20,Female,East,Tier 1,Science,B.Tech/B.E.,62.0,6.14,Parents,8.0,6.0,7.8,6.3,"Python, SQL",Technology,Higher studies,Any city in India,Software Engineer
INDYCC04495,23,Female,West,Tier 3,Arts/Humanities,B.Des,78.2,7.64,Social Media,5.2,7.3,6.7,10.0,Python,Healthcare,Private sector,Remote/Hybrid,Digital Marketer
INDYCC04496,18,Male,East,Tier 1,Arts/Humanities,BJMC/Media,,9.04,Social Media,4.7,6.9,3.0,9.6,,Technology,Private sector,Metro city,UI/UX Designer
INDYCC04497,17,Male,South,Tier 2,Commerce,B.Com,85.9,8.55,Passion/Interest,5.0,6.1,5.0,6.7,"Python, SQL",Government/Public Service,Private sector,Hometown,Government Officer
INDYCC04498,22,Female,East,Tier 3,Arts/Humanities,B.A.,73.6,7.6,Parents,3.3,6.3,5.2,9.1,,Marketing,Self-employed/Freelance,Remote/Hybrid,Government Officer
INDYCC04499,20,Female,East,Tier 2,Arts/Humanities,BJMC/Media,72.8,6.73,Friends/Peers,4.0,8.4,5.1,4.6,SQL,Healthcare,Government sector,Metro city,Software Engineer
INDYCC04500,17,Female,East,Tier 2,Commerce,BCA,88.5,8.77,Passion/Interest,2.7,6.5,5.6,6.2,Python,Technology,Self-employed/Freelance,Metro city,Product Manager
INDYCC04501,17,Female,South,Tier 2,Arts/Humanities,BBA,61.9,6.47,Friends/Peers,1.3,5.9,7.7,7.6,SQL,Government/Public Service,Private sector,Hometown,Digital Marketer
INDYCC04502,21,Male,South,Tier 2,Commerce,BBA,62.8,6.35,Salary/Package,5.8,7.7,5.1,5.8,"Python, SQL",Business & Finance,Self-employed/Freelance,Any city in India,Product Manager
INDYCC04503,21,Male,North,Tier 1,Science,B.Pharm,74.7,7.39,Parents,6.7,7.3,9.9,7.5,Python,Government/Public Service,Private sector,Metro city,Government Officer
INDYCC04504,17,Male,Northeast,Tier 3,Science,B.Pharm,71.7,7.69,Friends/Peers,4.5,2.9,7.7,5.0,SQL,Healthcare,Private sector,Any city in India,Healthcare Professional
INDYCC04505,22,Female,North,Tier 1,Arts/Humanities,B.A.,59.0,5.65,Salary/Package,3.1,5.6,5.1,10.0,,Design & Media,Startup,Remote/Hybrid,UI/UX Designer
INDYCC04506,23,Male,South,Tier 1,Arts/Humanities,B.Des,64.4,6.31,Passion/Interest,4.0,6.5,5.0,8.1,SQL,Government/Public Service,Private sector,Hometown,Government Officer
INDYCC04507,19,Female,North,Tier 3,Commerce,B.Com,71.8,7.44,Friends/Peers,6.8,4.2,4.0,5.4,"Python, SQL",Design & Media,Private sector,Any city in India,UI/UX Designer
INDYCC04508,17,Female,West,Tier 1,Commerce,B.Com,57.4,6.38,,6.3,6.9,5.9,7.7,,Government/Public Service,Higher studies,Hometown,Government Officer
INDYCC04509,19,Male,South,Tier 1,Science,BCA,66.8,6.56,Parents,7.9,7.1,5.2,4.1,Java,Design & Media,Government sector,Metro city,Software Engineer
INDYCC04510,22,Female,Central,Tier 3,Science,BCA,77.5,7.6,Passion/Interest,5.2,8.2,7.3,3.2,"Python, SQL",Government/Public Service,Private sector,Metro city,Researcher/Academician
INDYCC04511,22,Male,North,Tier 2,Science,B.Pharm,67.9,7.27,Passion/Interest,8.1,7.0,4.9,6.1,C++,Marketing,Government sector,Hometown,Software Engineer
INDYCC04512,23,Male,South,Tier 2,Commerce,B.Com,74.5,7.11,Parents,4.4,7.1,7.7,6.0,,Technology,Private sector,Any city in India,Data Scientist
INDYCC04513,22,Non-binary/Prefer not to say,North,Tier 1,Science,B.Sc.,82.6,8.63,Parents,6.3,7.5,8.2,5.6,Python,Design & Media,Higher studies,Remote/Hybrid,Researcher/Academician
INDYCC04514,17,Female,South,Tier 2,Science,B.Pharm,63.3,6.34,,6.8,6.0,5.6,5.9,C++,Design & Media,Private sector,Any city in India,Software Engineer
INDYCC04515,20,Male,West,Tier 2,Commerce,BCA,72.2,7.09,Parents,3.6,5.3,6.1,4.6,,Business & Finance,Startup,Metro city,Financial Analyst
INDYCC04516,24,Non-binary/Prefer not to say,South,Tier 2,Science,B.Pharm,69.6,6.76,Passion/Interest,5.6,4.8,7.5,4.5,"Python, SQL",Business & Finance,Startup,Metro city,Data Scientist
INDYCC04517,18,Male,East,Tier 3,Commerce,BCA,55.8,5.73,Friends/Peers,4.4,2.7,6.7,4.4,,Healthcare,Government sector,Metro city,Healthcare Professional
INDYCC04518,23,Female,North,Tier 1,Commerce,CA/Professional Course,86.0,8.41,Social Media,7.0,5.9,5.0,4.5,,Marketing,Private sector,Hometown,Product Manager
INDYCC04519,19,Male,South,Tier 1,Science,MBBS/Health Sciences,68.6,7.12,Friends/Peers,10.0,6.2,6.8,5.8,"Python, SQL",Marketing,Self-employed/Freelance,Metro city,Data Scientist
INDYCC04520,24,Female,South,Tier 3,Science,B.Tech/B.E.,73.0,6.73,Passion/Interest,5.2,7.1,6.7,5.7,JavaScript,Research/Education,Startup,Any city in India,Software Engineer
INDYCC04521,19,Female,East,Tier 1,Science,B.Tech/B.E.,92.2,8.83,Friends/Peers,5.3,6.2,5.2,3.4,,Marketing,Self-employed/Freelance,Any city in India,Healthcare Professional
INDYCC04522,17,Male,Northeast,Tier 2,Science,B.Tech/B.E.,76.6,8.14,Friends/Peers,6.9,6.9,9.6,6.9,Java,Design & Media,Startup,Remote/Hybrid,Digital Marketer
INDYCC04523,18,Male,South,Tier 2,Science,BCA,65.1,6.17,Salary/Package,8.3,4.5,4.7,6.1,Java,Technology,Private sector,Metro city,Software Engineer
INDYCC04524,24,Female,South,Tier 2,Science,B.Tech/B.E.,77.7,,Parents,6.8,5.4,6.8,3.4,,Healthcare,Private sector,Remote/Hybrid,Healthcare Professional
INDYCC04525,23,Female,North,Tier 3,Arts/Humanities,BBA,59.4,6.13,Parents,1.0,8.2,4.8,8.3,SQL,Technology,Higher studies,Metro city,UI/UX Designer
INDYCC04526,23,Female,Central,Tier 3,Arts/Humanities,BBA,68.0,6.7,Friends/Peers,2.1,7.0,7.4,7.5,,Design & Media,Government sector,Any city in India,Digital Marketer
INDYCC04527,19,Male,West,Tier 3,Commerce,BMS,72.2,7.2,Passion/Interest,5.1,5.7,7.0,7.0,JavaScript,Healthcare,Private sector,Metro city,Product Manager
INDYCC04528,17,Female,North,Tier 2,Commerce,CA/Professional Course,80.3,7.61,Parents,7.6,5.9,5.9,3.5,SQL,Business & Finance,Private sector,Metro city,Digital Marketer
INDYCC04529,23,Male,West,Tier 1,Commerce,BCA,80.1,8.1,Parents,4.4,8.1,8.5,3.4,,Marketing,Private sector,Remote/Hybrid,Product Manager
INDYCC04530,24,Female,North,Tier 2,Commerce,BCA,54.9,5.22,Friends/Peers,3.3,4.3,9.0,3.8,,Marketing,Private sector,Metro city,Healthcare Professional
INDYCC04531,22,Male,Central,Tier 1,Arts/Humanities,BBA,81.6,8.57,Salary/Package,6.1,5.5,3.9,8.3,,Marketing,Private sector,Remote/Hybrid,Digital Marketer
INDYCC04532,19,Female,North,Tier 2,Arts/Humanities,BBA,67.0,6.73,Passion/Interest,2.2,5.9,2.1,6.5,,Technology,Private sector,Metro city,Data Scientist
INDYCC04533,21,Male,Central,Tier 1,Science,BCA,69.9,7.01,Social Media,5.2,7.6,7.5,4.5,"Python, SQL",Design & Media,Private sector,Any city in India,Digital Marketer
INDYCC04534,20,Male,Central,Tier 2,Science,B.Sc.,72.0,,Social Media,7.7,3.9,5.9,3.8,C++,Research/Education,Government sector,Any city in India,Researcher/Academician
INDYCC04535,22,Female,Northeast,Tier 2,Commerce,BCA,74.0,7.38,Social Media,8.1,4.3,7.8,5.9,SQL,Healthcare,Private sector,Any city in India,Healthcare Professional
INDYCC04536,24,Female,North,Tier 3,Science,B.Tech/B.E.,87.7,9.02,Friends/Peers,8.9,3.8,8.2,3.0,"Python, SQL",Technology,Government sector,Metro city,Software Engineer
INDYCC04537,23,Female,Central,Tier 2,Science,B.Tech/B.E.,83.2,8.12,Friends/Peers,8.9,7.8,8.3,8.1,"Python, SQL",Marketing,Government sector,Metro city,Data Scientist
INDYCC04538,21,Male,West,Tier 1,Science,B.Tech/B.E.,63.2,6.23,Passion/Interest,7.0,7.6,8.1,6.6,JavaScript,Technology,Private sector,Metro city,Software Engineer
INDYCC04539,24,Female,South,Tier 2,Arts/Humanities,BBA,62.3,6.09,Parents,1.0,6.2,7.4,8.0,,Healthcare,Self-employed/Freelance,Any city in India,UI/UX Designer
INDYCC04540,21,Female,North,Tier 2,Science,B.Sc.,86.4,,Parents,4.7,7.6,10.0,5.5,,Marketing,Higher studies,Any city in India,Digital Marketer
INDYCC04541,23,Male,West,Tier 2,Science,B.Tech/B.E.,59.0,5.71,Friends/Peers,6.9,7.3,8.0,6.4,"Python, SQL",Business & Finance,Government sector,Any city in India,Data Scientist
INDYCC04542,20,Male,East,Tier 1,Commerce,BBA,63.7,6.24,Parents,2.6,7.0,8.8,4.3,Python,Technology,Higher studies,Any city in India,Product Manager
INDYCC04543,20,Female,East,Tier 1,Commerce,BMS,48.4,5.33,Salary/Package,5.6,8.3,4.4,6.1,C++,Technology,Startup,Metro city,Product Manager
INDYCC04544,19,Female,South,Tier 1,Commerce,BMS,69.9,6.99,Salary/Package,4.2,6.4,7.5,4.4,Python,Government/Public Service,Self-employed/Freelance,Any city in India,Government Officer
INDYCC04545,18,Male,West,Tier 1,Science,MBBS/Health Sciences,75.6,7.95,Parents,9.5,8.0,5.7,4.7,Python,Government/Public Service,Government sector,Remote/Hybrid,Data Scientist
INDYCC04546,23,Male,North,Tier 1,Commerce,BBA,72.7,7.48,Passion/Interest,4.6,6.1,5.4,7.7,,Business & Finance,Government sector,Hometown,Financial Analyst
INDYCC04547,24,Female,West,Tier 2,Science,B.Sc.,61.2,6.46,Salary/Package,10.0,4.6,6.8,4.5,Java,Business & Finance,Private sector,Hometown,Software Engineer
INDYCC04548,23,Female,Central,Tier 3,Science,B.Sc.,80.5,8.43,Social Media,6.6,7.3,6.1,3.9,,Technology,Private sector,Hometown,Software Engineer
INDYCC04549,19,Male,East,Tier 3,Science,B.Sc.,51.0,5.03,Social Media,8.9,6.4,6.9,5.5,"Python, SQL",Design & Media,Higher studies,Remote/Hybrid,UI/UX Designer
INDYCC04550,17,Female,South,Tier 3,Science,MBBS/Health Sciences,68.8,6.96,Salary/Package,5.7,6.8,7.1,5.3,Python,Marketing,Self-employed/Freelance,Metro city,Data Scientist
INDYCC04551,17,Male,South,Tier 1,Commerce,CA/Professional Course,73.7,7.43,Salary/Package,5.2,6.7,4.9,7.7,"Python, SQL",Technology,Private sector,Metro city,Software Engineer
INDYCC04552,22,Male,North,Tier 2,Arts/Humanities,LLB,73.5,7.42,Salary/Package,1.3,8.0,6.4,7.7,SQL,Business & Finance,Private sector,Hometown,Digital Marketer
INDYCC04553,22,Female,North,Tier 2,Arts/Humanities,BJMC/Media,72.7,6.78,Social Media,3.7,4.9,4.6,9.0,,Marketing,Higher studies,Remote/Hybrid,UI/UX Designer
INDYCC04554,22,Male,West,Tier 3,Commerce,BBA,96.2,9.8,Salary/Package,4.0,6.3,7.8,6.4,SQL,Healthcare,Private sector,Metro city,Healthcare Professional
INDYCC04555,18,Female,West,Tier 2,Science,B.Sc.,68.3,6.89,,6.5,7.4,6.0,6.4,SQL,Technology,Government sector,Hometown,Software Engineer
INDYCC04556,18,Female,North,Tier 2,Science,B.Tech/B.E.,65.4,6.37,Friends/Peers,5.1,7.2,9.0,5.5,Python,Technology,Private sector,Any city in India,Data Scientist
INDYCC04557,22,Male,West,Tier 3,Commerce,BMS,81.7,8.23,Parents,5.9,4.8,7.4,4.9,,Healthcare,Startup,Metro city,Healthcare Professional
INDYCC04558,18,Female,East,Tier 1,Science,B.Tech/B.E.,65.2,6.13,Parents,8.1,5.2,5.8,7.3,SQL,Business & Finance,Private sector,Hometown,Software Engineer
INDYCC04559,23,Male,East,Tier 2,Science,BCA,67.2,7.02,Parents,6.4,9.2,7.4,5.6,,Technology,Startup,Hometown,Data Scientist
INDYCC04560,22,Male,East,Tier 2,Commerce,CA/Professional Course,84.8,8.03,Passion/Interest,6.4,4.8,8.4,6.5,,Technology,Government sector,Any city in India,Product Manager
INDYCC04561,17,Female,West,Tier 1,Science,MBBS/Health Sciences,77.6,7.44,Social Media,7.1,5.1,5.8,5.0,JavaScript,Business & Finance,Government sector,Metro city,Data Scientist
INDYCC04562,21,Non-binary/Prefer not to say,West,Tier 2,Commerce,BCA,78.4,8.27,Social Media,5.9,4.6,6.8,4.3,JavaScript,Healthcare,Government sector,Metro city,Healthcare Professional
INDYCC04563,21,Male,South,Tier 2,Commerce,BBA,71.6,7.16,Parents,3.4,6.4,9.2,4.6,SQL,Technology,Startup,Remote/Hybrid,Software Engineer
INDYCC04564,22,Female,West,Tier 3,Arts/Humanities,LLB,67.7,6.61,Passion/Interest,6.1,5.3,3.2,8.6,C++,Government/Public Service,Private sector,Metro city,UI/UX Designer
INDYCC04565,19,Female,West,Tier 2,Science,BCA,57.6,5.79,Passion/Interest,8.7,7.5,8.2,4.7,Java,Healthcare,Higher studies,Metro city,Data Scientist
INDYCC04566,18,Male,North,Tier 3,Commerce,B.Com,79.3,7.7,Passion/Interest,3.5,8.6,6.8,3.6,Python,Technology,Private sector,Hometown,Product Manager
INDYCC04567,22,Female,South,Tier 3,Science,B.Sc.,84.1,8.2,Parents,8.0,5.4,7.3,5.0,C++,Government/Public Service,Higher studies,Metro city,Government Officer
INDYCC04568,22,Female,Northeast,Tier 2,Science,B.Sc.,68.6,6.69,Parents,4.3,7.0,7.7,2.7,Python,Business & Finance,Higher studies,Hometown,Product Manager
INDYCC04569,24,Female,West,Tier 2,Commerce,BBA,76.4,7.89,Friends/Peers,7.6,2.9,7.3,4.0,"Python, SQL",Technology,Startup,Any city in India,Product Manager
INDYCC04570,20,Female,South,Tier 2,Arts/Humanities,B.Des,81.8,8.17,Passion/Interest,4.9,6.5,6.9,8.6,Python,Healthcare,Private sector,Any city in India,UI/UX Designer
INDYCC04571,18,Male,North,Tier 2,Science,B.Tech/B.E.,71.3,7.2,Friends/Peers,6.4,4.4,7.0,8.5,Java,Healthcare,Government sector,Hometown,Healthcare Professional
INDYCC04572,23,Male,South,Tier 3,Arts/Humanities,B.Des,76.8,7.27,Passion/Interest,2.0,7.5,9.3,7.9,Python,Government/Public Service,Private sector,Remote/Hybrid,Government Officer
INDYCC04573,19,Female,North,Tier 1,Arts/Humanities,LLB,71.6,6.68,Passion/Interest,1.0,6.6,7.0,7.3,,Design & Media,Private sector,Metro city,UI/UX Designer
INDYCC04574,17,Male,North,Tier 2,Arts/Humanities,B.Des,71.5,7.12,,5.0,8.5,3.9,8.1,,Technology,Government sector,Any city in India,Digital Marketer
INDYCC04575,24,Male,West,Tier 2,Science,B.Pharm,59.1,5.58,Parents,5.8,4.5,6.4,7.6,C++,Business & Finance,Government sector,Any city in India,Software Engineer
INDYCC04576,23,Male,East,Tier 2,Science,MBBS/Health Sciences,62.6,6.29,Parents,7.1,6.5,6.2,5.5,SQL,Technology,Government sector,Metro city,Software Engineer
INDYCC04577,23,Male,South,Tier 2,Science,BCA,72.8,7.25,Parents,8.3,4.0,5.5,6.2,Python,Design & Media,Private sector,Any city in India,Digital Marketer
INDYCC04578,18,Female,North,Tier 1,Science,BCA,78.0,8.23,Social Media,5.4,5.1,7.1,4.9,JavaScript,Research/Education,Startup,Remote/Hybrid,Researcher/Academician
INDYCC04579,19,Male,East,Tier 3,Science,B.Pharm,75.5,8.19,Salary/Package,5.8,6.0,5.9,6.7,,Marketing,Startup,Hometown,Software Engineer
INDYCC04580,24,Non-binary/Prefer not to say,East,Tier 1,Science,B.Pharm,76.6,7.78,Salary/Package,9.0,5.9,5.2,4.3,"Python, SQL",Healthcare,Self-employed/Freelance,Metro city,Data Scientist
INDYCC04581,19,Female,West,Tier 3,Arts/Humanities,BBA,50.5,5.0,Parents,1.1,5.8,8.8,9.1,,Government/Public Service,Higher studies,Metro city,Government Officer
INDYCC04582,18,Male,North,Tier 2,Commerce,BCA,60.0,5.92,Parents,1.9,7.2,7.5,4.8,Python,Government/Public Service,Private sector,Hometown,Government Officer
INDYCC04583,23,Female,West,Tier 1,Commerce,B.Com,72.6,7.62,Friends/Peers,4.9,6.6,6.2,8.6,Python,Technology,Government sector,Hometown,Product Manager
INDYCC04584,18,Male,North,Tier 3,Commerce,BCA,70.6,6.81,Friends/Peers,6.0,7.5,6.8,6.4,Java,Healthcare,Private sector,Metro city,Government Officer
INDYCC04585,18,Female,West,Tier 1,Science,B.Tech/B.E.,59.2,6.07,Social Media,6.8,6.6,9.9,2.8,JavaScript,Business & Finance,Startup,Any city in India,Financial Analyst
INDYCC04586,23,Male,East,Tier 1,Science,B.Sc.,71.1,7.47,Friends/Peers,8.9,8.0,7.1,5.3,Python,Business & Finance,Private sector,Metro city,Data Scientist
INDYCC04587,24,Female,South,Tier 1,Arts/Humanities,BJMC/Media,69.4,6.86,Social Media,6.1,6.3,7.1,5.0,C++,Research/Education,Private sector,Hometown,Researcher/Academician
INDYCC04588,20,Female,Central,Tier 1,Science,MBBS/Health Sciences,77.1,8.02,Salary/Package,6.7,5.5,4.4,7.5,"Python, SQL",Business & Finance,Private sector,Metro city,Financial Analyst
INDYCC04589,23,Female,South,Tier 1,Science,B.Tech/B.E.,75.9,7.77,Salary/Package,3.7,6.1,5.1,8.9,,Business & Finance,Private sector,Any city in India,Product Manager
INDYCC04590,20,Male,East,Tier 1,Science,B.Sc.,75.7,7.75,Salary/Package,5.1,7.4,8.9,5.5,"Python, SQL",Technology,Higher studies,Metro city,Software Engineer
INDYCC04591,21,Male,West,Tier 1,Science,B.Tech/B.E.,78.7,7.73,Passion/Interest,2.4,6.9,4.4,5.0,SQL,Business & Finance,Private sector,Any city in India,Financial Analyst
INDYCC04592,22,Female,North,Tier 2,Commerce,B.Com,63.3,5.96,Salary/Package,3.0,4.8,7.3,2.0,SQL,Technology,Self-employed/Freelance,Hometown,Software Engineer
INDYCC04593,17,Female,West,Tier 2,Science,B.Sc.,89.1,9.09,Parents,9.6,7.0,6.3,3.8,JavaScript,Design & Media,Self-employed/Freelance,Hometown,Data Scientist
INDYCC04594,17,Female,South,Tier 3,Science,B.Sc.,49.4,5.0,Social Media,4.4,6.3,5.9,4.4,SQL,Research/Education,Startup,Any city in India,Researcher/Academician
INDYCC04595,22,Male,West,Tier 3,Science,B.Tech/B.E.,67.8,7.17,Salary/Package,5.2,7.6,8.3,4.5,JavaScript,Design & Media,Self-employed/Freelance,Hometown,Software Engineer
INDYCC04596,22,Female,South,Tier 3,Science,MBBS/Health Sciences,53.6,5.31,Friends/Peers,7.8,7.4,8.0,5.2,Java,Government/Public Service,Government sector,Remote/Hybrid,Government Officer
INDYCC04597,20,Female,South,Tier 1,Arts/Humanities,LLB,78.3,7.67,Passion/Interest,4.6,6.9,3.8,6.6,Python,Technology,Private sector,Metro city,Software Engineer
INDYCC04598,24,Male,East,Tier 1,Science,MBBS/Health Sciences,79.1,8.18,Passion/Interest,5.6,5.7,6.9,5.3,SQL,Healthcare,Startup,Metro city,Healthcare Professional
INDYCC04599,18,Male,Central,Tier 3,Commerce,BBA,82.0,8.35,Parents,3.4,8.0,5.6,5.4,SQL,Research/Education,Private sector,Remote/Hybrid,Researcher/Academician
INDYCC04600,17,Female,West,Tier 1,Arts/Humanities,B.Des,54.1,5.25,Passion/Interest,2.7,7.0,5.7,8.5,SQL,Technology,Higher studies,Hometown,Digital Marketer
INDYCC04601,23,Female,South,Tier 1,Arts/Humanities,BBA,82.5,8.42,Parents,1.5,6.4,5.7,6.6,SQL,Healthcare,Startup,Remote/Hybrid,UI/UX Designer
INDYCC04602,22,Female,North,Tier 1,Science,MBBS/Health Sciences,68.8,6.95,Parents,6.9,7.3,5.6,6.6,SQL,Design & Media,Private sector,Hometown,Data Scientist
INDYCC04603,24,Male,North,Tier 3,Arts/Humanities,B.A.,54.6,5.22,Salary/Package,5.8,7.6,3.4,8.1,C++,Business & Finance,Higher studies,Any city in India,Financial Analyst
INDYCC04604,21,Female,East,Tier 1,Science,BCA,61.3,5.51,Parents,3.6,6.5,5.3,5.8,,Design & Media,Government sector,Metro city,Software Engineer
INDYCC04605,18,Male,South,Tier 3,Science,MBBS/Health Sciences,59.3,6.07,Parents,5.9,7.4,7.2,4.9,,Healthcare,Startup,Metro city,Software Engineer
INDYCC04606,21,Male,West,Tier 3,Arts/Humanities,BBA,71.9,7.35,Parents,1.4,6.9,4.8,7.2,Python,Technology,Government sector,Hometown,UI/UX Designer
INDYCC04607,23,Male,North,Tier 1,Science,BCA,66.8,6.84,Friends/Peers,7.3,7.2,5.7,6.1,Python,Technology,Higher studies,Metro city,Software Engineer
INDYCC04608,18,Male,North,Tier 3,Arts/Humanities,BJMC/Media,72.0,7.24,Friends/Peers,5.6,6.6,5.1,3.2,C++,Marketing,Private sector,Hometown,UI/UX Designer
INDYCC04609,21,Male,West,Tier 1,Science,B.Pharm,57.7,5.41,Parents,9.4,6.2,6.7,6.4,SQL,Technology,Private sector,Any city in India,Software Engineer
INDYCC04610,23,Female,North,Tier 3,Science,B.Sc.,88.2,8.98,Salary/Package,9.1,4.6,7.9,6.7,Python,Government/Public Service,Private sector,Hometown,Software Engineer
INDYCC04611,18,Female,Northeast,Tier 2,Commerce,BMS,61.0,6.46,Parents,5.3,7.0,5.5,4.7,Python,Technology,Government sector,Hometown,Data Scientist
INDYCC04612,20,Female,North,Tier 2,Science,MBBS/Health Sciences,52.0,5.38,Parents,8.8,4.9,6.3,4.5,Java,Technology,Private sector,Metro city,Data Scientist
INDYCC04613,20,Male,East,Tier 1,Arts/Humanities,B.Des,69.6,6.94,Parents,3.7,6.3,4.4,9.4,Python,Healthcare,Private sector,Remote/Hybrid,Digital Marketer
INDYCC04614,19,Male,East,Tier 2,Arts/Humanities,LLB,85.5,8.45,Parents,6.1,6.1,5.4,10.0,JavaScript,Marketing,Startup,Metro city,UI/UX Designer
INDYCC04615,17,Female,South,Tier 1,Commerce,BCA,78.1,8.06,Parents,3.1,4.1,5.1,4.4,Python,Marketing,Government sector,Metro city,Product Manager
INDYCC04616,21,Male,North,Tier 3,Commerce,B.Com,65.0,6.17,Parents,2.6,3.2,5.0,3.6,,Healthcare,Startup,Any city in India,Financial Analyst
INDYCC04617,21,Female,North,Tier 2,Science,BCA,68.7,6.69,Salary/Package,6.0,6.1,7.5,3.0,SQL,Technology,Government sector,Hometown,Data Scientist
INDYCC04618,19,Male,North,Tier 1,Arts/Humanities,B.A.,94.5,9.33,Parents,5.9,8.8,8.6,5.4,,Business & Finance,Private sector,Any city in India,Digital Marketer
INDYCC04619,22,Female,East,Tier 2,Commerce,BBA,49.5,5.0,Friends/Peers,6.3,7.8,6.7,4.6,JavaScript,Technology,Self-employed/Freelance,Remote/Hybrid,Data Scientist
INDYCC04620,17,Male,West,Tier 1,Science,BCA,75.7,8.13,Parents,4.5,6.0,7.8,4.4,Python,Research/Education,Private sector,Metro city,Researcher/Academician
INDYCC04621,18,Female,West,Tier 1,Arts/Humanities,BBA,80.5,8.19,Parents,3.6,8.6,7.3,8.7,SQL,Business & Finance,Higher studies,Metro city,Digital Marketer
INDYCC04622,22,Male,South,Tier 2,Commerce,CA/Professional Course,78.1,8.03,Parents,4.4,6.2,4.1,2.8,,Research/Education,Private sector,Remote/Hybrid,Government Officer
INDYCC04623,22,Male,North,Tier 2,Commerce,BCA,67.7,6.97,Parents,3.1,6.2,5.6,8.5,Python,Technology,Higher studies,Metro city,Financial Analyst
INDYCC04624,24,Male,West,Tier 1,Commerce,BBA,78.4,7.97,Social Media,3.3,7.4,7.3,5.4,SQL,Research/Education,Private sector,Remote/Hybrid,Government Officer
INDYCC04625,22,Female,West,Tier 2,Commerce,BMS,56.3,5.5,Salary/Package,7.3,6.9,8.6,6.9,Python,Business & Finance,Higher studies,Hometown,Product Manager
INDYCC04626,21,Male,North,Tier 2,Science,MBBS/Health Sciences,86.9,8.93,Passion/Interest,6.1,5.6,10.0,4.6,SQL,Technology,Higher studies,Hometown,Software Engineer
INDYCC04627,19,Male,Northeast,Tier 2,Science,B.Pharm,81.1,8.23,Salary/Package,6.4,3.4,6.4,4.3,,Government/Public Service,Startup,Hometown,Data Scientist
INDYCC04628,23,Female,North,Tier 2,Science,MBBS/Health Sciences,58.1,5.6,Passion/Interest,7.7,5.1,9.4,9.1,"Python, SQL",Research/Education,Higher studies,Any city in India,Software Engineer
INDYCC04629,24,Female,East,Tier 3,Science,B.Pharm,83.7,8.4,Passion/Interest,9.8,8.0,6.1,8.4,JavaScript,Healthcare,Government sector,Any city in India,Software Engineer
INDYCC04630,24,Female,South,Tier 1,Commerce,BMS,69.0,7.1,Salary/Package,2.6,3.9,7.9,4.6,,Healthcare,Private sector,Metro city,Healthcare Professional
INDYCC04631,19,Male,North,Tier 2,Science,BCA,75.0,7.95,Social Media,6.1,7.5,6.6,7.4,C++,Technology,Private sector,Metro city,Digital Marketer
INDYCC04632,17,Male,East,Tier 2,Science,B.Pharm,68.7,6.97,Friends/Peers,6.2,5.9,7.1,5.7,,Design & Media,Government sector,Metro city,UI/UX Designer
INDYCC04633,23,Female,West,Tier 2,Commerce,CA/Professional Course,63.7,6.45,Parents,4.6,6.4,8.6,4.9,,Marketing,Startup,Metro city,Financial Analyst
INDYCC04634,23,Male,North,Tier 1,Arts/Humanities,BJMC/Media,71.3,7.12,,1.0,7.2,5.2,7.0,,Design & Media,Private sector,Metro city,UI/UX Designer
INDYCC04635,22,Male,East,Tier 3,Commerce,CA/Professional Course,75.4,7.51,Salary/Package,2.9,6.2,7.8,4.4,Python,Marketing,Startup,Metro city,Financial Analyst
INDYCC04636,18,Male,East,Tier 3,Science,MBBS/Health Sciences,79.4,7.62,Social Media,4.9,5.9,7.3,3.1,Python,Technology,Higher studies,Remote/Hybrid,Software Engineer
INDYCC04637,17,Female,West,Tier 2,Commerce,BMS,68.6,7.02,Parents,4.4,6.9,6.6,5.6,,Research/Education,Private sector,Metro city,Data Scientist
INDYCC04638,18,Female,North,Tier 2,Commerce,BMS,85.2,8.29,Parents,6.2,4.9,4.7,2.7,"Python, SQL",Government/Public Service,Private sector,Any city in India,Government Officer
INDYCC04639,20,Female,West,Tier 2,Science,MBBS/Health Sciences,71.9,7.29,Parents,9.6,5.5,7.7,1.9,,Design & Media,Government sector,Remote/Hybrid,UI/UX Designer
INDYCC04640,18,Female,South,Tier 2,Commerce,BBA,75.6,7.68,Parents,4.6,5.0,7.2,4.3,Python,Research/Education,Self-employed/Freelance,Metro city,Government Officer
INDYCC04641,17,Female,West,Tier 2,Commerce,BBA,,6.51,Parents,3.5,7.2,7.4,6.6,,Healthcare,Startup,Metro city,Product Manager
INDYCC04642,24,Female,East,Tier 3,Arts/Humanities,LLB,72.3,7.51,Parents,2.3,7.1,7.7,5.6,SQL,Technology,Government sector,Remote/Hybrid,Data Scientist
INDYCC04643,22,Female,West,Tier 2,Science,MBBS/Health Sciences,84.9,8.35,Passion/Interest,5.4,6.8,7.0,6.1,C++,Marketing,Startup,Any city in India,Data Scientist
INDYCC04644,23,Male,South,Tier 1,Commerce,CA/Professional Course,63.3,6.71,Passion/Interest,4.7,6.0,3.6,5.0,SQL,Business & Finance,Higher studies,Metro city,Financial Analyst
INDYCC04645,19,Male,Northeast,Tier 1,Commerce,BCA,85.7,8.25,Friends/Peers,5.6,5.7,6.5,8.3,Python,Technology,Startup,Metro city,Software Engineer
INDYCC04646,17,Male,West,Tier 3,Arts/Humanities,B.A.,59.4,5.95,Parents,4.2,6.0,7.5,8.4,SQL,Research/Education,Government sector,Remote/Hybrid,Researcher/Academician
INDYCC04647,23,Male,South,Tier 2,Arts/Humanities,BJMC/Media,75.6,7.78,Social Media,3.1,8.7,5.2,5.2,SQL,Healthcare,Self-employed/Freelance,Remote/Hybrid,Government Officer
INDYCC04648,17,Male,South,Tier 2,Commerce,B.Com,79.5,7.99,Parents,5.3,6.0,5.5,9.2,Java,Design & Media,Startup,Metro city,UI/UX Designer
INDYCC04649,24,Female,West,Tier 1,Science,B.Tech/B.E.,68.2,6.8,Parents,7.8,5.2,6.8,4.3,C++,Healthcare,Higher studies,Hometown,Software Engineer
INDYCC04650,24,Female,South,Tier 1,Arts/Humanities,LLB,68.9,6.99,Social Media,2.7,7.0,4.7,9.8,,Design & Media,Private sector,Metro city,UI/UX Designer
INDYCC04651,22,Male,Central,Tier 2,Commerce,BMS,81.6,8.55,Passion/Interest,5.3,6.4,8.9,7.4,Python,Healthcare,Government sector,Metro city,Product Manager
INDYCC04652,21,Male,South,Tier 2,Commerce,CA/Professional Course,72.1,7.05,Friends/Peers,4.2,4.3,7.4,5.1,,Design & Media,Government sector,Remote/Hybrid,Financial Analyst
INDYCC04653,24,Male,North,Tier 2,Science,B.Tech/B.E.,73.7,7.37,Parents,6.4,6.3,6.4,4.6,,Healthcare,Government sector,Hometown,Data Scientist
INDYCC04654,19,Male,West,Tier 1,Science,BCA,56.6,5.52,Parents,10.0,7.1,7.5,3.4,,Marketing,Private sector,Any city in India,Data Scientist
INDYCC04655,18,Male,Northeast,Tier 2,Arts/Humanities,BBA,66.5,6.91,Friends/Peers,2.4,10.0,4.2,4.8,Python,Business & Finance,Government sector,Metro city,Digital Marketer
INDYCC04656,20,Male,East,Tier 3,Science,B.Pharm,84.1,8.68,Parents,5.1,5.2,6.6,5.4,C++,Marketing,Startup,Any city in India,Data Scientist
INDYCC04657,20,Female,South,Tier 2,Science,B.Pharm,54.2,5.08,Social Media,8.6,5.0,6.3,4.9,,Technology,Self-employed/Freelance,Hometown,Data Scientist
INDYCC04658,19,Male,South,Tier 3,Commerce,BBA,87.5,9.04,Salary/Package,4.2,7.3,4.5,4.4,Python,Design & Media,Government sector,Any city in India,Product Manager
INDYCC04659,24,Male,West,Tier 2,Commerce,BCA,59.3,6.15,Passion/Interest,5.5,7.1,2.7,5.3,JavaScript,Healthcare,Private sector,Remote/Hybrid,Government Officer
INDYCC04660,22,Female,West,Tier 1,Science,B.Pharm,65.9,6.71,Social Media,9.1,7.0,9.2,7.0,"Python, SQL",Design & Media,Private sector,Remote/Hybrid,UI/UX Designer
INDYCC04661,24,Female,West,Tier 2,Science,BCA,70.0,6.85,Friends/Peers,9.4,4.1,5.1,3.2,Python,Healthcare,Private sector,Remote/Hybrid,Healthcare Professional
INDYCC04662,18,Male,West,Tier 2,Commerce,BMS,67.3,7.04,Parents,5.1,6.6,5.8,5.0,Python,Technology,Higher studies,Hometown,Product Manager
INDYCC04663,19,Female,East,Tier 1,Science,B.Tech/B.E.,63.2,5.95,Parents,6.8,6.7,6.2,6.5,SQL,Government/Public Service,Government sector,Metro city,Government Officer
INDYCC04664,18,Female,Central,Tier 1,Commerce,B.Com,66.6,6.47,Salary/Package,7.1,4.9,7.6,5.2,,Design & Media,Private sector,Metro city,Financial Analyst
INDYCC04665,18,Male,South,Tier 1,Science,MBBS/Health Sciences,78.4,7.91,Parents,7.0,6.2,5.2,5.8,C++,Government/Public Service,Higher studies,Hometown,Software Engineer
INDYCC04666,21,Male,West,Tier 2,Science,BCA,65.9,,Parents,7.0,2.9,10.0,6.5,,Marketing,Government sector,Remote/Hybrid,Data Scientist
INDYCC04667,22,Male,West,Tier 1,Arts/Humanities,LLB,74.5,7.48,Parents,4.0,6.7,3.8,6.4,,Business & Finance,Higher studies,Hometown,Financial Analyst
INDYCC04668,24,Male,East,Tier 1,Arts/Humanities,B.Des,67.4,6.64,Parents,4.1,7.3,6.3,8.2,Python,Government/Public Service,Government sector,Any city in India,Government Officer
INDYCC04669,17,Male,East,Tier 2,Arts/Humanities,BJMC/Media,82.9,8.78,Social Media,9.2,4.9,6.3,5.0,,Technology,Self-employed/Freelance,Metro city,Data Scientist
INDYCC04670,24,Male,North,Tier 2,Science,BCA,59.9,6.08,Social Media,10.0,5.9,5.3,5.6,C++,Research/Education,Self-employed/Freelance,Metro city,Researcher/Academician
INDYCC04671,24,Male,East,Tier 1,Science,B.Pharm,93.2,9.07,Parents,7.9,5.9,3.7,4.0,Python,Healthcare,Higher studies,Metro city,Healthcare Professional
INDYCC04672,19,Male,South,Tier 3,Science,B.Pharm,60.1,6.3,Passion/Interest,5.0,6.6,9.3,5.7,"Python, SQL",Healthcare,Private sector,Metro city,Healthcare Professional
INDYCC04673,23,Male,Central,Tier 2,Arts/Humanities,BJMC/Media,,6.32,Friends/Peers,5.3,6.4,4.3,7.7,C++,Research/Education,Private sector,Any city in India,UI/UX Designer
INDYCC04674,23,Female,North,Tier 1,Science,MBBS/Health Sciences,76.3,7.25,Passion/Interest,8.2,5.4,5.9,7.3,,Healthcare,Private sector,Metro city,Healthcare Professional
INDYCC04675,24,Female,North,Tier 2,Arts/Humanities,B.A.,52.0,5.28,Passion/Interest,5.6,7.1,5.4,8.1,,Business & Finance,Higher studies,Any city in India,Digital Marketer
INDYCC04676,20,Male,South,Tier 3,Arts/Humanities,BBA,64.4,7.09,Passion/Interest,4.4,7.3,4.5,6.7,SQL,Design & Media,Self-employed/Freelance,Hometown,Digital Marketer
INDYCC04677,17,Female,South,Tier 3,Commerce,BMS,80.9,8.08,Salary/Package,5.0,4.7,4.2,4.9,"Python, SQL",Business & Finance,Government sector,Metro city,Financial Analyst
INDYCC04678,23,Female,West,Tier 2,Science,B.Sc.,62.4,6.05,Parents,6.9,5.6,4.8,5.9,Java,Marketing,Private sector,Metro city,Software Engineer
INDYCC04679,22,Female,Central,Tier 3,Science,BCA,73.6,7.12,Friends/Peers,4.4,6.2,5.6,5.5,Python,Research/Education,Private sector,Metro city,Healthcare Professional
INDYCC04680,23,Female,Northeast,Tier 3,Arts/Humanities,BJMC/Media,98.0,9.8,Passion/Interest,2.6,7.7,7.3,8.2,,Technology,Startup,Hometown,Digital Marketer
INDYCC04681,23,Non-binary/Prefer not to say,West,Tier 1,Commerce,BCA,86.2,8.48,Passion/Interest,5.5,4.3,9.6,7.7,SQL,Technology,Private sector,Any city in India,Government Officer
INDYCC04682,20,Male,East,Tier 1,Science,B.Tech/B.E.,73.1,6.99,Parents,7.6,5.5,5.9,6.6,,Healthcare,Self-employed/Freelance,Remote/Hybrid,Healthcare Professional
INDYCC04683,21,Male,Central,Tier 2,Science,B.Sc.,71.2,7.59,Parents,8.4,6.7,8.3,2.7,SQL,Healthcare,Private sector,Remote/Hybrid,Healthcare Professional
INDYCC04684,24,Female,East,Tier 1,Science,BCA,69.4,6.74,Friends/Peers,6.6,6.5,9.2,3.4,Java,Design & Media,Private sector,Metro city,Data Scientist
INDYCC04685,21,Male,Central,Tier 2,Science,B.Sc.,56.9,5.42,Friends/Peers,7.0,5.5,5.1,3.6,JavaScript,Government/Public Service,Private sector,Remote/Hybrid,Financial Analyst
INDYCC04686,23,Male,East,Tier 1,Science,B.Sc.,85.8,8.69,Friends/Peers,6.8,4.6,5.1,5.2,Java,Healthcare,Government sector,Hometown,Healthcare Professional
INDYCC04687,20,Female,East,Tier 2,Arts/Humanities,B.Des,76.6,7.76,Passion/Interest,6.2,5.9,5.7,6.2,JavaScript,Technology,Startup,Any city in India,Researcher/Academician
INDYCC04688,23,Male,West,Tier 1,Commerce,BBA,61.2,5.94,Salary/Package,7.0,3.8,7.7,7.1,C++,Business & Finance,Government sector,Hometown,Financial Analyst
INDYCC04689,21,Female,South,Tier 1,Science,B.Sc.,74.4,7.15,Passion/Interest,9.0,4.8,7.6,7.5,"Python, SQL",Technology,Private sector,Any city in India,Data Scientist
INDYCC04690,21,Female,Central,Tier 3,Science,B.Tech/B.E.,51.2,5.47,Parents,5.6,9.2,7.5,3.1,C++,Government/Public Service,Self-employed/Freelance,Metro city,Government Officer
INDYCC04691,20,Female,East,Tier 1,Commerce,BMS,88.7,8.95,Parents,3.9,5.9,6.4,4.5,,Business & Finance,Higher studies,Metro city,Financial Analyst
INDYCC04692,23,Male,East,Tier 1,Science,B.Sc.,59.4,5.78,Friends/Peers,10.0,7.9,10.0,8.1,"Python, SQL",Healthcare,Self-employed/Freelance,Hometown,Healthcare Professional
INDYCC04693,20,Non-binary/Prefer not to say,South,Tier 2,Science,BCA,57.6,5.47,Friends/Peers,3.7,5.5,7.8,7.3,SQL,Government/Public Service,Higher studies,Remote/Hybrid,Government Officer
INDYCC04694,17,Female,South,Tier 1,Commerce,B.Com,69.9,7.0,Parents,5.1,7.6,5.0,2.4,JavaScript,Business & Finance,Private sector,Any city in India,Financial Analyst
INDYCC04695,17,Male,North,Tier 2,Science,B.Pharm,61.7,6.23,Parents,5.3,3.6,7.0,2.8,"Python, SQL",Marketing,Startup,Remote/Hybrid,Researcher/Academician
INDYCC04696,21,Female,South,Tier 2,Science,B.Pharm,65.2,6.6,Passion/Interest,6.6,5.8,5.5,6.7,SQL,Healthcare,Government sector,Any city in India,Software Engineer
INDYCC04697,17,Female,North,Tier 2,Science,B.Pharm,67.4,6.95,Parents,4.5,5.8,6.6,4.1,Python,Research/Education,Private sector,Metro city,Researcher/Academician
INDYCC04698,19,Male,Northeast,Tier 3,Science,BCA,50.5,5.12,Friends/Peers,7.3,5.8,8.1,6.3,,Healthcare,Private sector,Hometown,Data Scientist
INDYCC04699,19,Male,West,Tier 1,Commerce,BMS,,7.79,Salary/Package,3.8,6.6,5.1,4.2,,Research/Education,Private sector,Metro city,Financial Analyst
INDYCC04700,19,Female,West,Tier 1,Arts/Humanities,BJMC/Media,62.3,6.46,Parents,1.2,7.1,6.4,9.0,SQL,Technology,Higher studies,Any city in India,Product Manager
INDYCC04701,24,Male,South,Tier 2,Arts/Humanities,B.Des,69.2,7.35,Social Media,4.2,6.0,7.7,6.7,Python,Research/Education,Private sector,Metro city,UI/UX Designer
INDYCC04702,23,Male,Northeast,Tier 2,Arts/Humanities,B.A.,68.4,6.96,Parents,3.8,7.7,7.9,6.7,,Business & Finance,Government sector,Remote/Hybrid,Digital Marketer
INDYCC04703,17,Male,North,Tier 1,Science,B.Pharm,77.3,8.07,Parents,6.8,7.8,8.7,2.6,Java,Business & Finance,Startup,Any city in India,Software Engineer
INDYCC04704,23,Male,West,Tier 2,Commerce,CA/Professional Course,60.0,6.04,Social Media,2.5,7.2,7.1,5.4,SQL,Technology,Higher studies,Remote/Hybrid,Product Manager
INDYCC04705,17,Female,South,Tier 1,Science,B.Tech/B.E.,72.4,7.22,Salary/Package,5.4,5.3,9.4,7.0,,Healthcare,Private sector,Metro city,Healthcare Professional
INDYCC04706,20,Male,North,Tier 1,Science,B.Pharm,86.3,8.77,Parents,4.7,7.4,7.2,6.0,Python,Technology,Higher studies,Metro city,Software Engineer
INDYCC04707,22,Male,East,Tier 2,Science,MBBS/Health Sciences,80.7,7.83,Social Media,5.3,6.8,9.9,8.4,JavaScript,Healthcare,Private sector,Remote/Hybrid,Healthcare Professional
INDYCC04708,23,Male,West,Tier 3,Arts/Humanities,LLB,71.3,6.95,Salary/Package,4.8,8.6,2.3,6.3,SQL,Design & Media,Private sector,Metro city,Digital Marketer
INDYCC04709,23,Male,East,Tier 3,Science,B.Tech/B.E.,81.2,7.77,Passion/Interest,7.2,6.4,7.1,5.4,C++,Technology,Government sector,Metro city,Software Engineer
INDYCC04710,19,Male,South,Tier 1,Commerce,BCA,63.1,6.13,Salary/Package,3.6,6.9,6.4,9.0,SQL,Technology,Startup,Any city in India,Software Engineer
INDYCC04711,19,Female,Central,Tier 1,Science,B.Tech/B.E.,84.1,8.29,Social Media,4.4,6.3,4.9,6.2,SQL,Design & Media,Government sector,Metro city,Software Engineer
INDYCC04712,24,Male,East,Tier 1,Science,B.Sc.,75.8,7.84,,4.6,1.9,6.8,7.6,,Business & Finance,Higher studies,Metro city,Financial Analyst
INDYCC04713,18,Male,South,Tier 3,Arts/Humanities,B.Des,83.8,8.25,Parents,4.3,3.3,8.1,10.0,,Technology,Private sector,Metro city,UI/UX Designer
INDYCC04714,17,Female,Northeast,Tier 2,Science,BCA,61.5,5.64,Salary/Package,7.7,6.7,6.7,6.8,C++,Technology,Government sector,Remote/Hybrid,Software Engineer
INDYCC04715,22,Female,North,Tier 2,Arts/Humanities,BBA,67.0,6.97,Social Media,2.2,5.9,5.3,6.8,Python,Design & Media,Higher studies,Metro city,UI/UX Designer
INDYCC04716,17,Male,East,Tier 3,Science,BCA,75.3,7.29,Friends/Peers,3.5,6.7,7.4,7.1,Python,Research/Education,Government sector,Hometown,Data Scientist
INDYCC04717,20,Female,South,Tier 3,Science,MBBS/Health Sciences,63.4,6.38,Salary/Package,8.9,6.5,9.2,5.7,,Healthcare,Government sector,Hometown,Healthcare Professional
INDYCC04718,22,Male,West,Tier 2,Commerce,B.Com,84.0,8.13,Parents,5.8,6.1,10.0,7.9,C++,Design & Media,Private sector,Hometown,UI/UX Designer
INDYCC04719,18,Male,North,Tier 1,Science,MBBS/Health Sciences,70.9,6.82,Friends/Peers,6.6,6.2,7.5,6.6,C++,Business & Finance,Private sector,Remote/Hybrid,Healthcare Professional
INDYCC04720,19,Male,Central,Tier 3,Commerce,B.Com,73.9,7.66,Parents,3.2,6.7,5.4,3.8,Python,Business & Finance,Private sector,Remote/Hybrid,Financial Analyst
INDYCC04721,23,Female,Central,Tier 2,Science,B.Pharm,57.9,5.89,Parents,5.8,5.8,6.3,8.2,JavaScript,Design & Media,Government sector,Hometown,UI/UX Designer
INDYCC04722,21,Male,South,Tier 2,Arts/Humanities,BJMC/Media,79.8,7.83,Parents,1.0,7.3,5.0,5.4,SQL,Business & Finance,Government sector,Any city in India,Financial Analyst
INDYCC04723,21,Female,North,Tier 3,Commerce,CA/Professional Course,66.6,6.91,Parents,5.1,5.5,4.8,6.2,C++,Research/Education,Higher studies,Hometown,Researcher/Academician
INDYCC04724,23,Female,West,Tier 3,Commerce,BCA,83.3,8.44,Parents,5.0,4.4,8.1,6.7,Python,Business & Finance,Private sector,Hometown,Financial Analyst
INDYCC04725,20,Female,South,Tier 1,Science,BCA,89.3,9.06,Social Media,8.0,5.8,6.8,7.0,SQL,Government/Public Service,Higher studies,Metro city,Software Engineer
INDYCC04726,21,Male,North,Tier 1,Arts/Humanities,B.Des,62.5,6.34,Salary/Package,4.9,7.1,6.5,8.1,Python,Business & Finance,Private sector,Metro city,Financial Analyst
INDYCC04727,22,Male,North,Tier 3,Commerce,BCA,88.0,9.27,Salary/Package,6.0,4.5,5.4,4.5,JavaScript,Business & Finance,Startup,Remote/Hybrid,Financial Analyst
INDYCC04728,17,Male,Central,Tier 1,Science,B.Tech/B.E.,74.4,7.29,Passion/Interest,5.9,6.7,7.2,5.7,"Python, SQL",Business & Finance,Self-employed/Freelance,Remote/Hybrid,Software Engineer
INDYCC04729,21,Male,North,Tier 2,Arts/Humanities,B.Des,83.9,8.22,Salary/Package,6.6,4.8,7.7,5.3,"Python, SQL",Technology,Startup,Any city in India,Software Engineer
INDYCC04730,17,Male,South,Tier 2,Science,B.Tech/B.E.,56.5,5.22,Passion/Interest,7.4,7.8,8.2,8.2,,Marketing,Private sector,Metro city,Data Scientist
INDYCC04731,18,Male,North,Tier 1,Science,B.Tech/B.E.,64.0,6.45,Friends/Peers,4.5,4.9,7.8,7.1,,Government/Public Service,Government sector,Metro city,Data Scientist
INDYCC04732,22,Female,South,Tier 1,Commerce,B.Com,76.6,7.7,Parents,9.3,7.4,6.7,4.8,"Python, SQL",Research/Education,Private sector,Hometown,Data Scientist
INDYCC04733,23,Female,East,Tier 1,Science,B.Tech/B.E.,77.9,7.89,Passion/Interest,9.7,7.9,6.2,4.6,Python,Business & Finance,Startup,Metro city,Data Scientist
INDYCC04734,18,Male,South,Tier 3,Science,B.Pharm,62.8,6.34,Salary/Package,6.1,6.6,8.2,5.7,Java,Technology,Higher studies,Metro city,Software Engineer
INDYCC04735,18,Male,South,Tier 3,Commerce,BBA,72.7,7.44,Parents,2.1,7.0,6.2,4.7,Python,Design & Media,Private sector,Remote/Hybrid,UI/UX Designer
INDYCC04736,22,Male,South,Tier 1,Arts/Humanities,LLB,51.7,5.43,Friends/Peers,4.9,8.4,6.9,8.1,,Business & Finance,Government sector,Remote/Hybrid,Digital Marketer
INDYCC04737,22,Male,South,Tier 2,Arts/Humanities,BBA,66.1,6.61,Passion/Interest,3.0,7.5,4.4,5.7,SQL,Healthcare,Startup,Any city in India,Healthcare Professional
INDYCC04738,17,Female,West,Tier 2,Science,B.Pharm,53.3,5.76,Passion/Interest,7.3,4.7,5.2,7.0,SQL,Business & Finance,Government sector,Remote/Hybrid,Data Scientist
INDYCC04739,20,Female,South,Tier 2,Commerce,B.Com,58.6,5.87,Social Media,4.0,5.5,5.5,4.4,,Business & Finance,Startup,Metro city,Financial Analyst
INDYCC04740,22,Non-binary/Prefer not to say,East,Tier 3,Arts/Humanities,BBA,87.3,8.73,Social Media,4.3,9.5,4.0,6.0,Python,Healthcare,Higher studies,Any city in India,UI/UX Designer
INDYCC04741,18,Female,West,Tier 3,Science,B.Pharm,73.0,7.62,Salary/Package,7.7,7.8,9.4,7.9,Python,Business & Finance,Private sector,Hometown,Data Scientist
INDYCC04742,18,Female,Central,Tier 2,Science,BCA,59.7,5.78,Parents,6.1,5.5,7.9,5.4,,Business & Finance,Government sector,Metro city,Data Scientist
INDYCC04743,19,Male,South,Tier 3,Commerce,BCA,80.9,7.9,Salary/Package,3.3,6.9,5.7,7.0,Python,Government/Public Service,Private sector,Remote/Hybrid,Government Officer
INDYCC04744,22,Female,North,Tier 1,Commerce,BCA,78.1,7.78,Passion/Interest,3.4,6.5,7.9,7.4,Python,Government/Public Service,Government sector,Metro city,Government Officer
INDYCC04745,22,Male,South,Tier 3,Science,B.Tech/B.E.,68.6,7.08,Parents,7.0,7.8,8.0,5.8,JavaScript,Marketing,Startup,Hometown,Software Engineer
INDYCC04746,20,Male,South,Tier 2,Commerce,BCA,75.9,6.88,Salary/Package,4.5,3.5,5.1,5.7,SQL,Marketing,Startup,Metro city,Financial Analyst
INDYCC04747,22,Female,East,Tier 1,Arts/Humanities,BBA,73.0,7.39,Parents,5.9,7.2,5.5,6.1,,Design & Media,Self-employed/Freelance,Metro city,UI/UX Designer
INDYCC04748,22,Male,South,Tier 2,Arts/Humanities,B.A.,79.2,7.86,Salary/Package,3.7,10.0,6.7,9.3,,Government/Public Service,Government sector,Metro city,Government Officer
INDYCC04749,21,Male,North,Tier 3,Arts/Humanities,BJMC/Media,80.2,8.05,Salary/Package,1.0,8.1,8.1,7.9,SQL,Design & Media,Private sector,Remote/Hybrid,UI/UX Designer
INDYCC04750,23,Male,Central,Tier 1,Science,B.Sc.,83.2,8.51,Parents,7.4,4.8,8.3,5.2,"Python, SQL",Healthcare,Startup,Any city in India,Healthcare Professional
INDYCC04751,22,Male,North,Tier 3,Science,B.Pharm,77.5,7.34,Salary/Package,6.4,4.9,8.1,5.5,SQL,Business & Finance,Government sector,Remote/Hybrid,Software Engineer
INDYCC04752,19,Male,North,Tier 1,Science,MBBS/Health Sciences,90.8,9.27,Social Media,5.4,5.5,6.7,6.2,,Research/Education,Private sector,Remote/Hybrid,Software Engineer
INDYCC04753,23,Male,South,Tier 3,Science,MBBS/Health Sciences,57.2,5.78,Passion/Interest,5.8,9.7,9.4,6.9,Python,Technology,Private sector,Any city in India,Data Scientist
INDYCC04754,17,Female,North,Tier 2,Science,BCA,51.4,5.4,Social Media,8.2,4.1,6.4,7.2,Python,Government/Public Service,Higher studies,Hometown,Software Engineer
INDYCC04755,18,Female,South,Tier 2,Science,B.Sc.,83.7,8.03,Parents,4.1,4.3,3.0,5.0,Python,Healthcare,Government sector,Metro city,Healthcare Professional
INDYCC04756,21,Female,West,Tier 2,Science,B.Pharm,77.8,7.51,Parents,5.6,4.9,9.4,3.5,JavaScript,Marketing,Private sector,Metro city,Data Scientist
INDYCC04757,17,Male,Central,Tier 1,Science,B.Sc.,45.0,5.0,Social Media,8.1,6.3,5.9,4.6,SQL,Design & Media,Private sector,Remote/Hybrid,Researcher/Academician
INDYCC04758,19,Male,North,Tier 3,Science,B.Sc.,69.0,7.02,Friends/Peers,5.4,4.8,7.6,6.6,"Python, SQL",Research/Education,Startup,Metro city,Researcher/Academician
INDYCC04759,18,Female,West,Tier 2,Science,B.Tech/B.E.,60.6,6.16,Friends/Peers,6.6,4.8,9.3,8.4,SQL,Healthcare,Private sector,Hometown,Healthcare Professional
INDYCC04760,19,Male,East,Tier 3,Commerce,B.Com,82.2,7.96,Parents,8.8,5.8,5.7,5.6,SQL,Design & Media,Government sector,Hometown,Data Scientist
INDYCC04761,21,Female,South,Tier 3,Commerce,BMS,76.8,7.39,Parents,8.8,6.2,7.0,5.9,SQL,Healthcare,Startup,Remote/Hybrid,Healthcare Professional
INDYCC04762,19,Non-binary/Prefer not to say,West,Tier 1,Science,BCA,66.7,7.15,Social Media,7.3,4.1,6.4,7.9,"Python, SQL",Technology,Government sector,Any city in India,Software Engineer
INDYCC04763,23,Female,North,Tier 1,Science,B.Pharm,77.3,8.22,Friends/Peers,6.3,4.4,7.9,4.6,"Python, SQL",Marketing,Private sector,Hometown,Researcher/Academician
INDYCC04764,24,Male,West,Tier 2,Commerce,BMS,72.3,7.31,Parents,6.9,6.3,4.6,5.6,SQL,Design & Media,Government sector,Remote/Hybrid,Financial Analyst
INDYCC04765,20,Male,South,Tier 2,Arts/Humanities,BJMC/Media,68.6,6.87,Passion/Interest,4.4,8.2,3.7,2.9,,Technology,Private sector,Any city in India,Product Manager
INDYCC04766,20,Female,North,Tier 3,Commerce,B.Com,77.1,7.85,Friends/Peers,3.9,7.9,5.8,7.1,,Business & Finance,Private sector,Any city in India,Product Manager
INDYCC04767,20,Female,Northeast,Tier 2,Commerce,BMS,64.4,6.32,Social Media,3.5,5.6,8.0,6.3,SQL,Technology,Private sector,Remote/Hybrid,Product Manager
INDYCC04768,21,Female,Central,Tier 2,Science,BCA,77.2,7.73,Parents,10.0,7.0,7.1,8.6,C++,Government/Public Service,Self-employed/Freelance,Hometown,Software Engineer
INDYCC04769,23,Male,South,Tier 1,Science,B.Pharm,,7.63,Salary/Package,5.8,6.5,8.0,6.7,Python,Marketing,Self-employed/Freelance,Hometown,Software Engineer
INDYCC04770,21,Female,West,Tier 1,Science,BCA,65.3,6.29,Passion/Interest,4.1,6.4,5.7,8.3,,Government/Public Service,Private sector,Hometown,Government Officer
INDYCC04771,18,Male,West,Tier 3,Arts/Humanities,BBA,74.2,7.39,Salary/Package,5.8,4.6,6.1,5.7,Java,Research/Education,Startup,Metro city,Researcher/Academician
INDYCC04772,23,Female,North,Tier 2,Science,BCA,65.8,6.49,Friends/Peers,7.2,7.8,7.1,5.7,SQL,Design & Media,Private sector,Any city in India,Data Scientist
INDYCC04773,19,Male,East,Tier 3,Arts/Humanities,B.A.,74.3,7.4,Passion/Interest,5.3,6.7,5.0,8.2,"Python, SQL",Marketing,Private sector,Hometown,UI/UX Designer
INDYCC04774,18,Female,Central,Tier 1,Arts/Humanities,BJMC/Media,56.9,5.63,Social Media,3.7,9.0,6.2,10.0,SQL,Technology,Private sector,Metro city,UI/UX Designer
INDYCC04775,17,Female,Central,Tier 2,Science,B.Pharm,77.7,7.74,Parents,7.8,6.3,7.2,5.7,SQL,Marketing,Private sector,Remote/Hybrid,Software Engineer
INDYCC04776,17,Female,South,Tier 2,Science,B.Pharm,90.4,8.9,Parents,8.8,4.8,6.9,5.7,SQL,Technology,Government sector,Remote/Hybrid,Software Engineer
INDYCC04777,22,Female,North,Tier 3,Arts/Humanities,B.A.,82.1,8.03,Passion/Interest,5.4,7.4,4.5,10.0,C++,Technology,Government sector,Any city in India,Digital Marketer
INDYCC04778,23,Male,South,Tier 3,Science,B.Tech/B.E.,75.4,7.56,Parents,4.0,6.3,7.3,5.1,SQL,Technology,Private sector,Any city in India,Data Scientist
INDYCC04779,20,Male,Central,Tier 2,Commerce,B.Com,75.4,7.76,Salary/Package,2.4,6.7,8.7,7.0,,Government/Public Service,Private sector,Hometown,Product Manager
INDYCC04780,20,Male,East,Tier 3,Arts/Humanities,BJMC/Media,80.5,7.88,Passion/Interest,1.0,6.8,4.7,6.7,Python,Technology,Government sector,Hometown,Data Scientist
INDYCC04781,17,Male,East,Tier 1,Commerce,CA/Professional Course,81.4,7.52,Friends/Peers,7.4,4.4,5.8,6.8,C++,Technology,Private sector,Hometown,Data Scientist
INDYCC04782,18,Female,South,Tier 2,Arts/Humanities,B.Des,85.2,8.81,Friends/Peers,4.9,7.7,4.7,6.1,SQL,Business & Finance,Private sector,Metro city,Digital Marketer
INDYCC04783,22,Male,West,Tier 3,Science,B.Pharm,76.8,8.08,Passion/Interest,7.9,5.8,9.6,6.6,,Technology,Private sector,Hometown,Software Engineer
INDYCC04784,17,Male,South,Tier 1,Science,B.Pharm,66.5,7.01,Social Media,2.9,5.0,5.6,3.7,Python,Technology,Private sector,Metro city,Software Engineer
INDYCC04785,20,Male,East,Tier 2,Science,BCA,82.6,8.27,Social Media,2.9,7.1,7.7,3.0,SQL,Technology,Startup,Hometown,Data Scientist
INDYCC04786,17,Male,North,Tier 3,Arts/Humanities,B.A.,62.2,6.78,Social Media,4.6,6.5,6.9,7.7,,Technology,Private sector,Metro city,Software Engineer
INDYCC04787,22,Male,North,Tier 3,Commerce,BMS,88.3,9.03,Parents,5.3,6.9,4.7,6.7,Java,Technology,Self-employed/Freelance,Remote/Hybrid,Product Manager
INDYCC04788,24,Female,North,Tier 2,Science,MBBS/Health Sciences,74.1,7.76,Friends/Peers,4.5,6.7,7.1,5.8,Python,Research/Education,Private sector,Remote/Hybrid,Researcher/Academician
INDYCC04789,21,Male,West,Tier 2,Science,MBBS/Health Sciences,70.5,7.61,Parents,6.1,6.3,9.0,4.6,SQL,Government/Public Service,Government sector,Metro city,Government Officer
INDYCC04790,24,Female,North,Tier 2,Commerce,BCA,51.7,5.23,Salary/Package,4.1,4.0,6.7,3.7,SQL,Research/Education,Startup,Any city in India,Product Manager
INDYCC04791,21,Female,Northeast,Tier 3,Arts/Humanities,BBA,45.0,5.0,Salary/Package,1.6,5.9,6.9,5.5,,Healthcare,Private sector,Any city in India,Product Manager
INDYCC04792,23,Male,Northeast,Tier 3,Arts/Humanities,BJMC/Media,77.4,8.16,Passion/Interest,2.1,9.5,5.5,8.0,,Healthcare,Startup,Metro city,UI/UX Designer
INDYCC04793,20,Female,East,Tier 2,Commerce,BCA,68.0,6.64,Salary/Package,3.6,6.0,7.1,3.7,SQL,Research/Education,Startup,Metro city,Researcher/Academician
INDYCC04794,21,Female,Central,Tier 2,Arts/Humanities,BBA,79.6,8.1,Friends/Peers,6.8,7.2,7.3,5.7,Python,Design & Media,Startup,Metro city,Digital Marketer
INDYCC04795,22,Male,East,Tier 3,Arts/Humanities,LLB,45.3,5.0,Parents,6.1,7.7,3.7,6.4,"Python, SQL",Healthcare,Private sector,Hometown,Healthcare Professional
INDYCC04796,24,Male,Central,Tier 1,Science,MBBS/Health Sciences,80.6,8.07,Salary/Package,4.8,6.4,3.3,5.8,,Technology,Private sector,Any city in India,Software Engineer
INDYCC04797,20,Female,North,Tier 1,Science,B.Tech/B.E.,69.5,6.69,Passion/Interest,8.3,6.1,7.5,4.9,JavaScript,Marketing,Higher studies,Any city in India,Software Engineer
INDYCC04798,21,Female,North,Tier 1,Commerce,BBA,76.1,7.64,Passion/Interest,3.8,7.9,6.2,3.9,,Technology,Self-employed/Freelance,Any city in India,Product Manager
INDYCC04799,23,Male,West,Tier 2,Science,B.Pharm,98.0,9.79,Friends/Peers,6.8,5.8,5.5,5.2,"Python, SQL",Design & Media,Self-employed/Freelance,Hometown,UI/UX Designer
INDYCC04800,21,Female,North,Tier 2,Arts/Humanities,BJMC/Media,69.6,7.27,Parents,3.4,6.5,4.7,6.7,,Marketing,Private sector,Hometown,Financial Analyst
INDYCC04801,19,Female,Northeast,Tier 2,Arts/Humanities,BJMC/Media,68.0,6.96,Passion/Interest,1.0,6.5,4.1,5.7,SQL,Marketing,Private sector,Any city in India,Researcher/Academician
INDYCC04802,18,Female,North,Tier 2,Science,MBBS/Health Sciences,80.2,7.98,Parents,4.4,4.2,7.0,7.8,Python,Healthcare,Private sector,Hometown,Healthcare Professional
INDYCC04803,19,Male,West,Tier 1,Commerce,BCA,82.2,8.38,Parents,4.4,4.3,7.5,5.8,Python,Business & Finance,Private sector,Remote/Hybrid,Financial Analyst
INDYCC04804,23,Female,North,Tier 3,Commerce,BBA,85.1,8.32,Parents,5.0,5.9,7.5,3.9,SQL,Healthcare,Government sector,Metro city,Financial Analyst
INDYCC04805,24,Male,West,Tier 2,Commerce,CA/Professional Course,80.9,8.38,Passion/Interest,1.3,6.5,3.1,5.2,,Business & Finance,Self-employed/Freelance,Metro city,Financial Analyst
INDYCC04806,22,Female,North,Tier 2,Arts/Humanities,B.A.,72.0,7.27,Social Media,3.1,6.8,5.2,4.2,,Research/Education,Private sector,Metro city,Researcher/Academician
INDYCC04807,19,Female,East,Tier 2,Science,BCA,83.0,8.15,Salary/Package,6.2,7.4,4.6,5.2,,Technology,Startup,Hometown,Software Engineer
INDYCC04808,21,Male,Northeast,Tier 3,Arts/Humanities,B.Des,71.9,7.09,Parents,1.0,6.0,3.2,7.2,Python,Marketing,Higher studies,Hometown,UI/UX Designer
INDYCC04809,21,Male,Northeast,Tier 1,Commerce,BMS,77.3,7.82,Parents,2.7,7.3,8.1,4.6,,Business & Finance,Private sector,Any city in India,Financial Analyst
INDYCC04810,18,Female,South,Tier 1,Science,B.Pharm,61.9,6.44,Parents,9.8,4.0,6.6,4.9,"Python, SQL",Technology,Private sector,Any city in India,Software Engineer
INDYCC04811,19,Male,North,Tier 2,Commerce,B.Com,70.7,7.33,Social Media,4.5,6.9,4.8,5.0,,Marketing,Private sector,Metro city,Financial Analyst
INDYCC04812,17,Male,South,Tier 2,Science,B.Tech/B.E.,76.4,7.89,Salary/Package,5.2,6.1,5.5,4.2,SQL,Healthcare,Self-employed/Freelance,Remote/Hybrid,Healthcare Professional
INDYCC04813,24,Female,North,Tier 1,Science,B.Tech/B.E.,65.4,6.49,Friends/Peers,6.6,5.8,8.9,5.2,JavaScript,Business & Finance,Private sector,Any city in India,Financial Analyst
INDYCC04814,18,Male,West,Tier 2,Arts/Humanities,LLB,67.1,6.89,Social Media,3.3,6.5,5.0,8.5,,Healthcare,Private sector,Remote/Hybrid,Healthcare Professional
INDYCC04815,21,Male,Central,Tier 2,Commerce,CA/Professional Course,98.0,9.56,Social Media,2.5,5.5,6.2,5.5,,Marketing,Private sector,Any city in India,Product Manager
INDYCC04816,23,Male,South,Tier 1,Science,B.Sc.,71.1,7.08,Salary/Package,4.7,7.4,7.8,6.1,SQL,Healthcare,Private sector,Metro city,Healthcare Professional
INDYCC04817,19,Male,West,Tier 1,Science,B.Tech/B.E.,56.0,5.64,Parents,9.3,6.0,6.6,6.9,,Business & Finance,Private sector,Any city in India,Software Engineer
INDYCC04818,17,Male,South,Tier 2,Arts/Humanities,B.Des,60.7,6.24,Parents,2.3,8.7,7.4,7.2,,Healthcare,Private sector,Remote/Hybrid,Digital Marketer
INDYCC04819,19,Male,Central,Tier 1,Commerce,BBA,53.9,5.3,Salary/Package,5.3,6.1,4.8,2.9,C++,Technology,Government sector,Metro city,Government Officer
INDYCC04820,20,Female,West,Tier 1,Science,B.Pharm,77.4,7.93,Salary/Package,7.6,5.1,6.6,5.9,,Marketing,Government sector,Hometown,Software Engineer
INDYCC04821,18,Female,Central,Tier 2,Science,MBBS/Health Sciences,64.8,6.57,Social Media,5.8,6.7,7.6,5.8,Python,Research/Education,Self-employed/Freelance,Any city in India,Researcher/Academician
INDYCC04822,19,Female,North,Tier 1,Science,BCA,83.9,8.65,Passion/Interest,8.9,5.4,8.8,2.4,SQL,Marketing,Government sector,Any city in India,Data Scientist
INDYCC04823,21,Female,North,Tier 3,Commerce,BMS,83.1,8.71,Friends/Peers,1.0,6.7,8.6,4.9,SQL,Design & Media,Private sector,Hometown,Product Manager
INDYCC04824,19,Male,North,Tier 1,Arts/Humanities,LLB,75.6,7.2,Salary/Package,3.2,6.5,5.1,6.4,Python,Healthcare,Private sector,Remote/Hybrid,UI/UX Designer
INDYCC04825,18,Male,East,Tier 2,Science,BCA,50.8,5.0,Salary/Package,4.6,4.6,9.8,5.1,,Marketing,Private sector,Metro city,Digital Marketer
INDYCC04826,22,Female,North,Tier 2,Science,B.Tech/B.E.,86.7,8.78,Friends/Peers,5.6,6.6,6.0,4.4,SQL,Design & Media,Private sector,Remote/Hybrid,UI/UX Designer
INDYCC04827,24,Male,Central,Tier 2,Science,B.Sc.,98.0,9.52,Salary/Package,1.0,3.7,6.9,3.1,,Business & Finance,Private sector,Hometown,Financial Analyst
INDYCC04828,22,Male,West,Tier 3,Arts/Humanities,B.A.,45.4,5.0,Social Media,2.0,7.1,5.2,10.0,Python,Technology,Private sector,Remote/Hybrid,UI/UX Designer
INDYCC04829,19,Male,Central,Tier 2,Commerce,BBA,59.8,6.44,Passion/Interest,6.2,5.9,6.4,5.1,SQL,Technology,Private sector,Hometown,UI/UX Designer
INDYCC04830,19,Female,East,Tier 1,Commerce,BCA,78.9,8.0,Parents,5.0,4.6,7.9,4.6,Python,Research/Education,Higher studies,Any city in India,Researcher/Academician
INDYCC04831,21,Male,Central,Tier 1,Science,MBBS/Health Sciences,74.5,7.5,Salary/Package,8.1,3.9,8.8,6.6,Java,Design & Media,Higher studies,Remote/Hybrid,Data Scientist
INDYCC04832,21,Male,East,Tier 2,Commerce,BCA,48.6,5.0,Salary/Package,2.6,6.6,3.3,6.7,SQL,Business & Finance,Higher studies,Any city in India,Financial Analyst
INDYCC04833,23,Male,West,Tier 1,Commerce,BBA,59.2,6.02,Passion/Interest,5.4,6.6,6.5,6.2,JavaScript,Healthcare,Government sector,Any city in India,Healthcare Professional
INDYCC04834,19,Male,West,Tier 3,Commerce,BMS,70.3,7.03,Friends/Peers,8.6,6.1,8.7,6.1,C++,Healthcare,Self-employed/Freelance,Any city in India,Product Manager
INDYCC04835,21,Female,East,Tier 2,Commerce,B.Com,70.9,6.82,Parents,3.1,5.7,7.2,3.3,SQL,Marketing,Private sector,Metro city,Researcher/Academician
INDYCC04836,19,Female,North,Tier 3,Commerce,BBA,75.2,7.21,Parents,2.4,3.2,4.8,2.6,Python,Marketing,Startup,Remote/Hybrid,Financial Analyst
INDYCC04837,17,Male,South,Tier 2,Science,BCA,79.3,8.53,Parents,8.1,7.2,7.8,5.4,Java,Technology,Private sector,Any city in India,Software Engineer
INDYCC04838,17,Male,West,Tier 3,Science,B.Sc.,83.3,8.36,Parents,9.0,6.2,8.5,2.7,"Python, SQL",Marketing,Startup,Hometown,Software Engineer
INDYCC04839,24,Female,West,Tier 2,Science,B.Tech/B.E.,59.4,6.04,Social Media,7.1,4.3,6.2,6.5,Python,Business & Finance,Higher studies,Any city in India,Data Scientist
INDYCC04840,18,Male,South,Tier 1,Commerce,BCA,69.4,7.09,Social Media,4.8,8.5,7.4,6.6,Python,Business & Finance,Private sector,Any city in India,Product Manager
INDYCC04841,20,Male,Central,Tier 1,Science,B.Pharm,67.1,7.06,Salary/Package,1.9,6.3,6.9,5.3,,Healthcare,Private sector,Any city in India,Healthcare Professional
INDYCC04842,17,Male,West,Tier 2,Science,MBBS/Health Sciences,54.5,5.63,,6.3,7.3,7.2,7.6,,Research/Education,Self-employed/Freelance,Any city in India,Researcher/Academician
INDYCC04843,23,Female,East,Tier 1,Science,B.Sc.,51.2,5.0,Passion/Interest,10.0,5.0,7.5,6.1,,Research/Education,Government sector,Metro city,Software Engineer
INDYCC04844,20,Male,North,Tier 2,Arts/Humanities,BBA,63.4,6.45,Social Media,3.9,8.3,3.9,6.6,Python,Healthcare,Private sector,Metro city,Product Manager
INDYCC04845,19,Female,North,Tier 1,Science,B.Sc.,94.5,9.54,Salary/Package,6.2,6.2,8.4,7.9,,Technology,Self-employed/Freelance,Metro city,Data Scientist
INDYCC04846,22,Female,East,Tier 1,Science,MBBS/Health Sciences,68.3,6.42,Parents,2.5,9.5,8.8,4.5,SQL,Research/Education,Self-employed/Freelance,Any city in India,Researcher/Academician
INDYCC04847,23,Male,North,Tier 2,Commerce,CA/Professional Course,64.5,6.59,Parents,3.2,6.0,7.0,3.5,Python,Marketing,Self-employed/Freelance,Metro city,Product Manager
INDYCC04848,17,Male,West,Tier 1,Arts/Humanities,BBA,54.8,5.35,Salary/Package,5.9,7.7,6.0,10.0,,Business & Finance,Private sector,Metro city,Digital Marketer
INDYCC04849,24,Male,East,Tier 3,Science,BCA,,7.32,Social Media,5.3,7.6,9.5,10.0,"Python, SQL",Technology,Private sector,Hometown,Software Engineer
INDYCC04850,17,Female,Northeast,Tier 2,Commerce,B.Com,69.5,6.85,Friends/Peers,6.6,8.0,6.7,3.5,C++,Research/Education,Private sector,Metro city,Healthcare Professional
INDYCC04851,19,Non-binary/Prefer not to say,West,Tier 1,Science,B.Pharm,68.8,,Passion/Interest,5.3,7.2,8.0,5.9,C++,Design & Media,Higher studies,Hometown,Researcher/Academician
INDYCC04852,21,Female,North,Tier 3,Arts/Humanities,BBA,70.9,6.93,Friends/Peers,2.1,7.3,4.7,5.7,SQL,Technology,Self-employed/Freelance,Any city in India,Product Manager
INDYCC04853,21,Male,East,Tier 1,Science,MBBS/Health Sciences,73.3,6.63,Salary/Package,4.5,5.6,8.5,7.1,,Healthcare,Private sector,Remote/Hybrid,Healthcare Professional
INDYCC04854,21,Male,South,Tier 2,Arts/Humanities,B.A.,61.1,6.17,Passion/Interest,2.5,7.2,5.5,7.9,Python,Healthcare,Private sector,Metro city,UI/UX Designer
INDYCC04855,17,Male,West,Tier 3,Science,MBBS/Health Sciences,59.0,6.02,Parents,6.8,6.5,8.9,4.4,C++,Healthcare,Government sector,Metro city,Software Engineer
INDYCC04856,18,Male,West,Tier 3,Science,B.Tech/B.E.,62.4,6.55,Social Media,4.8,4.8,6.7,7.8,Python,Business & Finance,Startup,Any city in India,Digital Marketer
INDYCC04857,17,Male,West,Tier 1,Science,B.Tech/B.E.,73.3,7.0,Social Media,4.6,7.1,9.0,4.2,SQL,Marketing,Startup,Metro city,Data Scientist
INDYCC04858,24,Female,South,Tier 1,Commerce,BBA,80.1,8.0,Passion/Interest,5.7,3.5,9.5,6.4,Java,Government/Public Service,Government sector,Any city in India,Government Officer
INDYCC04859,20,Female,Northeast,Tier 3,Science,MBBS/Health Sciences,46.9,5.0,Friends/Peers,7.3,6.5,6.7,7.4,"Python, SQL",Healthcare,Government sector,Metro city,Healthcare Professional
INDYCC04860,23,Female,North,Tier 1,Commerce,BCA,,8.03,Friends/Peers,2.0,7.4,7.0,8.1,,Design & Media,Private sector,Remote/Hybrid,Digital Marketer
INDYCC04861,23,Male,Central,Tier 2,Commerce,BMS,75.2,7.14,Salary/Package,8.1,5.4,7.2,4.5,C++,Technology,Higher studies,Hometown,Product Manager
INDYCC04862,18,Female,North,Tier 1,Arts/Humanities,B.A.,57.7,5.71,Salary/Package,3.5,10.0,7.5,5.1,,Design & Media,Startup,Hometown,UI/UX Designer
INDYCC04863,24,Female,South,Tier 2,Science,BCA,,7.47,Parents,8.4,7.8,8.2,7.6,"Python, SQL",Design & Media,Self-employed/Freelance,Hometown,Healthcare Professional
INDYCC04864,22,Female,West,Tier 3,Science,B.Pharm,74.5,7.41,Social Media,7.2,4.5,7.6,5.4,,Government/Public Service,Private sector,Metro city,Software Engineer
INDYCC04865,22,Female,North,Tier 2,Science,B.Sc.,56.8,5.64,Friends/Peers,5.7,4.1,5.1,4.9,"Python, SQL",Healthcare,Startup,Any city in India,Healthcare Professional
INDYCC04866,22,Male,East,Tier 3,Arts/Humanities,B.Des,98.0,9.8,Parents,3.6,6.6,6.5,6.2,Python,Marketing,Private sector,Remote/Hybrid,UI/UX Designer
INDYCC04867,23,Non-binary/Prefer not to say,East,Tier 2,Arts/Humanities,B.Des,77.2,7.89,Parents,5.4,6.6,5.9,4.9,Python,Design & Media,Private sector,Metro city,UI/UX Designer
INDYCC04868,24,Female,South,Tier 2,Science,B.Pharm,70.7,7.65,Parents,6.4,8.7,4.9,2.8,JavaScript,Marketing,Startup,Any city in India,Software Engineer
INDYCC04869,21,Female,East,Tier 1,Science,B.Tech/B.E.,73.6,7.45,Passion/Interest,4.5,5.5,4.7,6.4,SQL,Research/Education,Higher studies,Remote/Hybrid,Researcher/Academician
INDYCC04870,23,Female,South,Tier 1,Science,B.Sc.,90.6,9.01,Parents,4.2,3.9,6.3,8.1,SQL,Business & Finance,Higher studies,Metro city,Financial Analyst
INDYCC04871,20,Male,North,Tier 2,Commerce,BMS,68.5,6.91,Parents,5.0,5.7,3.8,7.6,"Python, SQL",Research/Education,Private sector,Any city in India,Digital Marketer
INDYCC04872,20,Female,Northeast,Tier 2,Science,MBBS/Health Sciences,68.4,6.91,,6.4,5.5,6.7,6.7,SQL,Government/Public Service,Private sector,Remote/Hybrid,Software Engineer
INDYCC04873,18,Female,North,Tier 3,Science,B.Tech/B.E.,59.5,5.96,Salary/Package,4.5,7.5,6.7,7.5,Python,Government/Public Service,Private sector,Hometown,Data Scientist
INDYCC04874,20,Male,North,Tier 2,Science,B.Pharm,72.8,7.13,Salary/Package,7.8,8.0,9.2,4.7,JavaScript,Technology,Government sector,Hometown,Software Engineer
INDYCC04875,19,Female,North,Tier 3,Commerce,BCA,86.7,9.1,,7.8,6.7,8.2,6.4,C++,Marketing,Higher studies,Remote/Hybrid,Financial Analyst
INDYCC04876,22,Male,North,Tier 2,Arts/Humanities,BBA,73.0,7.61,Passion/Interest,8.4,6.4,5.1,6.5,JavaScript,Technology,Government sector,Metro city,Software Engineer
INDYCC04877,20,Male,North,Tier 1,Arts/Humanities,BJMC/Media,69.7,6.63,Passion/Interest,1.3,8.9,6.1,6.9,,Government/Public Service,Government sector,Any city in India,Government Officer
INDYCC04878,20,Female,South,Tier 1,Arts/Humanities,LLB,62.3,6.17,Friends/Peers,6.4,7.4,5.2,7.0,"Python, SQL",Marketing,Startup,Hometown,Digital Marketer
INDYCC04879,18,Male,North,Tier 1,Arts/Humanities,B.Des,82.5,8.51,Salary/Package,3.7,3.5,2.2,5.5,SQL,Design & Media,Government sector,Any city in India,UI/UX Designer
INDYCC04880,20,Male,Central,Tier 2,Science,B.Pharm,55.8,5.72,Passion/Interest,7.4,7.4,10.0,7.2,C++,Research/Education,Startup,Remote/Hybrid,Software Engineer
INDYCC04881,24,Female,South,Tier 2,Science,BCA,68.0,7.1,Parents,4.3,5.3,6.5,4.0,,Technology,Private sector,Remote/Hybrid,Software Engineer
INDYCC04882,18,Male,South,Tier 2,Commerce,B.Com,45.0,5.0,Friends/Peers,1.6,6.6,7.5,2.9,Python,Healthcare,Higher studies,Hometown,Financial Analyst
INDYCC04883,19,Female,South,Tier 3,Arts/Humanities,BJMC/Media,73.1,7.15,Passion/Interest,1.0,5.2,6.0,9.2,Python,Technology,Private sector,Remote/Hybrid,Government Officer
INDYCC04884,17,Female,East,Tier 1,Arts/Humanities,B.A.,84.2,8.51,Salary/Package,3.6,5.0,4.4,9.5,,Design & Media,Private sector,Remote/Hybrid,UI/UX Designer
INDYCC04885,22,Female,Central,Tier 2,Arts/Humanities,B.Des,58.7,5.97,Friends/Peers,3.0,6.4,6.6,6.2,,Technology,Private sector,Remote/Hybrid,Software Engineer
INDYCC04886,18,Male,South,Tier 3,Science,MBBS/Health Sciences,86.7,8.71,Parents,6.3,4.0,5.6,6.3,SQL,Government/Public Service,Private sector,Metro city,Government Officer
INDYCC04887,24,Male,South,Tier 2,Arts/Humanities,B.A.,86.1,8.8,Passion/Interest,4.5,8.3,7.7,9.0,Python,Technology,Government sector,Any city in India,UI/UX Designer
INDYCC04888,23,Female,Central,Tier 2,Commerce,BMS,73.0,7.42,Parents,4.8,6.5,4.2,5.2,Python,Research/Education,Private sector,Remote/Hybrid,Researcher/Academician
INDYCC04889,17,Male,South,Tier 1,Arts/Humanities,B.A.,57.5,5.81,Social Media,5.5,5.8,3.3,8.1,JavaScript,Technology,Private sector,Any city in India,Digital Marketer
INDYCC04890,24,Male,West,Tier 2,Arts/Humanities,BBA,48.7,5.08,Salary/Package,4.0,5.4,4.3,6.6,Python,Business & Finance,Self-employed/Freelance,Metro city,Product Manager
INDYCC04891,22,Non-binary/Prefer not to say,North,Tier 3,Science,BCA,78.6,8.2,Salary/Package,6.3,5.2,8.1,2.9,C++,Technology,Private sector,Any city in India,Software Engineer
INDYCC04892,20,Female,South,Tier 3,Commerce,B.Com,77.5,7.73,Parents,7.6,6.9,7.5,3.4,JavaScript,Healthcare,Self-employed/Freelance,Metro city,Healthcare Professional
INDYCC04893,22,Female,North,Tier 2,Science,B.Sc.,69.7,6.74,Parents,3.4,7.9,8.9,1.0,,Research/Education,Startup,Metro city,Data Scientist
INDYCC04894,20,Male,South,Tier 1,Commerce,B.Com,86.7,9.01,Passion/Interest,6.0,2.2,7.2,7.8,,Business & Finance,Government sector,Hometown,Financial Analyst
INDYCC04895,22,Male,West,Tier 3,Arts/Humanities,BJMC/Media,67.9,6.68,,5.4,7.2,5.3,9.5,"Python, SQL",Technology,Private sector,Hometown,Digital Marketer
INDYCC04896,22,Female,South,Tier 3,Arts/Humanities,B.A.,76.6,7.36,Salary/Package,1.0,8.6,4.9,7.6,Python,Technology,Higher studies,Metro city,Digital Marketer
INDYCC04897,24,Female,Central,Tier 2,Commerce,BMS,68.1,6.97,Friends/Peers,4.3,5.8,6.5,6.8,,Technology,Private sector,Remote/Hybrid,Product Manager
INDYCC04898,21,Female,East,Tier 1,Arts/Humanities,BJMC/Media,60.1,5.81,Parents,3.3,8.8,5.4,5.4,SQL,Marketing,Private sector,Metro city,Digital Marketer
INDYCC04899,19,Male,North,Tier 2,Arts/Humanities,LLB,63.4,6.36,Salary/Package,2.5,8.0,4.6,8.0,,Technology,Private sector,Any city in India,Digital Marketer
INDYCC04900,20,Female,West,Tier 1,Arts/Humanities,LLB,68.1,6.52,Social Media,4.7,6.6,5.9,10.0,SQL,Technology,Startup,Metro city,UI/UX Designer
INDYCC04901,21,Female,South,Tier 1,Arts/Humanities,LLB,53.4,5.35,Friends/Peers,1.0,7.4,4.9,5.8,Python,Design & Media,Higher studies,Any city in India,UI/UX Designer
INDYCC04902,21,Male,North,Tier 3,Science,B.Tech/B.E.,67.6,6.75,Parents,7.8,6.4,8.3,8.5,"Python, SQL",Research/Education,Higher studies,Hometown,Researcher/Academician
INDYCC04903,21,Female,North,Tier 2,Science,MBBS/Health Sciences,76.0,7.77,Parents,4.3,7.8,5.5,7.5,SQL,Research/Education,Higher studies,Metro city,Data Scientist
INDYCC04904,20,Female,Northeast,Tier 1,Arts/Humanities,BBA,68.3,6.65,Friends/Peers,4.3,8.5,6.8,8.3,,Healthcare,Government sector,Metro city,Digital Marketer
INDYCC04905,21,Female,Northeast,Tier 3,Commerce,BBA,60.3,6.04,Passion/Interest,6.0,6.9,5.5,4.6,Python,Government/Public Service,Private sector,Any city in India,Government Officer
INDYCC04906,23,Male,North,Tier 1,Science,MBBS/Health Sciences,45.0,5.0,Passion/Interest,6.5,6.7,7.5,5.3,,Design & Media,Private sector,Metro city,Data Scientist
INDYCC04907,20,Female,North,Tier 3,Science,B.Tech/B.E.,92.2,9.12,Social Media,4.0,5.2,9.6,6.6,,Technology,Higher studies,Metro city,Software Engineer
INDYCC04908,19,Male,East,Tier 1,Arts/Humanities,B.Des,80.4,8.13,Salary/Package,2.5,7.2,4.5,3.9,,Healthcare,Private sector,Remote/Hybrid,Digital Marketer
INDYCC04909,17,Female,East,Tier 2,Commerce,CA/Professional Course,79.8,8.23,Social Media,1.7,5.7,5.3,3.0,,Marketing,Private sector,Metro city,Product Manager
INDYCC04910,17,Male,North,Tier 1,Science,B.Sc.,77.9,7.99,Social Media,9.8,6.3,8.8,3.9,SQL,Design & Media,Self-employed/Freelance,Any city in India,Software Engineer
INDYCC04911,20,Male,West,Tier 1,Commerce,B.Com,53.4,5.0,Passion/Interest,6.1,7.6,6.6,5.8,Python,Design & Media,Private sector,Any city in India,UI/UX Designer
INDYCC04912,24,Male,Central,Tier 1,Commerce,B.Com,67.9,6.91,Friends/Peers,6.4,6.4,3.3,5.5,,Marketing,Private sector,Hometown,Financial Analyst
INDYCC04913,24,Female,Central,Tier 1,Science,B.Sc.,80.5,,Friends/Peers,7.0,5.7,8.7,7.3,"Python, SQL",Technology,Startup,Metro city,Software Engineer
INDYCC04914,20,Male,North,Tier 3,Commerce,BBA,63.4,6.13,Parents,4.8,6.9,4.6,4.1,SQL,Government/Public Service,Government sector,Any city in India,Government Officer
INDYCC04915,22,Female,Central,Tier 3,Commerce,B.Com,77.8,7.37,Salary/Package,7.2,3.7,6.0,5.7,,Government/Public Service,Government sector,Any city in India,Government Officer
INDYCC04916,20,Male,South,Tier 1,Arts/Humanities,BBA,80.3,7.82,Friends/Peers,3.5,6.3,4.1,9.9,,Business & Finance,Private sector,Metro city,Digital Marketer
INDYCC04917,19,Female,South,Tier 1,Science,BCA,53.5,5.1,Friends/Peers,6.3,5.2,6.3,8.6,"Python, SQL",Marketing,Government sector,Hometown,Software Engineer
INDYCC04918,19,Female,West,Tier 1,Science,B.Pharm,64.9,6.46,Passion/Interest,9.1,6.0,7.3,4.5,SQL,Business & Finance,Private sector,Hometown,Data Scientist
INDYCC04919,18,Male,North,Tier 1,Commerce,CA/Professional Course,66.7,6.74,Salary/Package,8.8,7.1,3.4,5.2,Java,Research/Education,Private sector,Hometown,Product Manager
INDYCC04920,18,Female,South,Tier 2,Science,B.Tech/B.E.,60.7,6.49,Parents,4.5,6.0,3.8,6.8,SQL,Government/Public Service,Startup,Hometown,Data Scientist
INDYCC04921,23,Male,South,Tier 3,Science,MBBS/Health Sciences,76.7,7.57,Parents,4.9,5.4,6.3,7.4,,Business & Finance,Higher studies,Remote/Hybrid,Financial Analyst
INDYCC04922,21,Male,North,Tier 3,Science,MBBS/Health Sciences,78.7,7.75,Friends/Peers,8.5,4.8,6.4,6.5,JavaScript,Government/Public Service,Higher studies,Hometown,Data Scientist
INDYCC04923,24,Female,Central,Tier 3,Commerce,B.Com,68.3,6.76,Salary/Package,2.5,3.3,7.5,6.3,Python,Research/Education,Private sector,Hometown,Software Engineer
INDYCC04924,17,Male,Central,Tier 3,Science,B.Sc.,56.3,5.66,Parents,7.8,7.4,6.7,6.6,JavaScript,Business & Finance,Startup,Any city in India,Software Engineer
INDYCC04925,20,Male,South,Tier 3,Science,B.Sc.,79.4,8.21,Salary/Package,6.0,8.1,7.5,4.5,C++,Healthcare,Higher studies,Hometown,Healthcare Professional
INDYCC04926,21,Male,East,Tier 2,Arts/Humanities,B.A.,92.7,9.48,Parents,7.9,7.7,6.2,6.7,Java,Healthcare,Private sector,Remote/Hybrid,Government Officer
INDYCC04927,18,Male,Northeast,Tier 2,Science,MBBS/Health Sciences,82.9,8.48,Friends/Peers,6.6,6.5,7.0,7.2,,Technology,Government sector,Remote/Hybrid,Data Scientist
INDYCC04928,22,Female,South,Tier 3,Arts/Humanities,BJMC/Media,75.6,7.73,Social Media,3.5,8.6,4.7,8.1,Python,Technology,Startup,Hometown,Digital Marketer
INDYCC04929,20,Female,West,Tier 1,Science,BCA,76.4,7.22,Friends/Peers,5.4,8.3,4.8,5.6,Python,Business & Finance,Private sector,Metro city,Data Scientist
INDYCC04930,18,Male,North,Tier 1,Commerce,BCA,79.8,7.79,Parents,7.3,4.4,8.1,5.3,JavaScript,Business & Finance,Private sector,Remote/Hybrid,Financial Analyst
INDYCC04931,21,Male,Central,Tier 3,Commerce,BCA,75.9,7.69,Passion/Interest,5.4,8.6,5.7,3.4,SQL,Government/Public Service,Private sector,Remote/Hybrid,Government Officer
INDYCC04932,22,Female,South,Tier 2,Commerce,BCA,72.2,7.4,Friends/Peers,2.8,5.0,6.9,3.1,SQL,Technology,Government sector,Any city in India,Product Manager
INDYCC04933,24,Female,North,Tier 1,Commerce,B.Com,84.0,8.17,Passion/Interest,7.6,6.2,6.9,4.7,Java,Business & Finance,Startup,Hometown,Financial Analyst
INDYCC04934,20,Male,North,Tier 1,Arts/Humanities,B.A.,63.7,6.28,Friends/Peers,2.6,5.7,8.4,7.2,,Technology,Private sector,Metro city,UI/UX Designer
INDYCC04935,24,Male,West,Tier 2,Commerce,CA/Professional Course,73.6,6.72,Social Media,5.8,5.8,4.4,3.6,Python,Technology,Private sector,Remote/Hybrid,Data Scientist
INDYCC04936,22,Female,East,Tier 3,Science,MBBS/Health Sciences,80.1,8.06,Parents,2.2,7.1,6.8,3.5,,Marketing,Startup,Any city in India,Healthcare Professional
INDYCC04937,21,Male,North,Tier 1,Science,B.Tech/B.E.,78.6,,Salary/Package,3.7,7.3,8.1,5.2,,Technology,Government sector,Any city in India,Data Scientist
INDYCC04938,18,Female,North,Tier 1,Arts/Humanities,B.Des,77.0,7.51,Salary/Package,1.7,7.0,5.2,5.0,Python,Marketing,Private sector,Metro city,Researcher/Academician
INDYCC04939,23,Male,South,Tier 2,Science,B.Pharm,66.0,6.35,Salary/Package,8.0,4.8,6.1,2.9,JavaScript,Government/Public Service,Private sector,Remote/Hybrid,Data Scientist
INDYCC04940,21,Female,South,Tier 1,Science,B.Tech/B.E.,79.5,8.21,Parents,5.5,8.5,8.5,3.9,,Design & Media,Government sector,Remote/Hybrid,Data Scientist
INDYCC04941,22,Male,South,Tier 3,Arts/Humanities,BJMC/Media,53.0,5.0,Passion/Interest,1.1,7.5,7.1,5.5,,Government/Public Service,Private sector,Remote/Hybrid,Government Officer
INDYCC04942,17,Male,Northeast,Tier 2,Science,B.Tech/B.E.,54.6,5.65,Passion/Interest,4.8,6.3,6.6,3.6,SQL,Technology,Startup,Any city in India,Data Scientist
INDYCC04943,20,Female,South,Tier 3,Science,MBBS/Health Sciences,68.2,7.02,Salary/Package,5.6,7.5,6.8,5.2,JavaScript,Business & Finance,Startup,Remote/Hybrid,Software Engineer
INDYCC04944,18,Male,North,Tier 3,Science,MBBS/Health Sciences,72.8,7.21,Parents,6.7,7.5,4.7,3.9,JavaScript,Healthcare,Startup,Metro city,Healthcare Professional
INDYCC04945,20,Male,Central,Tier 3,Science,B.Tech/B.E.,77.5,8.1,Parents,7.2,3.4,5.6,5.9,Python,Technology,Private sector,Metro city,Software Engineer
INDYCC04946,18,Female,East,Tier 2,Arts/Humanities,B.Des,70.5,7.32,Parents,4.5,4.9,5.2,5.3,Python,Government/Public Service,Self-employed/Freelance,Any city in India,Government Officer
INDYCC04947,18,Female,East,Tier 3,Science,B.Pharm,85.1,8.49,Passion/Interest,7.5,7.0,5.6,3.4,Python,Technology,Government sector,Metro city,Data Scientist
INDYCC04948,24,Male,East,Tier 1,Science,B.Pharm,69.1,6.53,Salary/Package,7.3,3.9,4.5,5.0,C++,Marketing,Private sector,Metro city,Data Scientist
INDYCC04949,18,Male,North,Tier 2,Arts/Humanities,B.A.,70.2,7.15,Salary/Package,2.3,8.2,5.3,6.6,,Technology,Government sector,Any city in India,UI/UX Designer
INDYCC04950,19,Male,South,Tier 1,Commerce,CA/Professional Course,74.5,7.34,Social Media,6.3,6.3,6.0,5.5,C++,Business & Finance,Startup,Metro city,Financial Analyst
INDYCC04951,19,Male,South,Tier 3,Science,B.Pharm,69.8,7.38,Parents,5.0,8.5,7.1,6.6,JavaScript,Government/Public Service,Government sector,Any city in India,Data Scientist
INDYCC04952,24,Female,North,Tier 1,Arts/Humanities,BBA,69.2,6.65,Passion/Interest,3.5,7.0,6.1,4.3,,Design & Media,Startup,Metro city,Digital Marketer
INDYCC04953,21,Female,West,Tier 1,Science,B.Pharm,72.3,7.04,Friends/Peers,9.4,7.1,8.1,4.2,SQL,Business & Finance,Private sector,Metro city,Software Engineer
INDYCC04954,18,Female,South,Tier 2,Science,B.Pharm,68.7,6.58,Social Media,6.7,5.9,6.2,5.9,Java,Government/Public Service,Private sector,Metro city,Software Engineer
INDYCC04955,20,Male,East,Tier 1,Science,B.Tech/B.E.,75.1,6.94,Parents,4.1,4.8,6.6,6.2,,Technology,Self-employed/Freelance,Remote/Hybrid,Data Scientist
INDYCC04956,22,Male,South,Tier 1,Science,B.Sc.,73.2,7.43,Friends/Peers,7.4,5.1,6.0,6.1,Python,Technology,Private sector,Remote/Hybrid,Software Engineer
INDYCC04957,21,Female,West,Tier 2,Commerce,BBA,57.4,6.0,Parents,2.2,7.5,8.8,5.4,SQL,Research/Education,Private sector,Remote/Hybrid,Product Manager
INDYCC04958,22,Female,West,Tier 1,Science,BCA,47.1,5.0,Parents,8.1,8.2,6.6,5.8,C++,Government/Public Service,Self-employed/Freelance,Metro city,Data Scientist
INDYCC04959,23,Male,South,Tier 2,Science,B.Pharm,75.1,7.48,Passion/Interest,7.7,6.7,2.6,5.9,Python,Design & Media,Private sector,Remote/Hybrid,Data Scientist
INDYCC04960,18,Female,South,Tier 3,Science,BCA,48.8,5.0,Friends/Peers,9.1,6.2,3.5,5.4,Python,Business & Finance,Government sector,Hometown,Data Scientist
INDYCC04961,24,Male,West,Tier 1,Science,B.Tech/B.E.,66.3,6.66,Parents,8.8,3.9,6.2,4.1,Java,Design & Media,Private sector,Metro city,Software Engineer
INDYCC04962,19,Non-binary/Prefer not to say,South,Tier 2,Commerce,BCA,72.2,7.16,Friends/Peers,5.9,6.3,7.8,6.4,SQL,Business & Finance,Higher studies,Hometown,Financial Analyst
INDYCC04963,24,Female,South,Tier 3,Arts/Humanities,B.Des,64.5,6.05,Passion/Interest,3.5,5.4,4.0,4.6,,Business & Finance,Private sector,Remote/Hybrid,UI/UX Designer
INDYCC04964,23,Male,West,Tier 3,Science,B.Tech/B.E.,90.2,8.99,Friends/Peers,4.4,8.1,8.9,5.2,Python,Government/Public Service,Higher studies,Hometown,Government Officer
INDYCC04965,20,Female,Central,Tier 2,Commerce,B.Com,76.4,7.1,Passion/Interest,2.0,9.9,7.0,6.3,,Design & Media,Private sector,Metro city,Digital Marketer
INDYCC04966,17,Male,South,Tier 2,Science,B.Sc.,67.5,6.42,Parents,9.3,5.5,6.7,5.4,C++,Design & Media,Higher studies,Hometown,Data Scientist
INDYCC04967,22,Female,South,Tier 2,Arts/Humanities,B.A.,64.6,6.5,Social Media,1.3,6.0,5.5,8.1,Python,Healthcare,Startup,Hometown,UI/UX Designer
INDYCC04968,21,Male,West,Tier 1,Arts/Humanities,LLB,82.2,7.92,Social Media,2.6,7.2,3.4,8.9,Python,Healthcare,Government sector,Any city in India,UI/UX Designer
INDYCC04969,24,Male,South,Tier 1,Arts/Humanities,LLB,84.0,8.28,Parents,3.5,5.5,5.5,6.2,SQL,Marketing,Government sector,Hometown,Digital Marketer
INDYCC04970,24,Male,East,Tier 2,Arts/Humanities,B.A.,84.4,8.3,Social Media,2.8,5.8,5.5,6.9,Python,Government/Public Service,Government sector,Any city in India,Government Officer
INDYCC04971,20,Male,West,Tier 1,Arts/Humanities,BBA,60.9,5.76,Parents,6.6,9.6,4.5,10.0,JavaScript,Government/Public Service,Private sector,Metro city,Government Officer
INDYCC04972,17,Female,North,Tier 3,Science,B.Tech/B.E.,52.5,5.0,Passion/Interest,6.9,6.1,6.5,5.1,"Python, SQL",Technology,Private sector,Metro city,Software Engineer
INDYCC04973,17,Female,West,Tier 2,Commerce,BCA,90.8,9.12,Social Media,4.4,5.9,5.5,6.2,SQL,Marketing,Government sector,Any city in India,Researcher/Academician
INDYCC04974,20,Male,North,Tier 1,Science,B.Sc.,65.8,7.01,Social Media,5.1,4.3,8.6,5.2,Java,Marketing,Private sector,Hometown,Software Engineer
INDYCC04975,22,Male,East,Tier 2,Science,B.Tech/B.E.,83.6,8.71,Passion/Interest,4.7,6.9,7.0,6.2,Python,Technology,Private sector,Any city in India,Data Scientist
INDYCC04976,21,Female,West,Tier 2,Science,B.Pharm,45.0,5.0,,7.1,6.5,5.6,6.4,,Technology,Higher studies,Metro city,Data Scientist
INDYCC04977,24,Male,North,Tier 3,Science,MBBS/Health Sciences,57.8,5.65,Passion/Interest,7.5,4.6,6.7,5.0,Java,Design & Media,Startup,Hometown,Software Engineer
INDYCC04978,23,Male,West,Tier 2,Commerce,BBA,75.4,7.41,Friends/Peers,6.4,5.5,6.3,2.8,JavaScript,Government/Public Service,Startup,Metro city,Government Officer
INDYCC04979,23,Female,South,Tier 2,Science,MBBS/Health Sciences,71.8,7.24,Passion/Interest,8.8,5.7,5.0,4.1,JavaScript,Marketing,Private sector,Any city in India,Software Engineer
INDYCC04980,19,Male,West,Tier 3,Science,B.Pharm,91.6,8.8,Passion/Interest,5.4,6.7,7.1,4.9,SQL,Technology,Private sector,Hometown,Data Scientist
INDYCC04981,17,Female,West,Tier 3,Science,B.Pharm,75.5,7.73,Parents,8.1,7.0,7.9,7.0,,Government/Public Service,Private sector,Any city in India,Data Scientist
INDYCC04982,19,Female,North,Tier 3,Arts/Humanities,LLB,82.8,7.6,Friends/Peers,4.0,6.0,5.9,7.6,Python,Healthcare,Self-employed/Freelance,Remote/Hybrid,UI/UX Designer
INDYCC04983,21,Female,South,Tier 3,Science,B.Tech/B.E.,91.1,8.98,Parents,9.1,7.2,6.8,7.8,Java,Research/Education,Private sector,Hometown,Researcher/Academician
INDYCC04984,18,Male,Northeast,Tier 2,Science,BCA,74.2,7.03,Parents,8.9,5.8,8.2,7.8,Java,Marketing,Private sector,Any city in India,Software Engineer
INDYCC04985,22,Male,West,Tier 1,Science,MBBS/Health Sciences,81.9,8.56,Parents,4.7,5.5,6.6,3.4,Python,Research/Education,Startup,Any city in India,Researcher/Academician
INDYCC04986,23,Female,South,Tier 2,Science,B.Sc.,91.8,9.66,Salary/Package,3.3,6.8,8.1,5.9,,Technology,Government sector,Metro city,Software Engineer
INDYCC04987,22,Male,South,Tier 2,Science,B.Pharm,58.5,5.69,Friends/Peers,4.5,7.9,7.6,3.3,SQL,Business & Finance,Higher studies,Remote/Hybrid,Digital Marketer
INDYCC04988,22,Male,South,Tier 1,Science,MBBS/Health Sciences,75.8,7.46,Passion/Interest,3.0,5.8,7.5,4.2,SQL,Technology,Startup,Metro city,Software Engineer
INDYCC04989,20,Female,Central,Tier 1,Arts/Humanities,B.Des,77.5,7.93,Passion/Interest,4.5,7.7,3.3,8.1,SQL,Design & Media,Self-employed/Freelance,Hometown,UI/UX Designer
INDYCC04990,18,Male,Northeast,Tier 1,Commerce,BCA,68.4,7.3,Passion/Interest,5.0,4.4,6.6,8.3,Python,Technology,Higher studies,Metro city,Software Engineer
INDYCC04991,21,Male,Northeast,Tier 3,Science,B.Tech/B.E.,65.6,6.29,Salary/Package,5.6,5.9,5.5,2.5,JavaScript,Business & Finance,Government sector,Hometown,Software Engineer
INDYCC04992,18,Male,East,Tier 3,Science,B.Pharm,73.7,7.37,Friends/Peers,7.2,4.6,6.3,4.4,,Technology,Government sector,Any city in India,Data Scientist
INDYCC04993,22,Male,East,Tier 1,Science,B.Pharm,98.0,9.8,Salary/Package,6.2,4.7,4.9,3.8,Python,Technology,Private sector,Metro city,Data Scientist
INDYCC04994,24,Male,Central,Tier 3,Science,BCA,75.9,7.61,Social Media,8.9,2.6,7.6,5.8,SQL,Design & Media,Startup,Any city in India,Data Scientist
INDYCC04995,19,Female,South,Tier 2,Science,BCA,82.2,8.07,Social Media,6.4,4.3,4.7,7.7,,Design & Media,Private sector,Any city in India,UI/UX Designer
INDYCC04996,23,Male,North,Tier 2,Science,B.Tech/B.E.,54.4,5.41,Friends/Peers,7.2,6.4,4.7,4.5,Python,Design & Media,Private sector,Any city in India,Software Engineer
INDYCC04997,17,Male,South,Tier 3,Commerce,BBA,85.3,8.69,Passion/Interest,5.8,4.0,5.5,7.6,Java,Business & Finance,Government sector,Any city in India,Financial Analyst
INDYCC04998,22,Male,North,Tier 2,Arts/Humanities,BJMC/Media,89.5,9.06,Salary/Package,6.2,6.1,5.2,9.1,SQL,Healthcare,Government sector,Remote/Hybrid,Healthcare Professional
INDYCC04999,23,Female,West,Tier 1,Commerce,BBA,74.9,7.11,Social Media,4.6,8.5,8.6,6.3,SQL,Technology,Private sector,Metro city,Product Manager
INDYCC05000,21,Male,West,Tier 2,Science,B.Sc.,72.9,7.34,Passion/Interest,6.1,3.9,6.7,8.7,C++,Technology,Private sector,Remote/Hybrid,Software Engineer
